[
{
    "pk": 1, 
    "model": "contenttypes.contenttype", 
    "fields": {
        "model": "permission", 
        "name": "permission", 
        "app_label": "auth"
    }
},
{
    "pk": 2, 
    "model": "contenttypes.contenttype", 
    "fields": {
        "model": "group", 
        "name": "group", 
        "app_label": "auth"
    }
},
{
    "pk": 3, 
    "model": "contenttypes.contenttype", 
    "fields": {
        "model": "user", 
        "name": "user", 
        "app_label": "auth"
    }
},
{
    "pk": 4, 
    "model": "contenttypes.contenttype", 
    "fields": {
        "model": "contenttype", 
        "name": "content type", 
        "app_label": "contenttypes"
    }
},
{
    "pk": 5, 
    "model": "contenttypes.contenttype", 
    "fields": {
        "model": "session", 
        "name": "session", 
        "app_label": "sessions"
    }
},
{
    "pk": 6, 
    "model": "contenttypes.contenttype", 
    "fields": {
        "model": "site", 
        "name": "site", 
        "app_label": "sites"
    }
},
{
    "pk": 7, 
    "model": "contenttypes.contenttype", 
    "fields": {
        "model": "logentry", 
        "name": "log entry", 
        "app_label": "admin"
    }
},
{
    "pk": 8, 
    "model": "contenttypes.contenttype", 
    "fields": {
        "model": "person", 
        "name": "person", 
        "app_label": "budget_app"
    }
},
{
    "pk": 9, 
    "model": "contenttypes.contenttype", 
    "fields": {
        "model": "fiscalyear", 
        "name": "fiscal year", 
        "app_label": "budget_app"
    }
},
{
    "pk": 10, 
    "model": "contenttypes.contenttype", 
    "fields": {
        "model": "subaccount", 
        "name": "sub account", 
        "app_label": "budget_app"
    }
},
{
    "pk": 11, 
    "model": "contenttypes.contenttype", 
    "fields": {
        "model": "budgetline", 
        "name": "budget line", 
        "app_label": "budget_app"
    }
},
{
    "pk": 12, 
    "model": "contenttypes.contenttype", 
    "fields": {
        "model": "departmentmember", 
        "name": "department member", 
        "app_label": "budget_app"
    }
},
{
    "pk": 13, 
    "model": "contenttypes.contenttype", 
    "fields": {
        "model": "creditcard", 
        "name": "credit card", 
        "app_label": "budget_app"
    }
},
{
    "pk": 14, 
    "model": "contenttypes.contenttype", 
    "fields": {
        "model": "expense", 
        "name": "expense", 
        "app_label": "budget_app"
    }
},
{
    "pk": 15, 
    "model": "contenttypes.contenttype", 
    "fields": {
        "model": "expensebudgetline", 
        "name": "expense budget line", 
        "app_label": "budget_app"
    }
},
{
    "pk": 16, 
    "model": "contenttypes.contenttype", 
    "fields": {
        "model": "userpreferences", 
        "name": "user preferences", 
        "app_label": "budget_app"
    }
},
{
    "pk": 17, 
    "model": "contenttypes.contenttype", 
    "fields": {
        "model": "note", 
        "name": "note", 
        "app_label": "budget_app"
    }
},
{
    "pk": "0n28l9kd1xdjpf39x786n56p596np57b", 
    "model": "sessions.session", 
    "fields": {
        "expire_date": "2014-10-08T02:48:33.834Z", 
        "session_data": "ZDBjMWNiNGM1MTQwZDMwYTUwODM1OTQ1OTJkZDNmODEwMjQ3NzdlODqAAn1xAVgKAAAAdGVzdGNvb2tpZXECWAYAAAB3b3JrZWRxA3Mu"
    }
},
{
    "pk": "2al8pyy9hokz0mssbqro7gpt33cy45sx", 
    "model": "sessions.session", 
    "fields": {
        "expire_date": "2014-10-19T21:34:30.822Z", 
        "session_data": "Njg1ODNhNWQ3MGJkZjdlZWJiNjNlZjY2NzFlYzE1YTQ0OTZkZjM0NTqAAn1xAS4="
    }
},
{
    "pk": "ansalja73symy2nd2ce2n3vz2idila16", 
    "model": "sessions.session", 
    "fields": {
        "expire_date": "2014-10-19T21:41:16.281Z", 
        "session_data": "Njg1ODNhNWQ3MGJkZjdlZWJiNjNlZjY2NzFlYzE1YTQ0OTZkZjM0NTqAAn1xAS4="
    }
},
{
    "pk": "dirbrba42vhxxn74zoxndyknsrczoufi", 
    "model": "sessions.session", 
    "fields": {
        "expire_date": "2014-09-29T03:57:05.163Z", 
        "session_data": "ZDBjMWNiNGM1MTQwZDMwYTUwODM1OTQ1OTJkZDNmODEwMjQ3NzdlODqAAn1xAVgKAAAAdGVzdGNvb2tpZXECWAYAAAB3b3JrZWRxA3Mu"
    }
},
{
    "pk": "e0s8hok8gcm20wo0vf3kh98ylpg6mlcc", 
    "model": "sessions.session", 
    "fields": {
        "expire_date": "2014-09-30T00:32:27.219Z", 
        "session_data": "ZDBjMWNiNGM1MTQwZDMwYTUwODM1OTQ1OTJkZDNmODEwMjQ3NzdlODqAAn1xAVgKAAAAdGVzdGNvb2tpZXECWAYAAAB3b3JrZWRxA3Mu"
    }
},
{
    "pk": "e4roq4cekc3b7zihi4ys76yfb1jxoai6", 
    "model": "sessions.session", 
    "fields": {
        "expire_date": "2014-09-26T11:18:00.606Z", 
        "session_data": "ZDBjMWNiNGM1MTQwZDMwYTUwODM1OTQ1OTJkZDNmODEwMjQ3NzdlODqAAn1xAVgKAAAAdGVzdGNvb2tpZXECWAYAAAB3b3JrZWRxA3Mu"
    }
},
{
    "pk": "giun0ptkrcx48qtkgesf91y4a5nrdg8m", 
    "model": "sessions.session", 
    "fields": {
        "expire_date": "2014-10-13T00:13:40.768Z", 
        "session_data": "ZDBjMWNiNGM1MTQwZDMwYTUwODM1OTQ1OTJkZDNmODEwMjQ3NzdlODqAAn1xAVgKAAAAdGVzdGNvb2tpZXECWAYAAAB3b3JrZWRxA3Mu"
    }
},
{
    "pk": "o55hzvtolxt3rdoua3fhqvv4dddju84c", 
    "model": "sessions.session", 
    "fields": {
        "expire_date": "2014-10-12T00:29:11.285Z", 
        "session_data": "ZDBjMWNiNGM1MTQwZDMwYTUwODM1OTQ1OTJkZDNmODEwMjQ3NzdlODqAAn1xAVgKAAAAdGVzdGNvb2tpZXECWAYAAAB3b3JrZWRxA3Mu"
    }
},
{
    "pk": "vmbo8m3hjotneidpcjo34e6a8gcikaiy", 
    "model": "sessions.session", 
    "fields": {
        "expire_date": "2014-11-18T01:16:46.568Z", 
        "session_data": "ZjI5NDNjZWM5MTA4OWYxNGU4YWZkNmQ3NjYyMTUwYmNlZTA4NzhkMDqAAn1xAShVEl9hdXRoX3VzZXJfYmFja2VuZHECVSlkamFuZ28uY29udHJpYi5hdXRoLmJhY2tlbmRzLk1vZGVsQmFja2VuZHEDVQ1fYXV0aF91c2VyX2lkcQRLAnUu"
    }
},
{
    "pk": "xyu0bber3z029ihnzj71liuimon6b9y5", 
    "model": "sessions.session", 
    "fields": {
        "expire_date": "2014-10-22T20:25:09.601Z", 
        "session_data": "ZDBjMWNiNGM1MTQwZDMwYTUwODM1OTQ1OTJkZDNmODEwMjQ3NzdlODqAAn1xAVgKAAAAdGVzdGNvb2tpZXECWAYAAAB3b3JrZWRxA3Mu"
    }
},
{
    "pk": "z53otvlw902gvudbjkz2i3wbg3csqami", 
    "model": "sessions.session", 
    "fields": {
        "expire_date": "2014-09-26T11:11:26.921Z", 
        "session_data": "Njg1ODNhNWQ3MGJkZjdlZWJiNjNlZjY2NzFlYzE1YTQ0OTZkZjM0NTqAAn1xAS4="
    }
},
{
    "pk": 1, 
    "model": "sites.site", 
    "fields": {
        "domain": "example.com", 
        "name": "example.com"
    }
},
{
    "pk": 1, 
    "model": "budget_app.person", 
    "fields": {
        "first_name": "Ken", 
        "last_name": "Kiers", 
        "work_phone": "", 
        "photo": "", 
        "created_at": "2014-09-12T11:13:10.293Z", 
        "updated_at": "2014-09-12T11:13:10.293Z", 
        "home_phone": "", 
        "cell_phone": "", 
        "nickname": ""
    }
},
{
    "pk": 2, 
    "model": "budget_app.person", 
    "fields": {
        "first_name": "Joel", 
        "last_name": "Gegner", 
        "work_phone": "", 
        "photo": "", 
        "created_at": "2014-09-12T11:13:18.062Z", 
        "updated_at": "2014-09-12T11:13:18.062Z", 
        "home_phone": "", 
        "cell_phone": "", 
        "nickname": ""
    }
},
{
    "pk": 3, 
    "model": "budget_app.person", 
    "fields": {
        "first_name": "Bill", 
        "last_name": "Bauson", 
        "work_phone": "", 
        "photo": "", 
        "created_at": "2014-09-12T11:13:27.636Z", 
        "updated_at": "2014-09-12T11:13:27.636Z", 
        "home_phone": "", 
        "cell_phone": "", 
        "nickname": ""
    }
},
{
    "pk": 1, 
    "model": "budget_app.fiscalyear", 
    "fields": {
        "end_on": "2015-05-31", 
        "begin_on": "2014-06-01"
    }
},
{
    "pk": 1, 
    "model": "budget_app.subaccount", 
    "fields": {
        "abbrev": "Mach Shop", 
        "amount_available": "1000", 
        "name": "Machine Shop", 
        "fiscal_year": 1
    }
},
{
    "pk": 2, 
    "model": "budget_app.subaccount", 
    "fields": {
        "abbrev": "PHY311", 
        "amount_available": "350", 
        "name": "Modern Physics", 
        "fiscal_year": 1
    }
},
{
    "pk": 3, 
    "model": "budget_app.subaccount", 
    "fields": {
        "abbrev": "ENP231", 
        "amount_available": "500", 
        "name": "Introduction to Electronics", 
        "fiscal_year": 1
    }
},
{
    "pk": 4, 
    "model": "budget_app.subaccount", 
    "fields": {
        "abbrev": "ENP394", 
        "amount_available": "350", 
        "name": "Advanced Engineering Project", 
        "fiscal_year": 1
    }
},
{
    "pk": 5, 
    "model": "budget_app.subaccount", 
    "fields": {
        "abbrev": "ENP104", 
        "amount_available": "350", 
        "name": "Introduction to Engineering", 
        "fiscal_year": 1
    }
},
{
    "pk": 6, 
    "model": "budget_app.subaccount", 
    "fields": {
        "abbrev": "ENP252", 
        "amount_available": "700", 
        "name": "Principles of Engineering", 
        "fiscal_year": 1
    }
},
{
    "pk": 7, 
    "model": "budget_app.subaccount", 
    "fields": {
        "abbrev": "ENP301", 
        "amount_available": "350", 
        "name": "Statics", 
        "fiscal_year": 1
    }
},
{
    "pk": 8, 
    "model": "budget_app.subaccount", 
    "fields": {
        "abbrev": "ENP302", 
        "amount_available": "210", 
        "name": "Strength of Materials and Machine Design", 
        "fiscal_year": 1
    }
},
{
    "pk": 9, 
    "model": "budget_app.subaccount", 
    "fields": {
        "abbrev": "ENP321", 
        "amount_available": "150", 
        "name": "Applied Electromagnetics", 
        "fiscal_year": 1
    }
},
{
    "pk": 10, 
    "model": "budget_app.subaccount", 
    "fields": {
        "abbrev": "ENP341", 
        "amount_available": "350", 
        "name": "Microcomputer Interfacing", 
        "fiscal_year": 1
    }
},
{
    "pk": 11, 
    "model": "budget_app.subaccount", 
    "fields": {
        "abbrev": "Ind Ox", 
        "amount_available": "350", 
        "name": "Indiana Oxygen", 
        "fiscal_year": 1
    }
},
{
    "pk": 12, 
    "model": "budget_app.subaccount", 
    "fields": {
        "abbrev": "ENP492-4", 
        "amount_available": "1400", 
        "name": "Engineering Capstone", 
        "fiscal_year": 1
    }
},
{
    "pk": 1, 
    "model": "budget_app.budgetline", 
    "fields": {
        "has_subaccounts": false, 
        "code": "132010", 
        "amount_available": "11524", 
        "name": "Student Wages", 
        "fiscal_year": 1
    }
},
{
    "pk": 2, 
    "model": "budget_app.budgetline", 
    "fields": {
        "has_subaccounts": true, 
        "code": "132020", 
        "amount_available": "8662", 
        "name": "Instructional Material", 
        "fiscal_year": 1
    }
},
{
    "pk": 3, 
    "model": "budget_app.budgetline", 
    "fields": {
        "has_subaccounts": true, 
        "code": "132036", 
        "amount_available": "12000", 
        "name": "Equipment", 
        "fiscal_year": 1
    }
},
{
    "pk": 4, 
    "model": "budget_app.budgetline", 
    "fields": {
        "has_subaccounts": false, 
        "code": "132021", 
        "amount_available": "1000", 
        "name": "Field Trips", 
        "fiscal_year": 1
    }
},
{
    "pk": 5, 
    "model": "budget_app.budgetline", 
    "fields": {
        "has_subaccounts": false, 
        "code": "132082", 
        "amount_available": "0", 
        "name": "Practicums", 
        "fiscal_year": 1
    }
},
{
    "pk": 6, 
    "model": "budget_app.budgetline", 
    "fields": {
        "has_subaccounts": false, 
        "code": "132022", 
        "amount_available": "2500", 
        "name": "Office Supplies", 
        "fiscal_year": 1
    }
},
{
    "pk": 7, 
    "model": "budget_app.budgetline", 
    "fields": {
        "has_subaccounts": false, 
        "code": "132023", 
        "amount_available": "250", 
        "name": "Long Distance", 
        "fiscal_year": 1
    }
},
{
    "pk": 8, 
    "model": "budget_app.budgetline", 
    "fields": {
        "has_subaccounts": false, 
        "code": "132024", 
        "amount_available": "1500", 
        "name": "Copying", 
        "fiscal_year": 1
    }
},
{
    "pk": 9, 
    "model": "budget_app.budgetline", 
    "fields": {
        "has_subaccounts": false, 
        "code": "132025", 
        "amount_available": "830", 
        "name": "Printing", 
        "fiscal_year": 1
    }
},
{
    "pk": 10, 
    "model": "budget_app.budgetline", 
    "fields": {
        "has_subaccounts": false, 
        "code": "132026", 
        "amount_available": "330", 
        "name": "Postage", 
        "fiscal_year": 1
    }
},
{
    "pk": 11, 
    "model": "budget_app.budgetline", 
    "fields": {
        "has_subaccounts": false, 
        "code": "132027", 
        "amount_available": "400", 
        "name": "Travel", 
        "fiscal_year": 1
    }
},
{
    "pk": 12, 
    "model": "budget_app.budgetline", 
    "fields": {
        "has_subaccounts": false, 
        "code": "132030", 
        "amount_available": "100", 
        "name": "Entertainment", 
        "fiscal_year": 1
    }
},
{
    "pk": 13, 
    "model": "budget_app.budgetline", 
    "fields": {
        "has_subaccounts": false, 
        "code": "132064", 
        "amount_available": "0", 
        "name": "Parts Replacement", 
        "fiscal_year": 1
    }
},
{
    "pk": 14, 
    "model": "budget_app.budgetline", 
    "fields": {
        "has_subaccounts": false, 
        "code": "132063", 
        "amount_available": "9700", 
        "name": "Computer Software", 
        "fiscal_year": 1
    }
},
{
    "pk": 15, 
    "model": "budget_app.budgetline", 
    "fields": {
        "has_subaccounts": false, 
        "code": "132061", 
        "amount_available": "0", 
        "name": "Equipment/Special Purchase", 
        "fiscal_year": 1
    }
},
{
    "pk": 16, 
    "model": "budget_app.budgetline", 
    "fields": {
        "has_subaccounts": false, 
        "code": "132062", 
        "amount_available": "6000", 
        "name": "Maintenance Contracts", 
        "fiscal_year": 1
    }
},
{
    "pk": 1, 
    "model": "budget_app.departmentmember", 
    "fields": {
        "position": "Full"
    }
},
{
    "pk": 2, 
    "model": "budget_app.departmentmember", 
    "fields": {
        "position": "Asst"
    }
},
{
    "pk": 3, 
    "model": "budget_app.departmentmember", 
    "fields": {
        "position": "Staff"
    }
},
{
    "pk": 1, 
    "model": "budget_app.creditcard", 
    "fields": {
        "person": 3
    }
},
{
    "pk": 2, 
    "model": "budget_app.creditcard", 
    "fields": {
        "person": 2
    }
},
{
    "pk": 3, 
    "model": "budget_app.creditcard", 
    "fields": {
        "person": 1
    }
},
{
    "pk": 1, 
    "model": "budget_app.expense", 
    "fields": {
        "encumbered": false, 
        "description": "asdfasdfasdfasdf", 
        "charged_by": null, 
        "credit_card": null, 
        "future_expense": false, 
        "extra_note": "This is a note -- pretty neat, eh?", 
        "date": "2014-06-01", 
        "checked": false
    }
},
{
    "pk": 2, 
    "model": "budget_app.expense", 
    "fields": {
        "encumbered": false, 
        "description": "asdfasdfasdfasdf", 
        "charged_by": null, 
        "credit_card": null, 
        "future_expense": false, 
        "extra_note": "This is a very long note.  It just goes on and on and on and on and on...really it's pretty long...wow!\r\n\r\nasfasdfasdf", 
        "date": "2014-11-20", 
        "checked": false
    }
},
{
    "pk": 1, 
    "model": "budget_app.expensebudgetline", 
    "fields": {
        "budget_line": 4, 
        "amount": "10", 
        "expense": 1, 
        "debit_or_credit": -1, 
        "subaccount": null
    }
},
{
    "pk": 2, 
    "model": "budget_app.expensebudgetline", 
    "fields": {
        "budget_line": 7, 
        "amount": "1000", 
        "expense": 2, 
        "debit_or_credit": -1, 
        "subaccount": null
    }
},
{
    "pk": 3, 
    "model": "budget_app.expensebudgetline", 
    "fields": {
        "budget_line": 8, 
        "amount": "234", 
        "expense": 2, 
        "debit_or_credit": 1, 
        "subaccount": null
    }
},
{
    "pk": 4, 
    "model": "budget_app.expensebudgetline", 
    "fields": {
        "budget_line": 2, 
        "amount": "634.34", 
        "expense": 2, 
        "debit_or_credit": -1, 
        "subaccount": 8
    }
},
{
    "pk": 1, 
    "model": "budget_app.note", 
    "fields": {
        "note": "asdfasdfasdfasdfasdfasdf", 
        "created_at": "2014-10-05T21:59:52.360Z", 
        "updated_at": "2014-10-05T21:59:57.024Z", 
        "year": 1
    }
},
{
    "pk": 1, 
    "model": "auth.permission", 
    "fields": {
        "codename": "add_permission", 
        "name": "Can add permission", 
        "content_type": 1
    }
},
{
    "pk": 2, 
    "model": "auth.permission", 
    "fields": {
        "codename": "change_permission", 
        "name": "Can change permission", 
        "content_type": 1
    }
},
{
    "pk": 3, 
    "model": "auth.permission", 
    "fields": {
        "codename": "delete_permission", 
        "name": "Can delete permission", 
        "content_type": 1
    }
},
{
    "pk": 4, 
    "model": "auth.permission", 
    "fields": {
        "codename": "add_group", 
        "name": "Can add group", 
        "content_type": 2
    }
},
{
    "pk": 5, 
    "model": "auth.permission", 
    "fields": {
        "codename": "change_group", 
        "name": "Can change group", 
        "content_type": 2
    }
},
{
    "pk": 6, 
    "model": "auth.permission", 
    "fields": {
        "codename": "delete_group", 
        "name": "Can delete group", 
        "content_type": 2
    }
},
{
    "pk": 7, 
    "model": "auth.permission", 
    "fields": {
        "codename": "add_user", 
        "name": "Can add user", 
        "content_type": 3
    }
},
{
    "pk": 8, 
    "model": "auth.permission", 
    "fields": {
        "codename": "change_user", 
        "name": "Can change user", 
        "content_type": 3
    }
},
{
    "pk": 9, 
    "model": "auth.permission", 
    "fields": {
        "codename": "delete_user", 
        "name": "Can delete user", 
        "content_type": 3
    }
},
{
    "pk": 10, 
    "model": "auth.permission", 
    "fields": {
        "codename": "add_contenttype", 
        "name": "Can add content type", 
        "content_type": 4
    }
},
{
    "pk": 11, 
    "model": "auth.permission", 
    "fields": {
        "codename": "change_contenttype", 
        "name": "Can change content type", 
        "content_type": 4
    }
},
{
    "pk": 12, 
    "model": "auth.permission", 
    "fields": {
        "codename": "delete_contenttype", 
        "name": "Can delete content type", 
        "content_type": 4
    }
},
{
    "pk": 13, 
    "model": "auth.permission", 
    "fields": {
        "codename": "add_session", 
        "name": "Can add session", 
        "content_type": 5
    }
},
{
    "pk": 14, 
    "model": "auth.permission", 
    "fields": {
        "codename": "change_session", 
        "name": "Can change session", 
        "content_type": 5
    }
},
{
    "pk": 15, 
    "model": "auth.permission", 
    "fields": {
        "codename": "delete_session", 
        "name": "Can delete session", 
        "content_type": 5
    }
},
{
    "pk": 16, 
    "model": "auth.permission", 
    "fields": {
        "codename": "add_site", 
        "name": "Can add site", 
        "content_type": 6
    }
},
{
    "pk": 17, 
    "model": "auth.permission", 
    "fields": {
        "codename": "change_site", 
        "name": "Can change site", 
        "content_type": 6
    }
},
{
    "pk": 18, 
    "model": "auth.permission", 
    "fields": {
        "codename": "delete_site", 
        "name": "Can delete site", 
        "content_type": 6
    }
},
{
    "pk": 19, 
    "model": "auth.permission", 
    "fields": {
        "codename": "add_logentry", 
        "name": "Can add log entry", 
        "content_type": 7
    }
},
{
    "pk": 20, 
    "model": "auth.permission", 
    "fields": {
        "codename": "change_logentry", 
        "name": "Can change log entry", 
        "content_type": 7
    }
},
{
    "pk": 21, 
    "model": "auth.permission", 
    "fields": {
        "codename": "delete_logentry", 
        "name": "Can delete log entry", 
        "content_type": 7
    }
},
{
    "pk": 22, 
    "model": "auth.permission", 
    "fields": {
        "codename": "add_person", 
        "name": "Can add person", 
        "content_type": 8
    }
},
{
    "pk": 23, 
    "model": "auth.permission", 
    "fields": {
        "codename": "change_person", 
        "name": "Can change person", 
        "content_type": 8
    }
},
{
    "pk": 24, 
    "model": "auth.permission", 
    "fields": {
        "codename": "delete_person", 
        "name": "Can delete person", 
        "content_type": 8
    }
},
{
    "pk": 25, 
    "model": "auth.permission", 
    "fields": {
        "codename": "add_fiscalyear", 
        "name": "Can add fiscal year", 
        "content_type": 9
    }
},
{
    "pk": 26, 
    "model": "auth.permission", 
    "fields": {
        "codename": "change_fiscalyear", 
        "name": "Can change fiscal year", 
        "content_type": 9
    }
},
{
    "pk": 27, 
    "model": "auth.permission", 
    "fields": {
        "codename": "delete_fiscalyear", 
        "name": "Can delete fiscal year", 
        "content_type": 9
    }
},
{
    "pk": 28, 
    "model": "auth.permission", 
    "fields": {
        "codename": "add_subaccount", 
        "name": "Can add sub account", 
        "content_type": 10
    }
},
{
    "pk": 29, 
    "model": "auth.permission", 
    "fields": {
        "codename": "change_subaccount", 
        "name": "Can change sub account", 
        "content_type": 10
    }
},
{
    "pk": 30, 
    "model": "auth.permission", 
    "fields": {
        "codename": "delete_subaccount", 
        "name": "Can delete sub account", 
        "content_type": 10
    }
},
{
    "pk": 31, 
    "model": "auth.permission", 
    "fields": {
        "codename": "add_budgetline", 
        "name": "Can add budget line", 
        "content_type": 11
    }
},
{
    "pk": 32, 
    "model": "auth.permission", 
    "fields": {
        "codename": "change_budgetline", 
        "name": "Can change budget line", 
        "content_type": 11
    }
},
{
    "pk": 33, 
    "model": "auth.permission", 
    "fields": {
        "codename": "delete_budgetline", 
        "name": "Can delete budget line", 
        "content_type": 11
    }
},
{
    "pk": 34, 
    "model": "auth.permission", 
    "fields": {
        "codename": "add_departmentmember", 
        "name": "Can add department member", 
        "content_type": 12
    }
},
{
    "pk": 35, 
    "model": "auth.permission", 
    "fields": {
        "codename": "change_departmentmember", 
        "name": "Can change department member", 
        "content_type": 12
    }
},
{
    "pk": 36, 
    "model": "auth.permission", 
    "fields": {
        "codename": "delete_departmentmember", 
        "name": "Can delete department member", 
        "content_type": 12
    }
},
{
    "pk": 37, 
    "model": "auth.permission", 
    "fields": {
        "codename": "add_creditcard", 
        "name": "Can add credit card", 
        "content_type": 13
    }
},
{
    "pk": 38, 
    "model": "auth.permission", 
    "fields": {
        "codename": "change_creditcard", 
        "name": "Can change credit card", 
        "content_type": 13
    }
},
{
    "pk": 39, 
    "model": "auth.permission", 
    "fields": {
        "codename": "delete_creditcard", 
        "name": "Can delete credit card", 
        "content_type": 13
    }
},
{
    "pk": 40, 
    "model": "auth.permission", 
    "fields": {
        "codename": "add_expense", 
        "name": "Can add expense", 
        "content_type": 14
    }
},
{
    "pk": 41, 
    "model": "auth.permission", 
    "fields": {
        "codename": "change_expense", 
        "name": "Can change expense", 
        "content_type": 14
    }
},
{
    "pk": 42, 
    "model": "auth.permission", 
    "fields": {
        "codename": "delete_expense", 
        "name": "Can delete expense", 
        "content_type": 14
    }
},
{
    "pk": 43, 
    "model": "auth.permission", 
    "fields": {
        "codename": "add_expensebudgetline", 
        "name": "Can add expense budget line", 
        "content_type": 15
    }
},
{
    "pk": 44, 
    "model": "auth.permission", 
    "fields": {
        "codename": "change_expensebudgetline", 
        "name": "Can change expense budget line", 
        "content_type": 15
    }
},
{
    "pk": 45, 
    "model": "auth.permission", 
    "fields": {
        "codename": "delete_expensebudgetline", 
        "name": "Can delete expense budget line", 
        "content_type": 15
    }
},
{
    "pk": 46, 
    "model": "auth.permission", 
    "fields": {
        "codename": "add_userpreferences", 
        "name": "Can add user preferences", 
        "content_type": 16
    }
},
{
    "pk": 47, 
    "model": "auth.permission", 
    "fields": {
        "codename": "change_userpreferences", 
        "name": "Can change user preferences", 
        "content_type": 16
    }
},
{
    "pk": 48, 
    "model": "auth.permission", 
    "fields": {
        "codename": "delete_userpreferences", 
        "name": "Can delete user preferences", 
        "content_type": 16
    }
},
{
    "pk": 49, 
    "model": "auth.permission", 
    "fields": {
        "codename": "add_note", 
        "name": "Can add note", 
        "content_type": 17
    }
},
{
    "pk": 50, 
    "model": "auth.permission", 
    "fields": {
        "codename": "change_note", 
        "name": "Can change note", 
        "content_type": 17
    }
},
{
    "pk": 51, 
    "model": "auth.permission", 
    "fields": {
        "codename": "delete_note", 
        "name": "Can delete note", 
        "content_type": 17
    }
},
{
    "pk": 1, 
    "model": "auth.user", 
    "fields": {
        "username": "admin", 
        "first_name": "", 
        "last_name": "", 
        "is_active": true, 
        "is_superuser": true, 
        "is_staff": true, 
        "last_login": "2014-10-28T22:06:35.255Z", 
        "groups": [], 
        "user_permissions": [], 
        "password": "pbkdf2_sha256$10000$t5PJEXsApsMJ$7Va2ST6+LV6IgnmUxzgdFJm5s4zO5lQJVlYP3kB3bQU=", 
        "email": "admin@taylor.edu", 
        "date_joined": "2014-09-12T11:11:12.408Z"
    }
},
{
    "pk": 2, 
    "model": "auth.user", 
    "fields": {
        "username": "physics_chair", 
        "first_name": "", 
        "last_name": "", 
        "is_active": true, 
        "is_superuser": true, 
        "is_staff": false, 
        "last_login": "2014-11-04T01:16:46.563Z", 
        "groups": [], 
        "user_permissions": [], 
        "password": "pbkdf2_sha256$10000$Yk99OjNaxGfo$l0L9PdqXurPWibrTo+Z3oLtpvF83Jg1k+YUuauQ+8Lk=", 
        "email": "", 
        "date_joined": "2014-09-12T11:16:18Z"
    }
},
{
    "pk": 1, 
    "model": "admin.logentry", 
    "fields": {
        "action_flag": 1, 
        "action_time": "2014-09-12T11:12:53.984Z", 
        "object_repr": "2014-2015", 
        "object_id": "1", 
        "change_message": "", 
        "user": 1, 
        "content_type": 9
    }
},
{
    "pk": 2, 
    "model": "admin.logentry", 
    "fields": {
        "action_flag": 1, 
        "action_time": "2014-09-12T11:13:10.297Z", 
        "object_repr": "Ken Kiers", 
        "object_id": "1", 
        "change_message": "", 
        "user": 1, 
        "content_type": 12
    }
},
{
    "pk": 3, 
    "model": "admin.logentry", 
    "fields": {
        "action_flag": 1, 
        "action_time": "2014-09-12T11:13:18.064Z", 
        "object_repr": "Joel Gegner", 
        "object_id": "2", 
        "change_message": "", 
        "user": 1, 
        "content_type": 12
    }
},
{
    "pk": 4, 
    "model": "admin.logentry", 
    "fields": {
        "action_flag": 1, 
        "action_time": "2014-09-12T11:13:27.638Z", 
        "object_repr": "Bill Bauson", 
        "object_id": "3", 
        "change_message": "", 
        "user": 1, 
        "content_type": 12
    }
},
{
    "pk": 5, 
    "model": "admin.logentry", 
    "fields": {
        "action_flag": 1, 
        "action_time": "2014-09-12T11:13:37.764Z", 
        "object_repr": "Bauson, Bill", 
        "object_id": "1", 
        "change_message": "", 
        "user": 1, 
        "content_type": 13
    }
},
{
    "pk": 6, 
    "model": "admin.logentry", 
    "fields": {
        "action_flag": 1, 
        "action_time": "2014-09-12T11:13:43.642Z", 
        "object_repr": "Gegner, Joel", 
        "object_id": "2", 
        "change_message": "", 
        "user": 1, 
        "content_type": 13
    }
},
{
    "pk": 7, 
    "model": "admin.logentry", 
    "fields": {
        "action_flag": 1, 
        "action_time": "2014-09-12T11:13:49.044Z", 
        "object_repr": "Kiers, Ken", 
        "object_id": "3", 
        "change_message": "", 
        "user": 1, 
        "content_type": 13
    }
},
{
    "pk": 8, 
    "model": "admin.logentry", 
    "fields": {
        "action_flag": 1, 
        "action_time": "2014-09-12T11:14:21.504Z", 
        "object_repr": "132010 (Student Wages)", 
        "object_id": "1", 
        "change_message": "", 
        "user": 1, 
        "content_type": 11
    }
},
{
    "pk": 9, 
    "model": "admin.logentry", 
    "fields": {
        "action_flag": 1, 
        "action_time": "2014-09-12T11:14:45.764Z", 
        "object_repr": "132020 (Instructional Material)", 
        "object_id": "2", 
        "change_message": "", 
        "user": 1, 
        "content_type": 11
    }
},
{
    "pk": 10, 
    "model": "admin.logentry", 
    "fields": {
        "action_flag": 1, 
        "action_time": "2014-09-12T11:15:04.576Z", 
        "object_repr": "132036 (Equipment)", 
        "object_id": "3", 
        "change_message": "", 
        "user": 1, 
        "content_type": 11
    }
},
{
    "pk": 11, 
    "model": "admin.logentry", 
    "fields": {
        "action_flag": 1, 
        "action_time": "2014-09-12T11:15:24.775Z", 
        "object_repr": "Mach Shop", 
        "object_id": "1", 
        "change_message": "", 
        "user": 1, 
        "content_type": 10
    }
},
{
    "pk": 12, 
    "model": "admin.logentry", 
    "fields": {
        "action_flag": 1, 
        "action_time": "2014-09-12T11:15:39.487Z", 
        "object_repr": "PHY311", 
        "object_id": "2", 
        "change_message": "", 
        "user": 1, 
        "content_type": 10
    }
},
{
    "pk": 13, 
    "model": "admin.logentry", 
    "fields": {
        "action_flag": 1, 
        "action_time": "2014-09-12T11:15:56.630Z", 
        "object_repr": "ENP231", 
        "object_id": "3", 
        "change_message": "", 
        "user": 1, 
        "content_type": 10
    }
},
{
    "pk": 14, 
    "model": "admin.logentry", 
    "fields": {
        "action_flag": 1, 
        "action_time": "2014-09-12T11:16:18.938Z", 
        "object_repr": "physics_chair", 
        "object_id": "2", 
        "change_message": "", 
        "user": 1, 
        "content_type": 3
    }
},
{
    "pk": 15, 
    "model": "admin.logentry", 
    "fields": {
        "action_flag": 2, 
        "action_time": "2014-09-12T11:16:24.390Z", 
        "object_repr": "physics_chair", 
        "object_id": "2", 
        "change_message": "Changed password and is_superuser.", 
        "user": 1, 
        "content_type": 3
    }
},
{
    "pk": 16, 
    "model": "admin.logentry", 
    "fields": {
        "action_flag": 1, 
        "action_time": "2014-09-12T11:16:40.670Z", 
        "object_repr": "", 
        "object_id": "1", 
        "change_message": "", 
        "user": 1, 
        "content_type": 16
    }
},
{
    "pk": 17, 
    "model": "admin.logentry", 
    "fields": {
        "action_flag": 3, 
        "action_time": "2014-09-20T14:16:24.596Z", 
        "object_repr": "132020 (Instructional Material): javascript works now!", 
        "object_id": "12", 
        "change_message": "", 
        "user": 1, 
        "content_type": 15
    }
},
{
    "pk": 18, 
    "model": "admin.logentry", 
    "fields": {
        "action_flag": 3, 
        "action_time": "2014-09-20T14:16:24.598Z", 
        "object_repr": "132010 (Student Wages): javascript works now!", 
        "object_id": "11", 
        "change_message": "", 
        "user": 1, 
        "content_type": 15
    }
},
{
    "pk": 19, 
    "model": "admin.logentry", 
    "fields": {
        "action_flag": 3, 
        "action_time": "2014-09-20T14:16:24.643Z", 
        "object_repr": "132010 (Student Wages): new thing a ma jig", 
        "object_id": "6", 
        "change_message": "", 
        "user": 1, 
        "content_type": 15
    }
},
{
    "pk": 20, 
    "model": "admin.logentry", 
    "fields": {
        "action_flag": 3, 
        "action_time": "2014-09-20T14:16:24.645Z", 
        "object_repr": "132010 (Student Wages): this should work!", 
        "object_id": "21", 
        "change_message": "", 
        "user": 1, 
        "content_type": 15
    }
},
{
    "pk": 21, 
    "model": "admin.logentry", 
    "fields": {
        "action_flag": 3, 
        "action_time": "2014-09-20T14:16:24.647Z", 
        "object_repr": "132010 (Student Wages): new thing", 
        "object_id": "22", 
        "change_message": "", 
        "user": 1, 
        "content_type": 15
    }
},
{
    "pk": 22, 
    "model": "admin.logentry", 
    "fields": {
        "action_flag": 3, 
        "action_time": "2014-09-20T14:16:24.648Z", 
        "object_repr": "132020 (Instructional Material): test1", 
        "object_id": "20", 
        "change_message": "", 
        "user": 1, 
        "content_type": 15
    }
},
{
    "pk": 23, 
    "model": "admin.logentry", 
    "fields": {
        "action_flag": 3, 
        "action_time": "2014-09-20T14:16:24.651Z", 
        "object_repr": "132010 (Student Wages): test1", 
        "object_id": "19", 
        "change_message": "", 
        "user": 1, 
        "content_type": 15
    }
},
{
    "pk": 24, 
    "model": "admin.logentry", 
    "fields": {
        "action_flag": 3, 
        "action_time": "2014-09-20T14:16:24.652Z", 
        "object_repr": "132010 (Student Wages): asdfasdf", 
        "object_id": "18", 
        "change_message": "", 
        "user": 1, 
        "content_type": 15
    }
},
{
    "pk": 25, 
    "model": "admin.logentry", 
    "fields": {
        "action_flag": 3, 
        "action_time": "2014-09-20T14:16:24.654Z", 
        "object_repr": "132020 (Instructional Material): transfer", 
        "object_id": "10", 
        "change_message": "", 
        "user": 1, 
        "content_type": 15
    }
},
{
    "pk": 26, 
    "model": "admin.logentry", 
    "fields": {
        "action_flag": 3, 
        "action_time": "2014-09-20T14:16:24.655Z", 
        "object_repr": "132010 (Student Wages): transfer", 
        "object_id": "9", 
        "change_message": "", 
        "user": 1, 
        "content_type": 15
    }
},
{
    "pk": 27, 
    "model": "admin.logentry", 
    "fields": {
        "action_flag": 3, 
        "action_time": "2014-09-20T14:16:24.657Z", 
        "object_repr": "132020 (Instructional Material): asd", 
        "object_id": "13", 
        "change_message": "", 
        "user": 1, 
        "content_type": 15
    }
},
{
    "pk": 28, 
    "model": "admin.logentry", 
    "fields": {
        "action_flag": 3, 
        "action_time": "2014-09-20T14:16:24.659Z", 
        "object_repr": "132010 (Student Wages): asdf", 
        "object_id": "15", 
        "change_message": "", 
        "user": 1, 
        "content_type": 15
    }
},
{
    "pk": 29, 
    "model": "admin.logentry", 
    "fields": {
        "action_flag": 3, 
        "action_time": "2014-09-20T14:16:24.660Z", 
        "object_repr": "132010 (Student Wages): new gizmo", 
        "object_id": "2", 
        "change_message": "", 
        "user": 1, 
        "content_type": 15
    }
},
{
    "pk": 30, 
    "model": "admin.logentry", 
    "fields": {
        "action_flag": 3, 
        "action_time": "2014-09-20T14:16:24.662Z", 
        "object_repr": "132020 (Instructional Material): new gizmo", 
        "object_id": "1", 
        "change_message": "", 
        "user": 1, 
        "content_type": 15
    }
},
{
    "pk": 31, 
    "model": "admin.logentry", 
    "fields": {
        "action_flag": 3, 
        "action_time": "2014-09-20T14:16:24.664Z", 
        "object_repr": "132010 (Student Wages): asd", 
        "object_id": "14", 
        "change_message": "", 
        "user": 1, 
        "content_type": 15
    }
},
{
    "pk": 32, 
    "model": "admin.logentry", 
    "fields": {
        "action_flag": 3, 
        "action_time": "2014-09-20T14:16:24.666Z", 
        "object_repr": "132036 (Equipment): new thing", 
        "object_id": "5", 
        "change_message": "", 
        "user": 1, 
        "content_type": 15
    }
},
{
    "pk": 33, 
    "model": "admin.logentry", 
    "fields": {
        "action_flag": 3, 
        "action_time": "2014-09-20T14:16:24.668Z", 
        "object_repr": "132010 (Student Wages): new thing", 
        "object_id": "4", 
        "change_message": "", 
        "user": 1, 
        "content_type": 15
    }
},
{
    "pk": 34, 
    "model": "admin.logentry", 
    "fields": {
        "action_flag": 3, 
        "action_time": "2014-09-20T14:16:24.671Z", 
        "object_repr": "132020 (Instructional Material): new thing", 
        "object_id": "3", 
        "change_message": "", 
        "user": 1, 
        "content_type": 15
    }
},
{
    "pk": 35, 
    "model": "admin.logentry", 
    "fields": {
        "action_flag": 3, 
        "action_time": "2014-09-20T14:16:24.673Z", 
        "object_repr": "132010 (Student Wages): adaDASD", 
        "object_id": "17", 
        "change_message": "", 
        "user": 1, 
        "content_type": 15
    }
},
{
    "pk": 36, 
    "model": "admin.logentry", 
    "fields": {
        "action_flag": 3, 
        "action_time": "2014-09-20T14:16:24.674Z", 
        "object_repr": "132010 (Student Wages): dsfasdf", 
        "object_id": "16", 
        "change_message": "", 
        "user": 1, 
        "content_type": 15
    }
},
{
    "pk": 37, 
    "model": "admin.logentry", 
    "fields": {
        "action_flag": 3, 
        "action_time": "2014-09-20T14:16:24.676Z", 
        "object_repr": "132020 (Instructional Material): something", 
        "object_id": "8", 
        "change_message": "", 
        "user": 1, 
        "content_type": 15
    }
},
{
    "pk": 38, 
    "model": "admin.logentry", 
    "fields": {
        "action_flag": 3, 
        "action_time": "2014-09-20T14:16:24.677Z", 
        "object_repr": "132020 (Instructional Material): something", 
        "object_id": "7", 
        "change_message": "", 
        "user": 1, 
        "content_type": 15
    }
},
{
    "pk": 39, 
    "model": "admin.logentry", 
    "fields": {
        "action_flag": 3, 
        "action_time": "2014-09-20T14:16:40.307Z", 
        "object_repr": "javascript works now!", 
        "object_id": "6", 
        "change_message": "", 
        "user": 1, 
        "content_type": 14
    }
},
{
    "pk": 40, 
    "model": "admin.logentry", 
    "fields": {
        "action_flag": 3, 
        "action_time": "2014-09-20T14:16:40.309Z", 
        "object_repr": "new thing a ma jig", 
        "object_id": "3", 
        "change_message": "", 
        "user": 1, 
        "content_type": 14
    }
},
{
    "pk": 41, 
    "model": "admin.logentry", 
    "fields": {
        "action_flag": 3, 
        "action_time": "2014-09-20T14:16:40.312Z", 
        "object_repr": "this should work!", 
        "object_id": "15", 
        "change_message": "", 
        "user": 1, 
        "content_type": 14
    }
},
{
    "pk": 42, 
    "model": "admin.logentry", 
    "fields": {
        "action_flag": 3, 
        "action_time": "2014-09-20T14:16:40.314Z", 
        "object_repr": "new thing", 
        "object_id": "16", 
        "change_message": "", 
        "user": 1, 
        "content_type": 14
    }
},
{
    "pk": 43, 
    "model": "admin.logentry", 
    "fields": {
        "action_flag": 3, 
        "action_time": "2014-09-20T14:16:40.316Z", 
        "object_repr": "test1", 
        "object_id": "14", 
        "change_message": "", 
        "user": 1, 
        "content_type": 14
    }
},
{
    "pk": 44, 
    "model": "admin.logentry", 
    "fields": {
        "action_flag": 3, 
        "action_time": "2014-09-20T14:16:40.318Z", 
        "object_repr": "asdfasdf", 
        "object_id": "13", 
        "change_message": "", 
        "user": 1, 
        "content_type": 14
    }
},
{
    "pk": 45, 
    "model": "admin.logentry", 
    "fields": {
        "action_flag": 3, 
        "action_time": "2014-09-20T14:16:40.320Z", 
        "object_repr": "transfer", 
        "object_id": "5", 
        "change_message": "", 
        "user": 1, 
        "content_type": 14
    }
},
{
    "pk": 46, 
    "model": "admin.logentry", 
    "fields": {
        "action_flag": 3, 
        "action_time": "2014-09-20T14:16:40.321Z", 
        "object_repr": "asd", 
        "object_id": "7", 
        "change_message": "", 
        "user": 1, 
        "content_type": 14
    }
},
{
    "pk": 47, 
    "model": "admin.logentry", 
    "fields": {
        "action_flag": 3, 
        "action_time": "2014-09-20T14:16:40.323Z", 
        "object_repr": "asdf", 
        "object_id": "10", 
        "change_message": "", 
        "user": 1, 
        "content_type": 14
    }
},
{
    "pk": 48, 
    "model": "admin.logentry", 
    "fields": {
        "action_flag": 3, 
        "action_time": "2014-09-20T14:16:40.325Z", 
        "object_repr": "ADS", 
        "object_id": "8", 
        "change_message": "", 
        "user": 1, 
        "content_type": 14
    }
},
{
    "pk": 49, 
    "model": "admin.logentry", 
    "fields": {
        "action_flag": 3, 
        "action_time": "2014-09-20T14:16:40.327Z", 
        "object_repr": "new gizmo", 
        "object_id": "1", 
        "change_message": "", 
        "user": 1, 
        "content_type": 14
    }
},
{
    "pk": 50, 
    "model": "admin.logentry", 
    "fields": {
        "action_flag": 3, 
        "action_time": "2014-09-20T14:16:40.329Z", 
        "object_repr": "asd", 
        "object_id": "9", 
        "change_message": "", 
        "user": 1, 
        "content_type": 14
    }
},
{
    "pk": 51, 
    "model": "admin.logentry", 
    "fields": {
        "action_flag": 3, 
        "action_time": "2014-09-20T14:16:40.331Z", 
        "object_repr": "new thing", 
        "object_id": "2", 
        "change_message": "", 
        "user": 1, 
        "content_type": 14
    }
},
{
    "pk": 52, 
    "model": "admin.logentry", 
    "fields": {
        "action_flag": 3, 
        "action_time": "2014-09-20T14:16:40.332Z", 
        "object_repr": "adaDASD", 
        "object_id": "12", 
        "change_message": "", 
        "user": 1, 
        "content_type": 14
    }
},
{
    "pk": 53, 
    "model": "admin.logentry", 
    "fields": {
        "action_flag": 3, 
        "action_time": "2014-09-20T14:16:40.334Z", 
        "object_repr": "dsfasdf", 
        "object_id": "11", 
        "change_message": "", 
        "user": 1, 
        "content_type": 14
    }
},
{
    "pk": 54, 
    "model": "admin.logentry", 
    "fields": {
        "action_flag": 3, 
        "action_time": "2014-09-20T14:16:40.336Z", 
        "object_repr": "something", 
        "object_id": "4", 
        "change_message": "", 
        "user": 1, 
        "content_type": 14
    }
},
{
    "pk": 55, 
    "model": "admin.logentry", 
    "fields": {
        "action_flag": 1, 
        "action_time": "2014-09-20T14:19:52.691Z", 
        "object_repr": "132021 (Field Trips)", 
        "object_id": "4", 
        "change_message": "", 
        "user": 1, 
        "content_type": 11
    }
},
{
    "pk": 56, 
    "model": "admin.logentry", 
    "fields": {
        "action_flag": 1, 
        "action_time": "2014-09-20T14:20:14.809Z", 
        "object_repr": "132082 (Practicums)", 
        "object_id": "5", 
        "change_message": "", 
        "user": 1, 
        "content_type": 11
    }
},
{
    "pk": 57, 
    "model": "admin.logentry", 
    "fields": {
        "action_flag": 1, 
        "action_time": "2014-09-20T14:20:32.404Z", 
        "object_repr": "132022 (Office Supplies)", 
        "object_id": "6", 
        "change_message": "", 
        "user": 1, 
        "content_type": 11
    }
},
{
    "pk": 58, 
    "model": "admin.logentry", 
    "fields": {
        "action_flag": 1, 
        "action_time": "2014-09-20T14:20:53.305Z", 
        "object_repr": "132023 (Long Distance)", 
        "object_id": "7", 
        "change_message": "", 
        "user": 1, 
        "content_type": 11
    }
},
{
    "pk": 59, 
    "model": "admin.logentry", 
    "fields": {
        "action_flag": 1, 
        "action_time": "2014-09-20T14:21:14.074Z", 
        "object_repr": "132024 (Copying)", 
        "object_id": "8", 
        "change_message": "", 
        "user": 1, 
        "content_type": 11
    }
},
{
    "pk": 60, 
    "model": "admin.logentry", 
    "fields": {
        "action_flag": 1, 
        "action_time": "2014-09-20T14:21:28.435Z", 
        "object_repr": "132025 (Printing)", 
        "object_id": "9", 
        "change_message": "", 
        "user": 1, 
        "content_type": 11
    }
},
{
    "pk": 61, 
    "model": "admin.logentry", 
    "fields": {
        "action_flag": 1, 
        "action_time": "2014-09-20T14:21:43.729Z", 
        "object_repr": "132026 (Postage)", 
        "object_id": "10", 
        "change_message": "", 
        "user": 1, 
        "content_type": 11
    }
},
{
    "pk": 62, 
    "model": "admin.logentry", 
    "fields": {
        "action_flag": 1, 
        "action_time": "2014-09-20T14:22:00.319Z", 
        "object_repr": "132027 (Travel)", 
        "object_id": "11", 
        "change_message": "", 
        "user": 1, 
        "content_type": 11
    }
},
{
    "pk": 63, 
    "model": "admin.logentry", 
    "fields": {
        "action_flag": 1, 
        "action_time": "2014-09-20T14:22:15.557Z", 
        "object_repr": "132030 (Entertainment)", 
        "object_id": "12", 
        "change_message": "", 
        "user": 1, 
        "content_type": 11
    }
},
{
    "pk": 64, 
    "model": "admin.logentry", 
    "fields": {
        "action_flag": 1, 
        "action_time": "2014-09-20T14:22:36.575Z", 
        "object_repr": "132064 (Parts Replacement)", 
        "object_id": "13", 
        "change_message": "", 
        "user": 1, 
        "content_type": 11
    }
},
{
    "pk": 65, 
    "model": "admin.logentry", 
    "fields": {
        "action_flag": 1, 
        "action_time": "2014-09-20T14:22:54.017Z", 
        "object_repr": "132063 (Computer Software)", 
        "object_id": "14", 
        "change_message": "", 
        "user": 1, 
        "content_type": 11
    }
},
{
    "pk": 66, 
    "model": "admin.logentry", 
    "fields": {
        "action_flag": 1, 
        "action_time": "2014-09-20T14:23:14.867Z", 
        "object_repr": "132061 (Equipment/Special Purchase)", 
        "object_id": "15", 
        "change_message": "", 
        "user": 1, 
        "content_type": 11
    }
},
{
    "pk": 67, 
    "model": "admin.logentry", 
    "fields": {
        "action_flag": 1, 
        "action_time": "2014-09-20T14:23:43.145Z", 
        "object_repr": "132062 (Maintenance Contracts)", 
        "object_id": "16", 
        "change_message": "", 
        "user": 1, 
        "content_type": 11
    }
},
{
    "pk": 68, 
    "model": "admin.logentry", 
    "fields": {
        "action_flag": 1, 
        "action_time": "2014-09-20T14:27:30.463Z", 
        "object_repr": "ENP394", 
        "object_id": "4", 
        "change_message": "", 
        "user": 1, 
        "content_type": 10
    }
},
{
    "pk": 69, 
    "model": "admin.logentry", 
    "fields": {
        "action_flag": 2, 
        "action_time": "2014-09-20T14:27:41.505Z", 
        "object_repr": "ENP231", 
        "object_id": "3", 
        "change_message": "Changed amount_available.", 
        "user": 1, 
        "content_type": 10
    }
},
{
    "pk": 70, 
    "model": "admin.logentry", 
    "fields": {
        "action_flag": 2, 
        "action_time": "2014-09-20T14:28:13.592Z", 
        "object_repr": "PHY311", 
        "object_id": "2", 
        "change_message": "No fields changed.", 
        "user": 1, 
        "content_type": 10
    }
},
{
    "pk": 71, 
    "model": "admin.logentry", 
    "fields": {
        "action_flag": 2, 
        "action_time": "2014-09-20T14:28:28.417Z", 
        "object_repr": "Mach Shop", 
        "object_id": "1", 
        "change_message": "No fields changed.", 
        "user": 1, 
        "content_type": 10
    }
},
{
    "pk": 72, 
    "model": "admin.logentry", 
    "fields": {
        "action_flag": 1, 
        "action_time": "2014-09-20T14:28:54.800Z", 
        "object_repr": "ENP104", 
        "object_id": "5", 
        "change_message": "", 
        "user": 1, 
        "content_type": 10
    }
},
{
    "pk": 73, 
    "model": "admin.logentry", 
    "fields": {
        "action_flag": 1, 
        "action_time": "2014-09-20T14:29:19.613Z", 
        "object_repr": "ENP252", 
        "object_id": "6", 
        "change_message": "", 
        "user": 1, 
        "content_type": 10
    }
},
{
    "pk": 74, 
    "model": "admin.logentry", 
    "fields": {
        "action_flag": 1, 
        "action_time": "2014-09-20T14:29:43.192Z", 
        "object_repr": "ENP301", 
        "object_id": "7", 
        "change_message": "", 
        "user": 1, 
        "content_type": 10
    }
},
{
    "pk": 75, 
    "model": "admin.logentry", 
    "fields": {
        "action_flag": 1, 
        "action_time": "2014-09-20T14:30:31.909Z", 
        "object_repr": "ENP302", 
        "object_id": "8", 
        "change_message": "", 
        "user": 1, 
        "content_type": 10
    }
},
{
    "pk": 76, 
    "model": "admin.logentry", 
    "fields": {
        "action_flag": 1, 
        "action_time": "2014-09-20T14:30:56.915Z", 
        "object_repr": "ENP321", 
        "object_id": "9", 
        "change_message": "", 
        "user": 1, 
        "content_type": 10
    }
},
{
    "pk": 77, 
    "model": "admin.logentry", 
    "fields": {
        "action_flag": 1, 
        "action_time": "2014-09-20T14:31:30.724Z", 
        "object_repr": "ENP341", 
        "object_id": "10", 
        "change_message": "", 
        "user": 1, 
        "content_type": 10
    }
},
{
    "pk": 78, 
    "model": "admin.logentry", 
    "fields": {
        "action_flag": 1, 
        "action_time": "2014-09-20T14:32:08.746Z", 
        "object_repr": "Ind Ox", 
        "object_id": "11", 
        "change_message": "", 
        "user": 1, 
        "content_type": 10
    }
},
{
    "pk": 79, 
    "model": "admin.logentry", 
    "fields": {
        "action_flag": 1, 
        "action_time": "2014-09-20T14:32:50.558Z", 
        "object_repr": "ENP492-4", 
        "object_id": "12", 
        "change_message": "", 
        "user": 1, 
        "content_type": 10
    }
},
{
    "pk": 80, 
    "model": "admin.logentry", 
    "fields": {
        "action_flag": 3, 
        "action_time": "2014-09-28T23:51:05.814Z", 
        "object_repr": "asdfasdfasdfasdf", 
        "object_id": "5", 
        "change_message": "", 
        "user": 1, 
        "content_type": 14
    }
},
{
    "pk": 81, 
    "model": "admin.logentry", 
    "fields": {
        "action_flag": 3, 
        "action_time": "2014-09-28T23:51:06.011Z", 
        "object_repr": "sadfsdf", 
        "object_id": "3", 
        "change_message": "", 
        "user": 1, 
        "content_type": 14
    }
},
{
    "pk": 82, 
    "model": "admin.logentry", 
    "fields": {
        "action_flag": 3, 
        "action_time": "2014-09-28T23:51:06.014Z", 
        "object_repr": "dfasf1", 
        "object_id": "2", 
        "change_message": "", 
        "user": 1, 
        "content_type": 14
    }
},
{
    "pk": 83, 
    "model": "admin.logentry", 
    "fields": {
        "action_flag": 3, 
        "action_time": "2014-09-28T23:51:06.020Z", 
        "object_repr": "asdfasdfasdfasdf", 
        "object_id": "4", 
        "change_message": "", 
        "user": 1, 
        "content_type": 14
    }
},
{
    "pk": 84, 
    "model": "admin.logentry", 
    "fields": {
        "action_flag": 3, 
        "action_time": "2014-09-28T23:51:06.024Z", 
        "object_repr": "asdfasdf", 
        "object_id": "1", 
        "change_message": "", 
        "user": 1, 
        "content_type": 14
    }
},
{
    "pk": 1, 
    "model": "budget_app.userpreferences", 
    "fields": {
        "view_checked_only": false, 
        "view_future_only": false, 
        "user": 2, 
        "view_encumbrances_only": false, 
        "fiscal_year_to_view": 1
    }
}
]
