[
{
    "pk": 1, 
    "model": "auth.permission", 
    "fields": {
        "codename": "add_permission", 
        "name": "Can add permission", 
        "content_type": 1
    }
},
{
    "pk": 2, 
    "model": "auth.permission", 
    "fields": {
        "codename": "change_permission", 
        "name": "Can change permission", 
        "content_type": 1
    }
},
{
    "pk": 3, 
    "model": "auth.permission", 
    "fields": {
        "codename": "delete_permission", 
        "name": "Can delete permission", 
        "content_type": 1
    }
},
{
    "pk": 4, 
    "model": "auth.permission", 
    "fields": {
        "codename": "add_group", 
        "name": "Can add group", 
        "content_type": 2
    }
},
{
    "pk": 5, 
    "model": "auth.permission", 
    "fields": {
        "codename": "change_group", 
        "name": "Can change group", 
        "content_type": 2
    }
},
{
    "pk": 6, 
    "model": "auth.permission", 
    "fields": {
        "codename": "delete_group", 
        "name": "Can delete group", 
        "content_type": 2
    }
},
{
    "pk": 7, 
    "model": "auth.permission", 
    "fields": {
        "codename": "add_user", 
        "name": "Can add user", 
        "content_type": 3
    }
},
{
    "pk": 8, 
    "model": "auth.permission", 
    "fields": {
        "codename": "change_user", 
        "name": "Can change user", 
        "content_type": 3
    }
},
{
    "pk": 9, 
    "model": "auth.permission", 
    "fields": {
        "codename": "delete_user", 
        "name": "Can delete user", 
        "content_type": 3
    }
},
{
    "pk": 10, 
    "model": "auth.permission", 
    "fields": {
        "codename": "add_contenttype", 
        "name": "Can add content type", 
        "content_type": 4
    }
},
{
    "pk": 11, 
    "model": "auth.permission", 
    "fields": {
        "codename": "change_contenttype", 
        "name": "Can change content type", 
        "content_type": 4
    }
},
{
    "pk": 12, 
    "model": "auth.permission", 
    "fields": {
        "codename": "delete_contenttype", 
        "name": "Can delete content type", 
        "content_type": 4
    }
},
{
    "pk": 13, 
    "model": "auth.permission", 
    "fields": {
        "codename": "add_session", 
        "name": "Can add session", 
        "content_type": 5
    }
},
{
    "pk": 14, 
    "model": "auth.permission", 
    "fields": {
        "codename": "change_session", 
        "name": "Can change session", 
        "content_type": 5
    }
},
{
    "pk": 15, 
    "model": "auth.permission", 
    "fields": {
        "codename": "delete_session", 
        "name": "Can delete session", 
        "content_type": 5
    }
},
{
    "pk": 16, 
    "model": "auth.permission", 
    "fields": {
        "codename": "add_site", 
        "name": "Can add site", 
        "content_type": 6
    }
},
{
    "pk": 17, 
    "model": "auth.permission", 
    "fields": {
        "codename": "change_site", 
        "name": "Can change site", 
        "content_type": 6
    }
},
{
    "pk": 18, 
    "model": "auth.permission", 
    "fields": {
        "codename": "delete_site", 
        "name": "Can delete site", 
        "content_type": 6
    }
},
{
    "pk": 19, 
    "model": "auth.permission", 
    "fields": {
        "codename": "add_logentry", 
        "name": "Can add log entry", 
        "content_type": 7
    }
},
{
    "pk": 20, 
    "model": "auth.permission", 
    "fields": {
        "codename": "change_logentry", 
        "name": "Can change log entry", 
        "content_type": 7
    }
},
{
    "pk": 21, 
    "model": "auth.permission", 
    "fields": {
        "codename": "delete_logentry", 
        "name": "Can delete log entry", 
        "content_type": 7
    }
},
{
    "pk": 22, 
    "model": "auth.permission", 
    "fields": {
        "codename": "add_person", 
        "name": "Can add person", 
        "content_type": 8
    }
},
{
    "pk": 23, 
    "model": "auth.permission", 
    "fields": {
        "codename": "change_person", 
        "name": "Can change person", 
        "content_type": 8
    }
},
{
    "pk": 24, 
    "model": "auth.permission", 
    "fields": {
        "codename": "delete_person", 
        "name": "Can delete person", 
        "content_type": 8
    }
},
{
    "pk": 25, 
    "model": "auth.permission", 
    "fields": {
        "codename": "add_fiscalyear", 
        "name": "Can add fiscal year", 
        "content_type": 9
    }
},
{
    "pk": 26, 
    "model": "auth.permission", 
    "fields": {
        "codename": "change_fiscalyear", 
        "name": "Can change fiscal year", 
        "content_type": 9
    }
},
{
    "pk": 27, 
    "model": "auth.permission", 
    "fields": {
        "codename": "delete_fiscalyear", 
        "name": "Can delete fiscal year", 
        "content_type": 9
    }
},
{
    "pk": 28, 
    "model": "auth.permission", 
    "fields": {
        "codename": "add_subaccount", 
        "name": "Can add sub account", 
        "content_type": 10
    }
},
{
    "pk": 29, 
    "model": "auth.permission", 
    "fields": {
        "codename": "change_subaccount", 
        "name": "Can change sub account", 
        "content_type": 10
    }
},
{
    "pk": 30, 
    "model": "auth.permission", 
    "fields": {
        "codename": "delete_subaccount", 
        "name": "Can delete sub account", 
        "content_type": 10
    }
},
{
    "pk": 31, 
    "model": "auth.permission", 
    "fields": {
        "codename": "add_budgetline", 
        "name": "Can add budget line", 
        "content_type": 11
    }
},
{
    "pk": 32, 
    "model": "auth.permission", 
    "fields": {
        "codename": "change_budgetline", 
        "name": "Can change budget line", 
        "content_type": 11
    }
},
{
    "pk": 33, 
    "model": "auth.permission", 
    "fields": {
        "codename": "delete_budgetline", 
        "name": "Can delete budget line", 
        "content_type": 11
    }
},
{
    "pk": 34, 
    "model": "auth.permission", 
    "fields": {
        "codename": "add_departmentmember", 
        "name": "Can add department member", 
        "content_type": 12
    }
},
{
    "pk": 35, 
    "model": "auth.permission", 
    "fields": {
        "codename": "change_departmentmember", 
        "name": "Can change department member", 
        "content_type": 12
    }
},
{
    "pk": 36, 
    "model": "auth.permission", 
    "fields": {
        "codename": "delete_departmentmember", 
        "name": "Can delete department member", 
        "content_type": 12
    }
},
{
    "pk": 37, 
    "model": "auth.permission", 
    "fields": {
        "codename": "add_creditcard", 
        "name": "Can add credit card", 
        "content_type": 13
    }
},
{
    "pk": 38, 
    "model": "auth.permission", 
    "fields": {
        "codename": "change_creditcard", 
        "name": "Can change credit card", 
        "content_type": 13
    }
},
{
    "pk": 39, 
    "model": "auth.permission", 
    "fields": {
        "codename": "delete_creditcard", 
        "name": "Can delete credit card", 
        "content_type": 13
    }
},
{
    "pk": 40, 
    "model": "auth.permission", 
    "fields": {
        "codename": "add_expense", 
        "name": "Can add expense", 
        "content_type": 14
    }
},
{
    "pk": 41, 
    "model": "auth.permission", 
    "fields": {
        "codename": "change_expense", 
        "name": "Can change expense", 
        "content_type": 14
    }
},
{
    "pk": 42, 
    "model": "auth.permission", 
    "fields": {
        "codename": "delete_expense", 
        "name": "Can delete expense", 
        "content_type": 14
    }
},
{
    "pk": 43, 
    "model": "auth.permission", 
    "fields": {
        "codename": "add_expensebudgetline", 
        "name": "Can add expense budget line", 
        "content_type": 15
    }
},
{
    "pk": 44, 
    "model": "auth.permission", 
    "fields": {
        "codename": "change_expensebudgetline", 
        "name": "Can change expense budget line", 
        "content_type": 15
    }
},
{
    "pk": 45, 
    "model": "auth.permission", 
    "fields": {
        "codename": "delete_expensebudgetline", 
        "name": "Can delete expense budget line", 
        "content_type": 15
    }
},
{
    "pk": 46, 
    "model": "auth.permission", 
    "fields": {
        "codename": "add_userpreferences", 
        "name": "Can add user preferences", 
        "content_type": 16
    }
},
{
    "pk": 47, 
    "model": "auth.permission", 
    "fields": {
        "codename": "change_userpreferences", 
        "name": "Can change user preferences", 
        "content_type": 16
    }
},
{
    "pk": 48, 
    "model": "auth.permission", 
    "fields": {
        "codename": "delete_userpreferences", 
        "name": "Can delete user preferences", 
        "content_type": 16
    }
},
{
    "pk": 49, 
    "model": "auth.permission", 
    "fields": {
        "codename": "add_note", 
        "name": "Can add note", 
        "content_type": 17
    }
},
{
    "pk": 50, 
    "model": "auth.permission", 
    "fields": {
        "codename": "change_note", 
        "name": "Can change note", 
        "content_type": 17
    }
},
{
    "pk": 51, 
    "model": "auth.permission", 
    "fields": {
        "codename": "delete_note", 
        "name": "Can delete note", 
        "content_type": 17
    }
},
{
    "pk": 1, 
    "model": "auth.user", 
    "fields": {
        "username": "admin", 
        "first_name": "", 
        "last_name": "", 
        "is_active": true, 
        "is_superuser": true, 
        "is_staff": true, 
        "last_login": "2014-11-03T17:56:18.280Z", 
        "groups": [], 
        "user_permissions": [], 
        "password": "pbkdf2_sha256$10000$0OoH0GYJO7JB$WyEYMbF83fevxB2GATf2vZ/r8i7ZtdS80JqrlrFsw8k=", 
        "email": "admin@example.com", 
        "date_joined": "2014-10-08T19:06:17.332Z"
    }
},
{
    "pk": 2, 
    "model": "auth.user", 
    "fields": {
        "username": "physics_chair", 
        "first_name": "", 
        "last_name": "", 
        "is_active": true, 
        "is_superuser": true, 
        "is_staff": false, 
        "last_login": "2014-11-05T22:31:27.936Z", 
        "groups": [], 
        "user_permissions": [], 
        "password": "pbkdf2_sha256$10000$vKeNV44JF9T2$oQgnfZ0YRk1nyn+H0f9r/J89eRQkbE9Q36NdZg1m0+I=", 
        "email": "", 
        "date_joined": "2014-10-08T20:15:40Z"
    }
},
{
    "pk": 1, 
    "model": "budget_app.person", 
    "fields": {
        "first_name": "Joel", 
        "last_name": "Gegner", 
        "work_phone": "", 
        "photo": "", 
        "created_at": "2014-10-08T20:50:05.156Z", 
        "updated_at": "2014-10-08T20:50:05.156Z", 
        "home_phone": "", 
        "cell_phone": "", 
        "nickname": ""
    }
},
{
    "pk": 2, 
    "model": "budget_app.person", 
    "fields": {
        "first_name": "Bill", 
        "last_name": "Bauson", 
        "work_phone": "", 
        "photo": "", 
        "created_at": "2014-10-08T20:50:15.939Z", 
        "updated_at": "2014-10-08T20:50:15.939Z", 
        "home_phone": "", 
        "cell_phone": "", 
        "nickname": ""
    }
},
{
    "pk": 3, 
    "model": "budget_app.person", 
    "fields": {
        "first_name": "Bob", 
        "last_name": "Davis", 
        "work_phone": "", 
        "photo": "", 
        "created_at": "2014-10-08T20:50:25.772Z", 
        "updated_at": "2014-10-08T20:50:25.772Z", 
        "home_phone": "", 
        "cell_phone": "", 
        "nickname": ""
    }
},
{
    "pk": 4, 
    "model": "budget_app.person", 
    "fields": {
        "first_name": "Lara", 
        "last_name": "Horsley", 
        "work_phone": "", 
        "photo": "", 
        "created_at": "2014-10-08T20:50:34.257Z", 
        "updated_at": "2014-10-08T20:50:34.257Z", 
        "home_phone": "", 
        "cell_phone": "", 
        "nickname": ""
    }
},
{
    "pk": 5, 
    "model": "budget_app.person", 
    "fields": {
        "first_name": "John", 
        "last_name": "Gavin", 
        "work_phone": "", 
        "photo": "", 
        "created_at": "2014-10-08T20:50:43.137Z", 
        "updated_at": "2014-10-08T20:50:43.137Z", 
        "home_phone": "", 
        "cell_phone": "", 
        "nickname": ""
    }
},
{
    "pk": 6, 
    "model": "budget_app.person", 
    "fields": {
        "first_name": "Sue", 
        "last_name": "Gavin", 
        "work_phone": "", 
        "photo": "", 
        "created_at": "2014-10-08T20:50:52.616Z", 
        "updated_at": "2014-10-08T20:50:52.616Z", 
        "home_phone": "", 
        "cell_phone": "", 
        "nickname": ""
    }
},
{
    "pk": 7, 
    "model": "budget_app.person", 
    "fields": {
        "first_name": "Hank", 
        "last_name": "Voss", 
        "work_phone": "", 
        "photo": "", 
        "created_at": "2014-10-08T20:51:01.698Z", 
        "updated_at": "2014-10-08T20:51:01.698Z", 
        "home_phone": "", 
        "cell_phone": "", 
        "nickname": ""
    }
},
{
    "pk": 8, 
    "model": "budget_app.person", 
    "fields": {
        "first_name": "Scott", 
        "last_name": "Steckenrider", 
        "work_phone": "", 
        "photo": "", 
        "created_at": "2014-10-08T20:51:14.968Z", 
        "updated_at": "2014-10-08T20:51:14.968Z", 
        "home_phone": "", 
        "cell_phone": "", 
        "nickname": ""
    }
},
{
    "pk": 9, 
    "model": "budget_app.person", 
    "fields": {
        "first_name": "Ken", 
        "last_name": "Kiers", 
        "work_phone": "", 
        "photo": "", 
        "created_at": "2014-10-08T20:51:28.198Z", 
        "updated_at": "2014-10-08T20:51:28.198Z", 
        "home_phone": "", 
        "cell_phone": "", 
        "nickname": ""
    }
},
{
    "pk": 10, 
    "model": "budget_app.person", 
    "fields": {
        "first_name": "Barb", 
        "last_name": "Michael", 
        "work_phone": "", 
        "photo": "", 
        "created_at": "2014-10-08T20:52:20.120Z", 
        "updated_at": "2014-10-08T20:52:20.120Z", 
        "home_phone": "", 
        "cell_phone": "", 
        "nickname": ""
    }
},
{
    "pk": 1, 
    "model": "budget_app.fiscalyear", 
    "fields": {
        "end_on": "2015-05-31", 
        "begin_on": "2014-06-01"
    }
},
{
    "pk": 1, 
    "model": "budget_app.subaccount", 
    "fields": {
        "abbrev": "ENP104", 
        "amount_available": "350", 
        "name": "Introduction to Engineering", 
        "fiscal_year": 1
    }
},
{
    "pk": 2, 
    "model": "budget_app.subaccount", 
    "fields": {
        "abbrev": "ENP231", 
        "amount_available": "500", 
        "name": "Introduction to Electronics", 
        "fiscal_year": 1
    }
},
{
    "pk": 3, 
    "model": "budget_app.subaccount", 
    "fields": {
        "abbrev": "ENP252", 
        "amount_available": "700", 
        "name": "Principles of Engineering", 
        "fiscal_year": 1
    }
},
{
    "pk": 4, 
    "model": "budget_app.subaccount", 
    "fields": {
        "abbrev": "Kiers", 
        "amount_available": "500", 
        "name": "Kiers", 
        "fiscal_year": 1
    }
},
{
    "pk": 5, 
    "model": "budget_app.subaccount", 
    "fields": {
        "abbrev": "Davis", 
        "amount_available": "500", 
        "name": "Davis", 
        "fiscal_year": 1
    }
},
{
    "pk": 6, 
    "model": "budget_app.subaccount", 
    "fields": {
        "abbrev": "Gegner", 
        "amount_available": "500", 
        "name": "Gegner", 
        "fiscal_year": 1
    }
},
{
    "pk": 7, 
    "model": "budget_app.subaccount", 
    "fields": {
        "abbrev": "Voss", 
        "amount_available": "500", 
        "name": "Voss", 
        "fiscal_year": 1
    }
},
{
    "pk": 8, 
    "model": "budget_app.subaccount", 
    "fields": {
        "abbrev": "Steckenrdr", 
        "amount_available": "350", 
        "name": "Steckenrider", 
        "fiscal_year": 1
    }
},
{
    "pk": 9, 
    "model": "budget_app.subaccount", 
    "fields": {
        "abbrev": "Reserve", 
        "amount_available": "3100", 
        "name": "Chair Reserve", 
        "fiscal_year": 1
    }
},
{
    "pk": 10, 
    "model": "budget_app.subaccount", 
    "fields": {
        "abbrev": "General", 
        "amount_available": "3000", 
        "name": "General (Bill Bauson)", 
        "fiscal_year": 1
    }
},
{
    "pk": 11, 
    "model": "budget_app.subaccount", 
    "fields": {
        "abbrev": "Mach Shop", 
        "amount_available": "1000", 
        "name": "Machine Shop", 
        "fiscal_year": 1
    }
},
{
    "pk": 12, 
    "model": "budget_app.subaccount", 
    "fields": {
        "abbrev": "Picnics", 
        "amount_available": "280", 
        "name": "Picnics/Banquets", 
        "fiscal_year": 1
    }
},
{
    "pk": 13, 
    "model": "budget_app.subaccount", 
    "fields": {
        "abbrev": "Ind Ox", 
        "amount_available": "350", 
        "name": "Indiana Oxygen", 
        "fiscal_year": 1
    }
},
{
    "pk": 14, 
    "model": "budget_app.subaccount", 
    "fields": {
        "abbrev": "Engr Cpstn", 
        "amount_available": "1400", 
        "name": "Engineering Capstone Sequence", 
        "fiscal_year": 1
    }
},
{
    "pk": 15, 
    "model": "budget_app.subaccount", 
    "fields": {
        "abbrev": "PHY201", 
        "amount_available": "1400", 
        "name": "Introduction to Astronomy", 
        "fiscal_year": 1
    }
},
{
    "pk": 16, 
    "model": "budget_app.subaccount", 
    "fields": {
        "abbrev": "PHY311", 
        "amount_available": "350", 
        "name": "Modern Physics", 
        "fiscal_year": 1
    }
},
{
    "pk": 17, 
    "model": "budget_app.subaccount", 
    "fields": {
        "abbrev": "Promo", 
        "amount_available": "0", 
        "name": "Promotional", 
        "fiscal_year": 1
    }
},
{
    "pk": 18, 
    "model": "budget_app.subaccount", 
    "fields": {
        "abbrev": "ENP355", 
        "amount_available": "0", 
        "name": "Fluids", 
        "fiscal_year": 1
    }
},
{
    "pk": 19, 
    "model": "budget_app.subaccount", 
    "fields": {
        "abbrev": "ENP301", 
        "amount_available": "350", 
        "name": "Statics", 
        "fiscal_year": 1
    }
},
{
    "pk": 20, 
    "model": "budget_app.subaccount", 
    "fields": {
        "abbrev": "Lower div", 
        "amount_available": "2100", 
        "name": "PHY203, 204, 211, 212", 
        "fiscal_year": 1
    }
},
{
    "pk": 21, 
    "model": "budget_app.subaccount", 
    "fields": {
        "abbrev": "ENP321", 
        "amount_available": "150", 
        "name": "Applied Electromagnetics", 
        "fiscal_year": 1
    }
},
{
    "pk": 1, 
    "model": "budget_app.budgetline", 
    "fields": {
        "has_subaccounts": false, 
        "code": "132010", 
        "amount_available": "11524", 
        "name": "Student Wages", 
        "fiscal_year": 1
    }
},
{
    "pk": 2, 
    "model": "budget_app.budgetline", 
    "fields": {
        "has_subaccounts": true, 
        "code": "132020", 
        "amount_available": "8662", 
        "name": "Instructional Material", 
        "fiscal_year": 1
    }
},
{
    "pk": 3, 
    "model": "budget_app.budgetline", 
    "fields": {
        "has_subaccounts": false, 
        "code": "132021", 
        "amount_available": "1000", 
        "name": "Field Trips", 
        "fiscal_year": 1
    }
},
{
    "pk": 4, 
    "model": "budget_app.budgetline", 
    "fields": {
        "has_subaccounts": true, 
        "code": "132036", 
        "amount_available": "12000", 
        "name": "Equipment", 
        "fiscal_year": 1
    }
},
{
    "pk": 5, 
    "model": "budget_app.budgetline", 
    "fields": {
        "has_subaccounts": false, 
        "code": "132082", 
        "amount_available": "0", 
        "name": "Practicums", 
        "fiscal_year": 1
    }
},
{
    "pk": 6, 
    "model": "budget_app.budgetline", 
    "fields": {
        "has_subaccounts": false, 
        "code": "132022", 
        "amount_available": "2500", 
        "name": "Office Supplies", 
        "fiscal_year": 1
    }
},
{
    "pk": 7, 
    "model": "budget_app.budgetline", 
    "fields": {
        "has_subaccounts": false, 
        "code": "132023", 
        "amount_available": "250", 
        "name": "Long Distance", 
        "fiscal_year": 1
    }
},
{
    "pk": 8, 
    "model": "budget_app.budgetline", 
    "fields": {
        "has_subaccounts": false, 
        "code": "132024", 
        "amount_available": "1500", 
        "name": "Copying", 
        "fiscal_year": 1
    }
},
{
    "pk": 9, 
    "model": "budget_app.budgetline", 
    "fields": {
        "has_subaccounts": false, 
        "code": "132025", 
        "amount_available": "830", 
        "name": "Printing", 
        "fiscal_year": 1
    }
},
{
    "pk": 10, 
    "model": "budget_app.budgetline", 
    "fields": {
        "has_subaccounts": false, 
        "code": "132063", 
        "amount_available": "10", 
        "name": "Software", 
        "fiscal_year": 1
    }
},
{
    "pk": 11, 
    "model": "budget_app.budgetline", 
    "fields": {
        "has_subaccounts": false, 
        "code": "132027", 
        "amount_available": "0", 
        "name": "Travel", 
        "fiscal_year": 1
    }
},
{
    "pk": 12, 
    "model": "budget_app.budgetline", 
    "fields": {
        "has_subaccounts": false, 
        "code": "132030", 
        "amount_available": "0", 
        "name": "Entertainment", 
        "fiscal_year": 1
    }
},
{
    "pk": 13, 
    "model": "budget_app.budgetline", 
    "fields": {
        "has_subaccounts": false, 
        "code": "132026", 
        "amount_available": "0", 
        "name": "Postage", 
        "fiscal_year": 1
    }
},
{
    "pk": 14, 
    "model": "budget_app.budgetline", 
    "fields": {
        "has_subaccounts": false, 
        "code": "132062", 
        "amount_available": "0", 
        "name": "Maintenance Contracts", 
        "fiscal_year": 1
    }
},
{
    "pk": 1, 
    "model": "budget_app.departmentmember", 
    "fields": {
        "position": "Asst"
    }
},
{
    "pk": 2, 
    "model": "budget_app.departmentmember", 
    "fields": {
        "position": "Staff"
    }
},
{
    "pk": 3, 
    "model": "budget_app.departmentmember", 
    "fields": {
        "position": "Full"
    }
},
{
    "pk": 4, 
    "model": "budget_app.departmentmember", 
    "fields": {
        "position": "Staff"
    }
},
{
    "pk": 5, 
    "model": "budget_app.departmentmember", 
    "fields": {
        "position": "Staff"
    }
},
{
    "pk": 6, 
    "model": "budget_app.departmentmember", 
    "fields": {
        "position": "Staff"
    }
},
{
    "pk": 7, 
    "model": "budget_app.departmentmember", 
    "fields": {
        "position": "Full"
    }
},
{
    "pk": 8, 
    "model": "budget_app.departmentmember", 
    "fields": {
        "position": "Assoc"
    }
},
{
    "pk": 9, 
    "model": "budget_app.departmentmember", 
    "fields": {
        "position": "Full"
    }
},
{
    "pk": 10, 
    "model": "budget_app.departmentmember", 
    "fields": {
        "position": "Staff"
    }
},
{
    "pk": 1, 
    "model": "budget_app.creditcard", 
    "fields": {
        "person": 2
    }
},
{
    "pk": 2, 
    "model": "budget_app.creditcard", 
    "fields": {
        "person": 6
    }
},
{
    "pk": 3, 
    "model": "budget_app.creditcard", 
    "fields": {
        "person": 1
    }
},
{
    "pk": 4, 
    "model": "budget_app.creditcard", 
    "fields": {
        "person": 9
    }
},
{
    "pk": 5, 
    "model": "budget_app.creditcard", 
    "fields": {
        "person": 4
    }
},
{
    "pk": 6, 
    "model": "budget_app.creditcard", 
    "fields": {
        "person": 10
    }
},
{
    "pk": 1, 
    "model": "budget_app.expense", 
    "fields": {
        "encumbered": false, 
        "description": "ENCO", 
        "charged_by": 5, 
        "credit_card": 5, 
        "future_expense": false, 
        "extra_note": "", 
        "date": "2014-06-04", 
        "checked": false
    }
},
{
    "pk": 3, 
    "model": "budget_app.expense", 
    "fields": {
        "encumbered": false, 
        "description": "GRM158 20g AC2014 Paper 10095", 
        "charged_by": 9, 
        "credit_card": 4, 
        "future_expense": false, 
        "extra_note": "", 
        "date": "2014-06-02", 
        "checked": false
    }
},
{
    "pk": 4, 
    "model": "budget_app.expense", 
    "fields": {
        "encumbered": false, 
        "description": "Nameplate for Bill's office", 
        "charged_by": 9, 
        "credit_card": 4, 
        "future_expense": false, 
        "extra_note": "Amount unknown", 
        "date": "2014-06-02", 
        "checked": false
    }
},
{
    "pk": 5, 
    "model": "budget_app.expense", 
    "fields": {
        "encumbered": false, 
        "description": "Sparkfun Inventor's Kit", 
        "charged_by": 2, 
        "credit_card": null, 
        "future_expense": false, 
        "extra_note": "Need to transfer funds from PHY201 to ENP231 for internal purchase of kit for astronomy projects", 
        "date": "2014-10-13", 
        "checked": false
    }
},
{
    "pk": 7, 
    "model": "budget_app.expense", 
    "fields": {
        "encumbered": false, 
        "description": "Observatory area light, needles for solder paste", 
        "charged_by": 2, 
        "credit_card": 1, 
        "future_expense": false, 
        "extra_note": "", 
        "date": "2014-10-17", 
        "checked": false
    }
},
{
    "pk": 8, 
    "model": "budget_app.expense", 
    "fields": {
        "encumbered": false, 
        "description": "Desoldering braid", 
        "charged_by": 2, 
        "credit_card": 1, 
        "future_expense": false, 
        "extra_note": "", 
        "date": "2014-10-17", 
        "checked": false
    }
},
{
    "pk": 9, 
    "model": "budget_app.expense", 
    "fields": {
        "encumbered": false, 
        "description": "RGB LED's", 
        "charged_by": 2, 
        "credit_card": 1, 
        "future_expense": false, 
        "extra_note": "", 
        "date": "2014-10-17", 
        "checked": false
    }
},
{
    "pk": 10, 
    "model": "budget_app.expense", 
    "fields": {
        "encumbered": false, 
        "description": "Pipette bulbs for Millikan Oil Drop experiment", 
        "charged_by": 2, 
        "credit_card": 1, 
        "future_expense": false, 
        "extra_note": "", 
        "date": "2014-10-17", 
        "checked": false
    }
},
{
    "pk": 11, 
    "model": "budget_app.expense", 
    "fields": {
        "encumbered": false, 
        "description": "Black acrylic for LED trinkets", 
        "charged_by": 2, 
        "credit_card": 1, 
        "future_expense": false, 
        "extra_note": "ECLIPSE / 24@Taylor event; To be partially covered by Admissions", 
        "date": "2014-10-17", 
        "checked": false
    }
},
{
    "pk": 12, 
    "model": "budget_app.expense", 
    "fields": {
        "encumbered": false, 
        "description": "Barebones PCB's for LED trinket", 
        "charged_by": 2, 
        "credit_card": 1, 
        "future_expense": false, 
        "extra_note": "ECLIPSE / 24@Taylor event; To be partially covered by Admissions", 
        "date": "2014-10-17", 
        "checked": false
    }
},
{
    "pk": 13, 
    "model": "budget_app.expense", 
    "fields": {
        "encumbered": false, 
        "description": "Batteries for LED trinket", 
        "charged_by": 2, 
        "credit_card": 1, 
        "future_expense": false, 
        "extra_note": "ECLIPSE / 24@Taylor event; To be partially covered by Admissions", 
        "date": "2014-10-16", 
        "checked": false
    }
},
{
    "pk": 14, 
    "model": "budget_app.expense", 
    "fields": {
        "encumbered": false, 
        "description": "Electronic parts for LED trinket", 
        "charged_by": 2, 
        "credit_card": 1, 
        "future_expense": false, 
        "extra_note": "ECLIPSE / 24@Taylor event; To be partially covered by Admissions", 
        "date": "2014-10-16", 
        "checked": false
    }
},
{
    "pk": 15, 
    "model": "budget_app.expense", 
    "fields": {
        "encumbered": false, 
        "description": "Swage fittings, screws for shop", 
        "charged_by": 2, 
        "credit_card": 1, 
        "future_expense": false, 
        "extra_note": "", 
        "date": "2014-10-16", 
        "checked": false
    }
},
{
    "pk": 16, 
    "model": "budget_app.expense", 
    "fields": {
        "encumbered": false, 
        "description": "LED's for LED trinkets", 
        "charged_by": 2, 
        "credit_card": 1, 
        "future_expense": false, 
        "extra_note": "ECLIPSE / 24@Taylor event; To be partially covered by Admissions", 
        "date": "2014-10-16", 
        "checked": false
    }
},
{
    "pk": 17, 
    "model": "budget_app.expense", 
    "fields": {
        "encumbered": false, 
        "description": "Young's Water", 
        "charged_by": 9, 
        "credit_card": null, 
        "future_expense": false, 
        "extra_note": "", 
        "date": "2014-10-15", 
        "checked": false
    }
},
{
    "pk": 18, 
    "model": "budget_app.expense", 
    "fields": {
        "encumbered": false, 
        "description": "Parts for fluid tank", 
        "charged_by": 6, 
        "credit_card": 2, 
        "future_expense": false, 
        "extra_note": "Transfer to rollover budget", 
        "date": "2014-10-01", 
        "checked": false
    }
},
{
    "pk": 19, 
    "model": "budget_app.expense", 
    "fields": {
        "encumbered": false, 
        "description": "Color copying at library", 
        "charged_by": 3, 
        "credit_card": null, 
        "future_expense": false, 
        "extra_note": "", 
        "date": "2014-10-03", 
        "checked": false
    }
},
{
    "pk": 20, 
    "model": "budget_app.expense", 
    "fields": {
        "encumbered": false, 
        "description": "ATA Aerospace reimbursement", 
        "charged_by": null, 
        "credit_card": null, 
        "future_expense": false, 
        "extra_note": "Transferred by Michelle Bragg.", 
        "date": "2014-09-19", 
        "checked": false
    }
},
{
    "pk": 21, 
    "model": "budget_app.expense", 
    "fields": {
        "encumbered": false, 
        "description": "Gift cards non-TU speakers", 
        "charged_by": null, 
        "credit_card": null, 
        "future_expense": false, 
        "extra_note": "Chandler Chapman", 
        "date": "2014-09-30", 
        "checked": false
    }
},
{
    "pk": 22, 
    "model": "budget_app.expense", 
    "fields": {
        "encumbered": false, 
        "description": "Reimburse K. Yoshino for travel to AF SERB conf", 
        "charged_by": 9, 
        "credit_card": null, 
        "future_expense": false, 
        "extra_note": "", 
        "date": "2014-09-23", 
        "checked": false
    }
},
{
    "pk": 23, 
    "model": "budget_app.expense", 
    "fields": {
        "encumbered": false, 
        "description": "Parts for fluid tank", 
        "charged_by": 2, 
        "credit_card": 1, 
        "future_expense": false, 
        "extra_note": "Transfer to rollover budget", 
        "date": "2014-09-18", 
        "checked": false
    }
},
{
    "pk": 24, 
    "model": "budget_app.expense", 
    "fields": {
        "encumbered": false, 
        "description": "Pizza for 12 people - reimbursed to K. Kiers", 
        "charged_by": 9, 
        "credit_card": null, 
        "future_expense": false, 
        "extra_note": "", 
        "date": "2014-09-08", 
        "checked": false
    }
},
{
    "pk": 25, 
    "model": "budget_app.expense", 
    "fields": {
        "encumbered": false, 
        "description": "Solar eclipse viewers", 
        "charged_by": 2, 
        "credit_card": 1, 
        "future_expense": false, 
        "extra_note": "Split between astronomy and promotion?", 
        "date": "2014-10-09", 
        "checked": false
    }
},
{
    "pk": 26, 
    "model": "budget_app.expense", 
    "fields": {
        "encumbered": false, 
        "description": "Eagle software upgrade", 
        "charged_by": 2, 
        "credit_card": 1, 
        "future_expense": false, 
        "extra_note": "", 
        "date": "2014-10-06", 
        "checked": false
    }
},
{
    "pk": 27, 
    "model": "budget_app.expense", 
    "fields": {
        "encumbered": false, 
        "description": "Prism and optics cleaning supplies", 
        "charged_by": 2, 
        "credit_card": 1, 
        "future_expense": false, 
        "extra_note": "", 
        "date": "2014-09-17", 
        "checked": false
    }
},
{
    "pk": 28, 
    "model": "budget_app.expense", 
    "fields": {
        "encumbered": false, 
        "description": "Dept picnic - DC charge", 
        "charged_by": 3, 
        "credit_card": null, 
        "future_expense": false, 
        "extra_note": "", 
        "date": "2014-09-14", 
        "checked": false
    }
},
{
    "pk": 29, 
    "model": "budget_app.expense", 
    "fields": {
        "encumbered": false, 
        "description": "Dept picnic - B. Davis reimbursement", 
        "charged_by": 3, 
        "credit_card": null, 
        "future_expense": false, 
        "extra_note": "", 
        "date": "2014-09-16", 
        "checked": false
    }
},
{
    "pk": 30, 
    "model": "budget_app.expense", 
    "fields": {
        "encumbered": false, 
        "description": "MathCAD Maint fee", 
        "charged_by": 2, 
        "credit_card": 1, 
        "future_expense": false, 
        "extra_note": "", 
        "date": "2014-09-17", 
        "checked": false
    }
},
{
    "pk": 31, 
    "model": "budget_app.expense", 
    "fields": {
        "encumbered": false, 
        "description": "Bandsaw blades for shop", 
        "charged_by": 2, 
        "credit_card": 1, 
        "future_expense": false, 
        "extra_note": "", 
        "date": "2014-09-17", 
        "checked": false
    }
},
{
    "pk": 32, 
    "model": "budget_app.expense", 
    "fields": {
        "encumbered": false, 
        "description": "Sanding belts and discs", 
        "charged_by": 2, 
        "credit_card": 1, 
        "future_expense": false, 
        "extra_note": "", 
        "date": "2014-09-17", 
        "checked": false
    }
},
{
    "pk": 33, 
    "model": "budget_app.expense", 
    "fields": {
        "encumbered": false, 
        "description": "Batteries for timers", 
        "charged_by": 2, 
        "credit_card": 1, 
        "future_expense": false, 
        "extra_note": "", 
        "date": "2014-09-17", 
        "checked": false
    }
},
{
    "pk": 34, 
    "model": "budget_app.expense", 
    "fields": {
        "encumbered": false, 
        "description": "Drill rods and bits for bridges", 
        "charged_by": 2, 
        "credit_card": 1, 
        "future_expense": false, 
        "extra_note": "", 
        "date": "2014-09-17", 
        "checked": false
    }
},
{
    "pk": 35, 
    "model": "budget_app.expense", 
    "fields": {
        "encumbered": false, 
        "description": "Plexiglas for bridges", 
        "charged_by": 2, 
        "credit_card": 1, 
        "future_expense": false, 
        "extra_note": "", 
        "date": "2014-09-17", 
        "checked": false
    }
},
{
    "pk": 36, 
    "model": "budget_app.expense", 
    "fields": {
        "encumbered": false, 
        "description": "Popsicle sticks for bridges", 
        "charged_by": 2, 
        "credit_card": 1, 
        "future_expense": false, 
        "extra_note": "", 
        "date": "2014-09-17", 
        "checked": false
    }
},
{
    "pk": 37, 
    "model": "budget_app.expense", 
    "fields": {
        "encumbered": true, 
        "description": "Drawer dividers", 
        "charged_by": 10, 
        "credit_card": 6, 
        "future_expense": false, 
        "extra_note": "", 
        "date": "2014-09-17", 
        "checked": false
    }
},
{
    "pk": 38, 
    "model": "budget_app.expense", 
    "fields": {
        "encumbered": true, 
        "description": "Safety glasses", 
        "charged_by": null, 
        "credit_card": null, 
        "future_expense": false, 
        "extra_note": "Ordered by Rita Puckett", 
        "date": "2014-09-17", 
        "checked": false
    }
},
{
    "pk": 39, 
    "model": "budget_app.expense", 
    "fields": {
        "encumbered": false, 
        "description": "Deburring wheels, carbide inserts, etc.", 
        "charged_by": 2, 
        "credit_card": 1, 
        "future_expense": false, 
        "extra_note": "", 
        "date": "2014-09-10", 
        "checked": false
    }
},
{
    "pk": 40, 
    "model": "budget_app.expense", 
    "fields": {
        "encumbered": false, 
        "description": "Micrometers", 
        "charged_by": 3, 
        "credit_card": null, 
        "future_expense": false, 
        "extra_note": "Reimbursement to Bob Davis", 
        "date": "2014-09-08", 
        "checked": false
    }
},
{
    "pk": 41, 
    "model": "budget_app.expense", 
    "fields": {
        "encumbered": false, 
        "description": "eBeam Edge and Capture", 
        "charged_by": 1, 
        "credit_card": 3, 
        "future_expense": false, 
        "extra_note": "Transfer to rollover budget", 
        "date": "2014-08-22", 
        "checked": false
    }
},
{
    "pk": 42, 
    "model": "budget_app.expense", 
    "fields": {
        "encumbered": false, 
        "description": "V100 laptop mouse", 
        "charged_by": 1, 
        "credit_card": 3, 
        "future_expense": false, 
        "extra_note": "", 
        "date": "2014-08-18", 
        "checked": false
    }
},
{
    "pk": 43, 
    "model": "budget_app.expense", 
    "fields": {
        "encumbered": false, 
        "description": "Amazon Prime membership", 
        "charged_by": 2, 
        "credit_card": 1, 
        "future_expense": false, 
        "extra_note": "", 
        "date": "2014-08-21", 
        "checked": false
    }
},
{
    "pk": 44, 
    "model": "budget_app.expense", 
    "fields": {
        "encumbered": false, 
        "description": "Transferred from CSE as contribution", 
        "charged_by": null, 
        "credit_card": null, 
        "future_expense": false, 
        "extra_note": "Don't know actual date", 
        "date": "2014-08-04", 
        "checked": false
    }
},
{
    "pk": 45, 
    "model": "budget_app.expense", 
    "fields": {
        "encumbered": false, 
        "description": "Shop air filtration", 
        "charged_by": 6, 
        "credit_card": 2, 
        "future_expense": false, 
        "extra_note": "", 
        "date": "2014-08-22", 
        "checked": false
    }
},
{
    "pk": 46, 
    "model": "budget_app.expense", 
    "fields": {
        "encumbered": false, 
        "description": "Shop air filtration", 
        "charged_by": 6, 
        "credit_card": 2, 
        "future_expense": false, 
        "extra_note": "", 
        "date": "2014-08-05", 
        "checked": false
    }
},
{
    "pk": 47, 
    "model": "budget_app.expense", 
    "fields": {
        "encumbered": false, 
        "description": "USB microphone for recording classes", 
        "charged_by": 2, 
        "credit_card": 1, 
        "future_expense": false, 
        "extra_note": "Transfer to rollover budget", 
        "date": "2014-08-26", 
        "checked": false
    }
},
{
    "pk": 48, 
    "model": "budget_app.expense", 
    "fields": {
        "encumbered": false, 
        "description": "HVAC foil tape, PVC coupling for laser", 
        "charged_by": 6, 
        "credit_card": 2, 
        "future_expense": false, 
        "extra_note": "", 
        "date": "2014-08-21", 
        "checked": false
    }
},
{
    "pk": 49, 
    "model": "budget_app.expense", 
    "fields": {
        "encumbered": false, 
        "description": "Reimburse J. Gavin for collecting donated matl", 
        "charged_by": null, 
        "credit_card": null, 
        "future_expense": false, 
        "extra_note": "", 
        "date": "2014-08-19", 
        "checked": false
    }
},
{
    "pk": 50, 
    "model": "budget_app.expense", 
    "fields": {
        "encumbered": false, 
        "description": "Heat shrink tubing", 
        "charged_by": 2, 
        "credit_card": 1, 
        "future_expense": false, 
        "extra_note": "", 
        "date": "2014-08-18", 
        "checked": false
    }
},
{
    "pk": 51, 
    "model": "budget_app.expense", 
    "fields": {
        "encumbered": false, 
        "description": "Label maker tape", 
        "charged_by": 2, 
        "credit_card": 1, 
        "future_expense": false, 
        "extra_note": "", 
        "date": "2014-08-19", 
        "checked": false
    }
},
{
    "pk": 52, 
    "model": "budget_app.expense", 
    "fields": {
        "encumbered": false, 
        "description": "Soldering iron tips", 
        "charged_by": 2, 
        "credit_card": 1, 
        "future_expense": false, 
        "extra_note": "", 
        "date": "2014-08-18", 
        "checked": false
    }
},
{
    "pk": 53, 
    "model": "budget_app.expense", 
    "fields": {
        "encumbered": false, 
        "description": "Brad nails and Gorilla glue for Jeopardy boxes", 
        "charged_by": 6, 
        "credit_card": 2, 
        "future_expense": false, 
        "extra_note": "", 
        "date": "2014-10-08", 
        "checked": false
    }
},
{
    "pk": 54, 
    "model": "budget_app.expense", 
    "fields": {
        "encumbered": false, 
        "description": "Duct work for Smog Hog - G. Eley", 
        "charged_by": null, 
        "credit_card": null, 
        "future_expense": false, 
        "extra_note": "", 
        "date": "2014-08-18", 
        "checked": false
    }
},
{
    "pk": 55, 
    "model": "budget_app.expense", 
    "fields": {
        "encumbered": false, 
        "description": "Cables for EU229 lab", 
        "charged_by": 2, 
        "credit_card": 1, 
        "future_expense": false, 
        "extra_note": "", 
        "date": "2014-08-15", 
        "checked": false
    }
},
{
    "pk": 56, 
    "model": "budget_app.expense", 
    "fields": {
        "encumbered": false, 
        "description": "Parts for fluid tank", 
        "charged_by": 2, 
        "credit_card": 1, 
        "future_expense": false, 
        "extra_note": "Transfer to rollover budget", 
        "date": "2014-08-12", 
        "checked": false
    }
},
{
    "pk": 57, 
    "model": "budget_app.expense", 
    "fields": {
        "encumbered": false, 
        "description": "Parts for fluid tank", 
        "charged_by": 2, 
        "credit_card": 1, 
        "future_expense": false, 
        "extra_note": "Transfer to rollover budget", 
        "date": "2014-08-12", 
        "checked": false
    }
},
{
    "pk": 58, 
    "model": "budget_app.expense", 
    "fields": {
        "encumbered": false, 
        "description": "Parts for fluid tank", 
        "charged_by": 2, 
        "credit_card": 1, 
        "future_expense": false, 
        "extra_note": "Transfer to rollover budget", 
        "date": "2014-08-12", 
        "checked": false
    }
},
{
    "pk": 59, 
    "model": "budget_app.expense", 
    "fields": {
        "encumbered": false, 
        "description": "Caustic tank parts", 
        "charged_by": 6, 
        "credit_card": 2, 
        "future_expense": false, 
        "extra_note": "", 
        "date": "2014-10-06", 
        "checked": false
    }
},
{
    "pk": 60, 
    "model": "budget_app.expense", 
    "fields": {
        "encumbered": false, 
        "description": "N adapters and cable ties", 
        "charged_by": 2, 
        "credit_card": 1, 
        "future_expense": false, 
        "extra_note": "", 
        "date": "2014-08-18", 
        "checked": false
    }
},
{
    "pk": 61, 
    "model": "budget_app.expense", 
    "fields": {
        "encumbered": false, 
        "description": "Dept award plaque engraving", 
        "charged_by": 2, 
        "credit_card": 1, 
        "future_expense": false, 
        "extra_note": "", 
        "date": "2014-08-11", 
        "checked": false
    }
},
{
    "pk": 62, 
    "model": "budget_app.expense", 
    "fields": {
        "encumbered": false, 
        "description": "Storage supplies - B. Davis reimbursement", 
        "charged_by": 3, 
        "credit_card": null, 
        "future_expense": false, 
        "extra_note": "", 
        "date": "2014-08-08", 
        "checked": false
    }
},
{
    "pk": 63, 
    "model": "budget_app.expense", 
    "fields": {
        "encumbered": false, 
        "description": "Digital calipers", 
        "charged_by": 2, 
        "credit_card": 1, 
        "future_expense": false, 
        "extra_note": "", 
        "date": "2014-08-02", 
        "checked": false
    }
},
{
    "pk": 64, 
    "model": "budget_app.expense", 
    "fields": {
        "encumbered": false, 
        "description": "Nitrile gloves", 
        "charged_by": 2, 
        "credit_card": 1, 
        "future_expense": false, 
        "extra_note": "", 
        "date": "2014-07-31", 
        "checked": false
    }
},
{
    "pk": 65, 
    "model": "budget_app.expense", 
    "fields": {
        "encumbered": true, 
        "description": "Spray graphite", 
        "charged_by": null, 
        "credit_card": null, 
        "future_expense": false, 
        "extra_note": "Ordered by Rita Puckett", 
        "date": "2014-10-31", 
        "checked": false
    }
},
{
    "pk": 66, 
    "model": "budget_app.expense", 
    "fields": {
        "encumbered": false, 
        "description": "Digital calipers and machinist gloves", 
        "charged_by": 2, 
        "credit_card": 1, 
        "future_expense": false, 
        "extra_note": "", 
        "date": "2014-07-29", 
        "checked": false
    }
},
{
    "pk": 67, 
    "model": "budget_app.expense", 
    "fields": {
        "encumbered": false, 
        "description": "Long distance charge", 
        "charged_by": 9, 
        "credit_card": null, 
        "future_expense": false, 
        "extra_note": "", 
        "date": "2014-07-26", 
        "checked": false
    }
},
{
    "pk": 68, 
    "model": "budget_app.expense", 
    "fields": {
        "encumbered": true, 
        "description": "Shipping geiger counter for demo to a school", 
        "charged_by": null, 
        "credit_card": null, 
        "future_expense": false, 
        "extra_note": "Amount TBD", 
        "date": "2014-10-31", 
        "checked": false
    }
},
{
    "pk": 69, 
    "model": "budget_app.expense", 
    "fields": {
        "encumbered": false, 
        "description": "Taps for CNC retrofit", 
        "charged_by": 2, 
        "credit_card": 1, 
        "future_expense": false, 
        "extra_note": "", 
        "date": "2014-07-25", 
        "checked": false
    }
},
{
    "pk": 70, 
    "model": "budget_app.expense", 
    "fields": {
        "encumbered": false, 
        "description": "Clamps", 
        "charged_by": 2, 
        "credit_card": 1, 
        "future_expense": false, 
        "extra_note": "", 
        "date": "2014-07-25", 
        "checked": false
    }
},
{
    "pk": 71, 
    "model": "budget_app.expense", 
    "fields": {
        "encumbered": false, 
        "description": "Small Sat conference", 
        "charged_by": 9, 
        "credit_card": null, 
        "future_expense": false, 
        "extra_note": "To reimbursed from HVIN27", 
        "date": "2014-07-23", 
        "checked": false
    }
},
{
    "pk": 72, 
    "model": "budget_app.expense", 
    "fields": {
        "encumbered": false, 
        "description": "Acrylic for dept use - Cunningham glass", 
        "charged_by": 9, 
        "credit_card": null, 
        "future_expense": false, 
        "extra_note": "", 
        "date": "2014-07-21", 
        "checked": false
    }
},
{
    "pk": 73, 
    "model": "budget_app.expense", 
    "fields": {
        "encumbered": false, 
        "description": "Indiana Oxygen", 
        "charged_by": 9, 
        "credit_card": null, 
        "future_expense": false, 
        "extra_note": "", 
        "date": "2014-07-21", 
        "checked": false
    }
},
{
    "pk": 74, 
    "model": "budget_app.expense", 
    "fields": {
        "encumbered": false, 
        "description": "Indiana Oxygen", 
        "charged_by": 9, 
        "credit_card": null, 
        "future_expense": false, 
        "extra_note": "", 
        "date": "2014-07-21", 
        "checked": false
    }
},
{
    "pk": 75, 
    "model": "budget_app.expense", 
    "fields": {
        "encumbered": false, 
        "description": "Student wages", 
        "charged_by": 9, 
        "credit_card": null, 
        "future_expense": false, 
        "extra_note": "", 
        "date": "2014-07-18", 
        "checked": false
    }
},
{
    "pk": 76, 
    "model": "budget_app.expense", 
    "fields": {
        "encumbered": false, 
        "description": "Postage", 
        "charged_by": 9, 
        "credit_card": null, 
        "future_expense": false, 
        "extra_note": "", 
        "date": "2014-07-11", 
        "checked": false
    }
},
{
    "pk": 77, 
    "model": "budget_app.expense", 
    "fields": {
        "encumbered": false, 
        "description": "Long distance charge", 
        "charged_by": 9, 
        "credit_card": null, 
        "future_expense": false, 
        "extra_note": "", 
        "date": "2014-07-10", 
        "checked": false
    }
},
{
    "pk": 78, 
    "model": "budget_app.expense", 
    "fields": {
        "encumbered": false, 
        "description": "Wolfram license", 
        "charged_by": 9, 
        "credit_card": null, 
        "future_expense": false, 
        "extra_note": "", 
        "date": "2014-07-10", 
        "checked": false
    }
},
{
    "pk": 79, 
    "model": "budget_app.expense", 
    "fields": {
        "encumbered": false, 
        "description": "ASEE conf registration, engr Capstone", 
        "charged_by": 7, 
        "credit_card": null, 
        "future_expense": false, 
        "extra_note": "", 
        "date": "2014-07-08", 
        "checked": false
    }
},
{
    "pk": 80, 
    "model": "budget_app.expense", 
    "fields": {
        "encumbered": false, 
        "description": "Used equipment sale", 
        "charged_by": 9, 
        "credit_card": null, 
        "future_expense": false, 
        "extra_note": "", 
        "date": "2014-06-30", 
        "checked": false
    }
},
{
    "pk": 81, 
    "model": "budget_app.expense", 
    "fields": {
        "encumbered": false, 
        "description": "Used equipment sale", 
        "charged_by": 9, 
        "credit_card": null, 
        "future_expense": false, 
        "extra_note": "", 
        "date": "2014-06-30", 
        "checked": false
    }
},
{
    "pk": 82, 
    "model": "budget_app.expense", 
    "fields": {
        "encumbered": false, 
        "description": "Mathworks (Matlab)", 
        "charged_by": 9, 
        "credit_card": null, 
        "future_expense": false, 
        "extra_note": "Nathan Lickey cc", 
        "date": "2014-06-10", 
        "checked": false
    }
},
{
    "pk": 83, 
    "model": "budget_app.expense", 
    "fields": {
        "encumbered": false, 
        "description": "Long distance charge", 
        "charged_by": 9, 
        "credit_card": null, 
        "future_expense": false, 
        "extra_note": "", 
        "date": "2014-06-09", 
        "checked": false
    }
},
{
    "pk": 84, 
    "model": "budget_app.expense", 
    "fields": {
        "encumbered": false, 
        "description": "Long distance charge", 
        "charged_by": 9, 
        "credit_card": null, 
        "future_expense": false, 
        "extra_note": "", 
        "date": "2014-06-03", 
        "checked": false
    }
},
{
    "pk": 85, 
    "model": "budget_app.expense", 
    "fields": {
        "encumbered": false, 
        "description": "Money for practicum visits", 
        "charged_by": 9, 
        "credit_card": null, 
        "future_expense": false, 
        "extra_note": "", 
        "date": "2014-06-30", 
        "checked": false
    }
},
{
    "pk": 86, 
    "model": "budget_app.expense", 
    "fields": {
        "encumbered": false, 
        "description": "McMaster-Carr", 
        "charged_by": 9, 
        "credit_card": null, 
        "future_expense": false, 
        "extra_note": "LH cc", 
        "date": "2014-06-10", 
        "checked": false
    }
},
{
    "pk": 87, 
    "model": "budget_app.expense", 
    "fields": {
        "encumbered": false, 
        "description": "McMaster-Carr", 
        "charged_by": 9, 
        "credit_card": null, 
        "future_expense": false, 
        "extra_note": "LC cc", 
        "date": "2014-06-10", 
        "checked": false
    }
},
{
    "pk": 88, 
    "model": "budget_app.expense", 
    "fields": {
        "encumbered": false, 
        "description": "McMaster-Carr", 
        "charged_by": 9, 
        "credit_card": null, 
        "future_expense": false, 
        "extra_note": "LH cc", 
        "date": "2014-06-10", 
        "checked": false
    }
},
{
    "pk": 89, 
    "model": "budget_app.expense", 
    "fields": {
        "encumbered": false, 
        "description": "Grizzly", 
        "charged_by": 9, 
        "credit_card": null, 
        "future_expense": false, 
        "extra_note": "LH cc", 
        "date": "2014-06-10", 
        "checked": false
    }
},
{
    "pk": 90, 
    "model": "budget_app.expense", 
    "fields": {
        "encumbered": false, 
        "description": "ENCO", 
        "charged_by": 9, 
        "credit_card": null, 
        "future_expense": false, 
        "extra_note": "LH cc", 
        "date": "2014-06-04", 
        "checked": false
    }
},
{
    "pk": 91, 
    "model": "budget_app.expense", 
    "fields": {
        "encumbered": false, 
        "description": "Indiana Oxygen", 
        "charged_by": 9, 
        "credit_card": null, 
        "future_expense": false, 
        "extra_note": "", 
        "date": "2014-06-09", 
        "checked": false
    }
},
{
    "pk": 92, 
    "model": "budget_app.expense", 
    "fields": {
        "encumbered": false, 
        "description": "Young's Water", 
        "charged_by": 9, 
        "credit_card": null, 
        "future_expense": false, 
        "extra_note": "", 
        "date": "2014-06-10", 
        "checked": false
    }
},
{
    "pk": 93, 
    "model": "budget_app.expense", 
    "fields": {
        "encumbered": false, 
        "description": "Solar lights for student projects", 
        "charged_by": 2, 
        "credit_card": 1, 
        "future_expense": false, 
        "extra_note": "", 
        "date": "2014-11-04", 
        "checked": false
    }
},
{
    "pk": 94, 
    "model": "budget_app.expense", 
    "fields": {
        "encumbered": false, 
        "description": "Mouser: ELEOSAT and ENP231 components", 
        "charged_by": 2, 
        "credit_card": 1, 
        "future_expense": false, 
        "extra_note": "$4.47 for ELEOSAT", 
        "date": "2014-10-02", 
        "checked": false
    }
},
{
    "pk": 95, 
    "model": "budget_app.expense", 
    "fields": {
        "encumbered": false, 
        "description": "Young's Water", 
        "charged_by": 4, 
        "credit_card": null, 
        "future_expense": false, 
        "extra_note": "", 
        "date": "2014-11-15", 
        "checked": false
    }
},
{
    "pk": 1, 
    "model": "budget_app.expensebudgetline", 
    "fields": {
        "budget_line": 4, 
        "amount": "12.88", 
        "expense": 1, 
        "debit_or_credit": -1, 
        "subaccount": 11
    }
},
{
    "pk": 4, 
    "model": "budget_app.expensebudgetline", 
    "fields": {
        "budget_line": 2, 
        "amount": "100", 
        "expense": 3, 
        "debit_or_credit": -1, 
        "subaccount": 14
    }
},
{
    "pk": 5, 
    "model": "budget_app.expensebudgetline", 
    "fields": {
        "budget_line": 9, 
        "amount": "1", 
        "expense": 4, 
        "debit_or_credit": -1, 
        "subaccount": null
    }
},
{
    "pk": 6, 
    "model": "budget_app.expensebudgetline", 
    "fields": {
        "budget_line": 2, 
        "amount": "50", 
        "expense": 5, 
        "debit_or_credit": -1, 
        "subaccount": 15
    }
},
{
    "pk": 8, 
    "model": "budget_app.expensebudgetline", 
    "fields": {
        "budget_line": 2, 
        "amount": "30.36", 
        "expense": 7, 
        "debit_or_credit": -1, 
        "subaccount": 15
    }
},
{
    "pk": 10, 
    "model": "budget_app.expensebudgetline", 
    "fields": {
        "budget_line": 2, 
        "amount": "50", 
        "expense": 5, 
        "debit_or_credit": 1, 
        "subaccount": 2
    }
},
{
    "pk": 11, 
    "model": "budget_app.expensebudgetline", 
    "fields": {
        "budget_line": 2, 
        "amount": "12.54", 
        "expense": 8, 
        "debit_or_credit": -1, 
        "subaccount": 2
    }
},
{
    "pk": 12, 
    "model": "budget_app.expensebudgetline", 
    "fields": {
        "budget_line": 2, 
        "amount": "6.1", 
        "expense": 9, 
        "debit_or_credit": -1, 
        "subaccount": 2
    }
},
{
    "pk": 13, 
    "model": "budget_app.expensebudgetline", 
    "fields": {
        "budget_line": 2, 
        "amount": "24.92", 
        "expense": 10, 
        "debit_or_credit": -1, 
        "subaccount": 16
    }
},
{
    "pk": 14, 
    "model": "budget_app.expensebudgetline", 
    "fields": {
        "budget_line": 2, 
        "amount": "66.95", 
        "expense": 11, 
        "debit_or_credit": -1, 
        "subaccount": 17
    }
},
{
    "pk": 15, 
    "model": "budget_app.expensebudgetline", 
    "fields": {
        "budget_line": 2, 
        "amount": "177.38", 
        "expense": 12, 
        "debit_or_credit": -1, 
        "subaccount": 17
    }
},
{
    "pk": 16, 
    "model": "budget_app.expensebudgetline", 
    "fields": {
        "budget_line": 2, 
        "amount": "18.98", 
        "expense": 13, 
        "debit_or_credit": -1, 
        "subaccount": 17
    }
},
{
    "pk": 17, 
    "model": "budget_app.expensebudgetline", 
    "fields": {
        "budget_line": 2, 
        "amount": "80.94", 
        "expense": 14, 
        "debit_or_credit": -1, 
        "subaccount": 17
    }
},
{
    "pk": 18, 
    "model": "budget_app.expensebudgetline", 
    "fields": {
        "budget_line": 4, 
        "amount": "47.09", 
        "expense": 15, 
        "debit_or_credit": -1, 
        "subaccount": 11
    }
},
{
    "pk": 19, 
    "model": "budget_app.expensebudgetline", 
    "fields": {
        "budget_line": 2, 
        "amount": "32.02", 
        "expense": 16, 
        "debit_or_credit": -1, 
        "subaccount": 17
    }
},
{
    "pk": 20, 
    "model": "budget_app.expensebudgetline", 
    "fields": {
        "budget_line": 12, 
        "amount": "33", 
        "expense": 17, 
        "debit_or_credit": -1, 
        "subaccount": null
    }
},
{
    "pk": 21, 
    "model": "budget_app.expensebudgetline", 
    "fields": {
        "budget_line": 2, 
        "amount": "38.48", 
        "expense": 18, 
        "debit_or_credit": -1, 
        "subaccount": 18
    }
},
{
    "pk": 22, 
    "model": "budget_app.expensebudgetline", 
    "fields": {
        "budget_line": 8, 
        "amount": "26", 
        "expense": 19, 
        "debit_or_credit": -1, 
        "subaccount": null
    }
},
{
    "pk": 23, 
    "model": "budget_app.expensebudgetline", 
    "fields": {
        "budget_line": 11, 
        "amount": "297.16", 
        "expense": 20, 
        "debit_or_credit": -1, 
        "subaccount": null
    }
},
{
    "pk": 24, 
    "model": "budget_app.expensebudgetline", 
    "fields": {
        "budget_line": 12, 
        "amount": "45", 
        "expense": 21, 
        "debit_or_credit": -1, 
        "subaccount": null
    }
},
{
    "pk": 25, 
    "model": "budget_app.expensebudgetline", 
    "fields": {
        "budget_line": 11, 
        "amount": "293.64", 
        "expense": 22, 
        "debit_or_credit": -1, 
        "subaccount": null
    }
},
{
    "pk": 26, 
    "model": "budget_app.expensebudgetline", 
    "fields": {
        "budget_line": 2, 
        "amount": "38.48", 
        "expense": 23, 
        "debit_or_credit": -1, 
        "subaccount": 18
    }
},
{
    "pk": 27, 
    "model": "budget_app.expensebudgetline", 
    "fields": {
        "budget_line": 2, 
        "amount": "36", 
        "expense": 24, 
        "debit_or_credit": -1, 
        "subaccount": 16
    }
},
{
    "pk": 28, 
    "model": "budget_app.expensebudgetline", 
    "fields": {
        "budget_line": 2, 
        "amount": "98.86", 
        "expense": 25, 
        "debit_or_credit": -1, 
        "subaccount": 15
    }
},
{
    "pk": 29, 
    "model": "budget_app.expensebudgetline", 
    "fields": {
        "budget_line": 10, 
        "amount": "1849", 
        "expense": 26, 
        "debit_or_credit": -1, 
        "subaccount": null
    }
},
{
    "pk": 30, 
    "model": "budget_app.expensebudgetline", 
    "fields": {
        "budget_line": 2, 
        "amount": "92.34", 
        "expense": 27, 
        "debit_or_credit": -1, 
        "subaccount": 10
    }
},
{
    "pk": 31, 
    "model": "budget_app.expensebudgetline", 
    "fields": {
        "budget_line": 2, 
        "amount": "48.79", 
        "expense": 27, 
        "debit_or_credit": -1, 
        "subaccount": 16
    }
},
{
    "pk": 32, 
    "model": "budget_app.expensebudgetline", 
    "fields": {
        "budget_line": 12, 
        "amount": "130", 
        "expense": 28, 
        "debit_or_credit": -1, 
        "subaccount": null
    }
},
{
    "pk": 33, 
    "model": "budget_app.expensebudgetline", 
    "fields": {
        "budget_line": 12, 
        "amount": "211.13", 
        "expense": 29, 
        "debit_or_credit": -1, 
        "subaccount": null
    }
},
{
    "pk": 34, 
    "model": "budget_app.expensebudgetline", 
    "fields": {
        "budget_line": 10, 
        "amount": "325", 
        "expense": 30, 
        "debit_or_credit": -1, 
        "subaccount": null
    }
},
{
    "pk": 35, 
    "model": "budget_app.expensebudgetline", 
    "fields": {
        "budget_line": 4, 
        "amount": "178.22", 
        "expense": 31, 
        "debit_or_credit": -1, 
        "subaccount": 11
    }
},
{
    "pk": 36, 
    "model": "budget_app.expensebudgetline", 
    "fields": {
        "budget_line": 4, 
        "amount": "111.73", 
        "expense": 32, 
        "debit_or_credit": -1, 
        "subaccount": 11
    }
},
{
    "pk": 37, 
    "model": "budget_app.expensebudgetline", 
    "fields": {
        "budget_line": 2, 
        "amount": "17.9", 
        "expense": 33, 
        "debit_or_credit": -1, 
        "subaccount": 10
    }
},
{
    "pk": 38, 
    "model": "budget_app.expensebudgetline", 
    "fields": {
        "budget_line": 2, 
        "amount": "25.17", 
        "expense": 34, 
        "debit_or_credit": -1, 
        "subaccount": 19
    }
},
{
    "pk": 39, 
    "model": "budget_app.expensebudgetline", 
    "fields": {
        "budget_line": 2, 
        "amount": "84", 
        "expense": 35, 
        "debit_or_credit": -1, 
        "subaccount": 19
    }
},
{
    "pk": 40, 
    "model": "budget_app.expensebudgetline", 
    "fields": {
        "budget_line": 2, 
        "amount": "87.69", 
        "expense": 36, 
        "debit_or_credit": -1, 
        "subaccount": 19
    }
},
{
    "pk": 41, 
    "model": "budget_app.expensebudgetline", 
    "fields": {
        "budget_line": 4, 
        "amount": "41.93", 
        "expense": 37, 
        "debit_or_credit": -1, 
        "subaccount": 11
    }
},
{
    "pk": 42, 
    "model": "budget_app.expensebudgetline", 
    "fields": {
        "budget_line": 4, 
        "amount": "178.84", 
        "expense": 38, 
        "debit_or_credit": -1, 
        "subaccount": 11
    }
},
{
    "pk": 43, 
    "model": "budget_app.expensebudgetline", 
    "fields": {
        "budget_line": 4, 
        "amount": "404", 
        "expense": 39, 
        "debit_or_credit": -1, 
        "subaccount": 11
    }
},
{
    "pk": 44, 
    "model": "budget_app.expensebudgetline", 
    "fields": {
        "budget_line": 2, 
        "amount": "164", 
        "expense": 40, 
        "debit_or_credit": -1, 
        "subaccount": 20
    }
},
{
    "pk": 45, 
    "model": "budget_app.expensebudgetline", 
    "fields": {
        "budget_line": 2, 
        "amount": "907.99", 
        "expense": 41, 
        "debit_or_credit": -1, 
        "subaccount": 2
    }
},
{
    "pk": 46, 
    "model": "budget_app.expensebudgetline", 
    "fields": {
        "budget_line": 2, 
        "amount": "9.99", 
        "expense": 42, 
        "debit_or_credit": -1, 
        "subaccount": 2
    }
},
{
    "pk": 47, 
    "model": "budget_app.expensebudgetline", 
    "fields": {
        "budget_line": 6, 
        "amount": "99", 
        "expense": 43, 
        "debit_or_credit": -1, 
        "subaccount": null
    }
},
{
    "pk": 48, 
    "model": "budget_app.expensebudgetline", 
    "fields": {
        "budget_line": 2, 
        "amount": "1000", 
        "expense": 44, 
        "debit_or_credit": 1, 
        "subaccount": 10
    }
},
{
    "pk": 49, 
    "model": "budget_app.expensebudgetline", 
    "fields": {
        "budget_line": 4, 
        "amount": "21.33", 
        "expense": 45, 
        "debit_or_credit": -1, 
        "subaccount": 11
    }
},
{
    "pk": 50, 
    "model": "budget_app.expensebudgetline", 
    "fields": {
        "budget_line": 2, 
        "amount": "31.4", 
        "expense": 46, 
        "debit_or_credit": -1, 
        "subaccount": 11
    }
},
{
    "pk": 51, 
    "model": "budget_app.expensebudgetline", 
    "fields": {
        "budget_line": 2, 
        "amount": "36.15", 
        "expense": 47, 
        "debit_or_credit": -1, 
        "subaccount": 2
    }
},
{
    "pk": 52, 
    "model": "budget_app.expensebudgetline", 
    "fields": {
        "budget_line": 4, 
        "amount": "21.33", 
        "expense": 48, 
        "debit_or_credit": -1, 
        "subaccount": 11
    }
},
{
    "pk": 53, 
    "model": "budget_app.expensebudgetline", 
    "fields": {
        "budget_line": 11, 
        "amount": "104.94", 
        "expense": 49, 
        "debit_or_credit": -1, 
        "subaccount": null
    }
},
{
    "pk": 54, 
    "model": "budget_app.expensebudgetline", 
    "fields": {
        "budget_line": 2, 
        "amount": "7.13", 
        "expense": 50, 
        "debit_or_credit": -1, 
        "subaccount": 10
    }
},
{
    "pk": 55, 
    "model": "budget_app.expensebudgetline", 
    "fields": {
        "budget_line": 6, 
        "amount": "25.67", 
        "expense": 51, 
        "debit_or_credit": -1, 
        "subaccount": null
    }
},
{
    "pk": 56, 
    "model": "budget_app.expensebudgetline", 
    "fields": {
        "budget_line": 4, 
        "amount": "65.18", 
        "expense": 52, 
        "debit_or_credit": -1, 
        "subaccount": 10
    }
},
{
    "pk": 57, 
    "model": "budget_app.expensebudgetline", 
    "fields": {
        "budget_line": 2, 
        "amount": "13.95", 
        "expense": 53, 
        "debit_or_credit": -1, 
        "subaccount": 2
    }
},
{
    "pk": 58, 
    "model": "budget_app.expensebudgetline", 
    "fields": {
        "budget_line": 4, 
        "amount": "50.05", 
        "expense": 54, 
        "debit_or_credit": -1, 
        "subaccount": 11
    }
},
{
    "pk": 59, 
    "model": "budget_app.expensebudgetline", 
    "fields": {
        "budget_line": 2, 
        "amount": "336.74", 
        "expense": 55, 
        "debit_or_credit": -1, 
        "subaccount": 10
    }
},
{
    "pk": 60, 
    "model": "budget_app.expensebudgetline", 
    "fields": {
        "budget_line": 2, 
        "amount": "524.82", 
        "expense": 56, 
        "debit_or_credit": -1, 
        "subaccount": 18
    }
},
{
    "pk": 61, 
    "model": "budget_app.expensebudgetline", 
    "fields": {
        "budget_line": 2, 
        "amount": "121.19", 
        "expense": 57, 
        "debit_or_credit": -1, 
        "subaccount": 18
    }
},
{
    "pk": 62, 
    "model": "budget_app.expensebudgetline", 
    "fields": {
        "budget_line": 2, 
        "amount": "191.64", 
        "expense": 58, 
        "debit_or_credit": -1, 
        "subaccount": 18
    }
},
{
    "pk": 63, 
    "model": "budget_app.expensebudgetline", 
    "fields": {
        "budget_line": 4, 
        "amount": "28.15", 
        "expense": 59, 
        "debit_or_credit": -1, 
        "subaccount": 11
    }
},
{
    "pk": 64, 
    "model": "budget_app.expensebudgetline", 
    "fields": {
        "budget_line": 4, 
        "amount": "5.95", 
        "expense": 60, 
        "debit_or_credit": -1, 
        "subaccount": 11
    }
},
{
    "pk": 65, 
    "model": "budget_app.expensebudgetline", 
    "fields": {
        "budget_line": 2, 
        "amount": "10.78", 
        "expense": 60, 
        "debit_or_credit": -1, 
        "subaccount": 21
    }
},
{
    "pk": 66, 
    "model": "budget_app.expensebudgetline", 
    "fields": {
        "budget_line": 6, 
        "amount": "32", 
        "expense": 61, 
        "debit_or_credit": -1, 
        "subaccount": null
    }
},
{
    "pk": 67, 
    "model": "budget_app.expensebudgetline", 
    "fields": {
        "budget_line": 2, 
        "amount": "78.97", 
        "expense": 62, 
        "debit_or_credit": -1, 
        "subaccount": 15
    }
},
{
    "pk": 68, 
    "model": "budget_app.expensebudgetline", 
    "fields": {
        "budget_line": 2, 
        "amount": "54.52", 
        "expense": 63, 
        "debit_or_credit": -1, 
        "subaccount": 10
    }
},
{
    "pk": 69, 
    "model": "budget_app.expensebudgetline", 
    "fields": {
        "budget_line": 4, 
        "amount": "12.83", 
        "expense": 64, 
        "debit_or_credit": -1, 
        "subaccount": 11
    }
},
{
    "pk": 70, 
    "model": "budget_app.expensebudgetline", 
    "fields": {
        "budget_line": 4, 
        "amount": "7.81", 
        "expense": 65, 
        "debit_or_credit": -1, 
        "subaccount": 11
    }
},
{
    "pk": 71, 
    "model": "budget_app.expensebudgetline", 
    "fields": {
        "budget_line": 4, 
        "amount": "7.91", 
        "expense": 66, 
        "debit_or_credit": -1, 
        "subaccount": 11
    }
},
{
    "pk": 72, 
    "model": "budget_app.expensebudgetline", 
    "fields": {
        "budget_line": 2, 
        "amount": "51.95", 
        "expense": 66, 
        "debit_or_credit": -1, 
        "subaccount": 10
    }
},
{
    "pk": 73, 
    "model": "budget_app.expensebudgetline", 
    "fields": {
        "budget_line": 7, 
        "amount": "67.02", 
        "expense": 67, 
        "debit_or_credit": -1, 
        "subaccount": null
    }
},
{
    "pk": 74, 
    "model": "budget_app.expensebudgetline", 
    "fields": {
        "budget_line": 13, 
        "amount": "1", 
        "expense": 68, 
        "debit_or_credit": -1, 
        "subaccount": null
    }
},
{
    "pk": 75, 
    "model": "budget_app.expensebudgetline", 
    "fields": {
        "budget_line": 4, 
        "amount": "106.49", 
        "expense": 69, 
        "debit_or_credit": -1, 
        "subaccount": 11
    }
},
{
    "pk": 76, 
    "model": "budget_app.expensebudgetline", 
    "fields": {
        "budget_line": 4, 
        "amount": "102.48", 
        "expense": 70, 
        "debit_or_credit": -1, 
        "subaccount": 11
    }
},
{
    "pk": 77, 
    "model": "budget_app.expensebudgetline", 
    "fields": {
        "budget_line": 11, 
        "amount": "1979.4", 
        "expense": 71, 
        "debit_or_credit": -1, 
        "subaccount": null
    }
},
{
    "pk": 78, 
    "model": "budget_app.expensebudgetline", 
    "fields": {
        "budget_line": 4, 
        "amount": "19.32", 
        "expense": 72, 
        "debit_or_credit": -1, 
        "subaccount": 11
    }
},
{
    "pk": 79, 
    "model": "budget_app.expensebudgetline", 
    "fields": {
        "budget_line": 2, 
        "amount": "10.77", 
        "expense": 73, 
        "debit_or_credit": -1, 
        "subaccount": 13
    }
},
{
    "pk": 80, 
    "model": "budget_app.expensebudgetline", 
    "fields": {
        "budget_line": 2, 
        "amount": "11.03", 
        "expense": 74, 
        "debit_or_credit": -1, 
        "subaccount": 13
    }
},
{
    "pk": 81, 
    "model": "budget_app.expensebudgetline", 
    "fields": {
        "budget_line": 1, 
        "amount": "87.22", 
        "expense": 75, 
        "debit_or_credit": -1, 
        "subaccount": null
    }
},
{
    "pk": 82, 
    "model": "budget_app.expensebudgetline", 
    "fields": {
        "budget_line": 13, 
        "amount": "6.11", 
        "expense": 76, 
        "debit_or_credit": -1, 
        "subaccount": null
    }
},
{
    "pk": 83, 
    "model": "budget_app.expensebudgetline", 
    "fields": {
        "budget_line": 7, 
        "amount": "0.17", 
        "expense": 77, 
        "debit_or_credit": -1, 
        "subaccount": null
    }
},
{
    "pk": 84, 
    "model": "budget_app.expensebudgetline", 
    "fields": {
        "budget_line": 10, 
        "amount": "7767.75", 
        "expense": 78, 
        "debit_or_credit": -1, 
        "subaccount": null
    }
},
{
    "pk": 85, 
    "model": "budget_app.expensebudgetline", 
    "fields": {
        "budget_line": 2, 
        "amount": "640", 
        "expense": 79, 
        "debit_or_credit": -1, 
        "subaccount": 14
    }
},
{
    "pk": 86, 
    "model": "budget_app.expensebudgetline", 
    "fields": {
        "budget_line": 4, 
        "amount": "233.64", 
        "expense": 80, 
        "debit_or_credit": 1, 
        "subaccount": 11
    }
},
{
    "pk": 87, 
    "model": "budget_app.expensebudgetline", 
    "fields": {
        "budget_line": 4, 
        "amount": "46.73", 
        "expense": 81, 
        "debit_or_credit": 1, 
        "subaccount": 11
    }
},
{
    "pk": 88, 
    "model": "budget_app.expensebudgetline", 
    "fields": {
        "budget_line": 10, 
        "amount": "1236", 
        "expense": 82, 
        "debit_or_credit": -1, 
        "subaccount": null
    }
},
{
    "pk": 89, 
    "model": "budget_app.expensebudgetline", 
    "fields": {
        "budget_line": 7, 
        "amount": "8.4", 
        "expense": 83, 
        "debit_or_credit": -1, 
        "subaccount": null
    }
},
{
    "pk": 90, 
    "model": "budget_app.expensebudgetline", 
    "fields": {
        "budget_line": 7, 
        "amount": "14.97", 
        "expense": 84, 
        "debit_or_credit": -1, 
        "subaccount": null
    }
},
{
    "pk": 91, 
    "model": "budget_app.expensebudgetline", 
    "fields": {
        "budget_line": 5, 
        "amount": "480", 
        "expense": 85, 
        "debit_or_credit": 1, 
        "subaccount": null
    }
},
{
    "pk": 92, 
    "model": "budget_app.expensebudgetline", 
    "fields": {
        "budget_line": 4, 
        "amount": "23.39", 
        "expense": 86, 
        "debit_or_credit": -1, 
        "subaccount": 11
    }
},
{
    "pk": 93, 
    "model": "budget_app.expensebudgetline", 
    "fields": {
        "budget_line": 4, 
        "amount": "32.08", 
        "expense": 87, 
        "debit_or_credit": -1, 
        "subaccount": 11
    }
},
{
    "pk": 94, 
    "model": "budget_app.expensebudgetline", 
    "fields": {
        "budget_line": 4, 
        "amount": "10.61", 
        "expense": 88, 
        "debit_or_credit": -1, 
        "subaccount": 11
    }
},
{
    "pk": 95, 
    "model": "budget_app.expensebudgetline", 
    "fields": {
        "budget_line": 4, 
        "amount": "18.99", 
        "expense": 89, 
        "debit_or_credit": -1, 
        "subaccount": 11
    }
},
{
    "pk": 96, 
    "model": "budget_app.expensebudgetline", 
    "fields": {
        "budget_line": 4, 
        "amount": "12.88", 
        "expense": 90, 
        "debit_or_credit": -1, 
        "subaccount": 11
    }
},
{
    "pk": 97, 
    "model": "budget_app.expensebudgetline", 
    "fields": {
        "budget_line": 2, 
        "amount": "11.13", 
        "expense": 91, 
        "debit_or_credit": -1, 
        "subaccount": 13
    }
},
{
    "pk": 98, 
    "model": "budget_app.expensebudgetline", 
    "fields": {
        "budget_line": 12, 
        "amount": "18.63", 
        "expense": 92, 
        "debit_or_credit": -1, 
        "subaccount": null
    }
},
{
    "pk": 99, 
    "model": "budget_app.expensebudgetline", 
    "fields": {
        "budget_line": 2, 
        "amount": "36", 
        "expense": 93, 
        "debit_or_credit": -1, 
        "subaccount": 1
    }
},
{
    "pk": 100, 
    "model": "budget_app.expensebudgetline", 
    "fields": {
        "budget_line": 2, 
        "amount": "77.33", 
        "expense": 94, 
        "debit_or_credit": -1, 
        "subaccount": 2
    }
},
{
    "pk": 101, 
    "model": "budget_app.expensebudgetline", 
    "fields": {
        "budget_line": 12, 
        "amount": "54", 
        "expense": 95, 
        "debit_or_credit": -1, 
        "subaccount": null
    }
},
{
    "pk": 1, 
    "model": "budget_app.userpreferences", 
    "fields": {
        "view_checked_only": false, 
        "view_future_only": false, 
        "user": 2, 
        "view_encumbrances_only": false, 
        "fiscal_year_to_view": 1
    }
},
{
    "pk": 1, 
    "model": "budget_app.note", 
    "fields": {
        "note": "KK: Department to continue to pay for gas for balloon launches until the current supply is exhausted (two launches).  These launches will cost $500 each.  After this, NSL will cover the gas, but the launch cost will increase to $600.", 
        "created_at": "2014-10-09T18:14:15.015Z", 
        "updated_at": "2014-10-11T20:10:58.955Z", 
        "year": 1
    }
},
{
    "pk": 2, 
    "model": "budget_app.note", 
    "fields": {
        "note": "WB: 2015 FY will have an $8,000 charge for Mathematica license renewal", 
        "created_at": "2014-10-28T18:47:07.832Z", 
        "updated_at": "2014-10-28T18:47:07.836Z", 
        "year": 1
    }
}
]
