[{"pk": 1, "model": "contenttypes.contenttype", "fields": {"model": "permission", "name": "permission", "app_label": "auth"}}, {"pk": 2, "model": "contenttypes.contenttype", "fields": {"model": "group", "name": "group", "app_label": "auth"}}, {"pk": 3, "model": "contenttypes.contenttype", "fields": {"model": "user", "name": "user", "app_label": "auth"}}, {"pk": 4, "model": "contenttypes.contenttype", "fields": {"model": "contenttype", "name": "content type", "app_label": "contenttypes"}}, {"pk": 5, "model": "contenttypes.contenttype", "fields": {"model": "session", "name": "session", "app_label": "sessions"}}, {"pk": 6, "model": "contenttypes.contenttype", "fields": {"model": "site", "name": "site", "app_label": "sites"}}, {"pk": 7, "model": "contenttypes.contenttype", "fields": {"model": "logentry", "name": "log entry", "app_label": "admin"}}, {"pk": 8, "model": "contenttypes.contenttype", "fields": {"model": "person", "name": "person", "app_label": "budget_app"}}, {"pk": 9, "model": "contenttypes.contenttype", "fields": {"model": "fiscalyear", "name": "fiscal year", "app_label": "budget_app"}}, {"pk": 10, "model": "contenttypes.contenttype", "fields": {"model": "subaccount", "name": "sub account", "app_label": "budget_app"}}, {"pk": 11, "model": "contenttypes.contenttype", "fields": {"model": "department", "name": "department", "app_label": "budget_app"}}, {"pk": 12, "model": "contenttypes.contenttype", "fields": {"model": "budgetline", "name": "budget line", "app_label": "budget_app"}}, {"pk": 13, "model": "contenttypes.contenttype", "fields": {"model": "departmentmember", "name": "department member", "app_label": "budget_app"}}, {"pk": 14, "model": "contenttypes.contenttype", "fields": {"model": "creditcard", "name": "credit card", "app_label": "budget_app"}}, {"pk": 15, "model": "contenttypes.contenttype", "fields": {"model": "expense", "name": "expense", "app_label": "budget_app"}}, {"pk": 16, "model": "contenttypes.contenttype", "fields": {"model": "expensebudgetline", "name": "expense budget line", "app_label": "budget_app"}}, {"pk": 17, "model": "contenttypes.contenttype", "fields": {"model": "userpreferences", "name": "user preferences", "app_label": "budget_app"}}, {"pk": 18, "model": "contenttypes.contenttype", "fields": {"model": "note", "name": "note", "app_label": "budget_app"}}, {"pk": "3kpasb3cf2hdhqytzb2tgv272pmcvlm4", "model": "sessions.session", "fields": {"expire_date": "2014-11-19T22:59:51.270Z", "session_data": "ZDBjMWNiNGM1MTQwZDMwYTUwODM1OTQ1OTJkZDNmODEwMjQ3NzdlODqAAn1xAVgKAAAAdGVzdGNvb2tpZXECWAYAAAB3b3JrZWRxA3Mu"}}, {"pk": "5321wolpdngbzozhgvtjcpbu5eavl3pf", "model": "sessions.session", "fields": {"expire_date": "2014-11-28T02:46:24.460Z", "session_data": "ZDBjMWNiNGM1MTQwZDMwYTUwODM1OTQ1OTJkZDNmODEwMjQ3NzdlODqAAn1xAVgKAAAAdGVzdGNvb2tpZXECWAYAAAB3b3JrZWRxA3Mu"}}, {"pk": "5d6556v4nr3u30iuoohrwr1kocd6gyyi", "model": "sessions.session", "fields": {"expire_date": "2014-11-25T04:43:25.319Z", "session_data": "ZDBjMWNiNGM1MTQwZDMwYTUwODM1OTQ1OTJkZDNmODEwMjQ3NzdlODqAAn1xAVgKAAAAdGVzdGNvb2tpZXECWAYAAAB3b3JrZWRxA3Mu"}}, {"pk": "6j3cbtckxyvcphvztavmgj20qzo63nxv", "model": "sessions.session", "fields": {"expire_date": "2014-11-20T13:48:32.853Z", "session_data": "ZDBjMWNiNGM1MTQwZDMwYTUwODM1OTQ1OTJkZDNmODEwMjQ3NzdlODqAAn1xAVgKAAAAdGVzdGNvb2tpZXECWAYAAAB3b3JrZWRxA3Mu"}}, {"pk": "7ekwftg4alizg8u2uzv1b8405xd0vp7n", "model": "sessions.session", "fields": {"expire_date": "2014-11-25T13:28:11.871Z", "session_data": "MmJmZTg2ZWY4ODQ2ZDFiZGM1MGIyMTBlYzA4ZWE2NmI2MWQ5NTA1YzqAAn1xAShVEl9hdXRoX3VzZXJfYmFja2VuZHECVSlkamFuZ28uY29udHJpYi5hdXRoLmJhY2tlbmRzLk1vZGVsQmFja2VuZHEDVQ1fYXV0aF91c2VyX2lkcQRLA3Uu"}}, {"pk": "7hltopl09ksbiyzrc4ygny28qk8foss1", "model": "sessions.session", "fields": {"expire_date": "2014-12-12T15:33:58.405Z", "session_data": "ZDBjMWNiNGM1MTQwZDMwYTUwODM1OTQ1OTJkZDNmODEwMjQ3NzdlODqAAn1xAVgKAAAAdGVzdGNvb2tpZXECWAYAAAB3b3JrZWRxA3Mu"}}, {"pk": "a4xuhgi3i7lm4tfvapwoslaynhq1wbbw", "model": "sessions.session", "fields": {"expire_date": "2015-01-29T22:33:23.862Z", "session_data": "ZDBjMWNiNGM1MTQwZDMwYTUwODM1OTQ1OTJkZDNmODEwMjQ3NzdlODqAAn1xAVgKAAAAdGVzdGNvb2tpZXECWAYAAAB3b3JrZWRxA3Mu"}}, {"pk": "e8glg29f5jmxlwb61pf5p7nqlu700mfm", "model": "sessions.session", "fields": {"expire_date": "2014-11-25T13:54:33.324Z", "session_data": "MmJmZTg2ZWY4ODQ2ZDFiZGM1MGIyMTBlYzA4ZWE2NmI2MWQ5NTA1YzqAAn1xAShVEl9hdXRoX3VzZXJfYmFja2VuZHECVSlkamFuZ28uY29udHJpYi5hdXRoLmJhY2tlbmRzLk1vZGVsQmFja2VuZHEDVQ1fYXV0aF91c2VyX2lkcQRLA3Uu"}}, {"pk": "f6j2l429ku95vc7zkzj23quqia7juxy5", "model": "sessions.session", "fields": {"expire_date": "2014-11-25T22:33:20.344Z", "session_data": "NDkwZjQ5NWM1YWJlMzY0NzAwMDQ0MWYyMThlMjViMDRhOGM5ZTVmOTqAAn1xAVgKAAAAdGVzdGNvb2tpZVgGAAAAd29ya2VkcQJzLg=="}}, {"pk": "fnyc4xumnlbm3oe76e5efg86r8dadihm", "model": "sessions.session", "fields": {"expire_date": "2014-12-16T03:04:45.511Z", "session_data": "ZDBjMWNiNGM1MTQwZDMwYTUwODM1OTQ1OTJkZDNmODEwMjQ3NzdlODqAAn1xAVgKAAAAdGVzdGNvb2tpZXECWAYAAAB3b3JrZWRxA3Mu"}}, {"pk": "gz7dkumcxa4gzhn1zk5juosjgeznxxld", "model": "sessions.session", "fields": {"expire_date": "2014-12-10T03:16:26.350Z", "session_data": "ZDBjMWNiNGM1MTQwZDMwYTUwODM1OTQ1OTJkZDNmODEwMjQ3NzdlODqAAn1xAVgKAAAAdGVzdGNvb2tpZXECWAYAAAB3b3JrZWRxA3Mu"}}, {"pk": "ttqjb3lueypqyhazwo8fn3jefi9ie3s6", "model": "sessions.session", "fields": {"expire_date": "2014-11-29T00:40:27.791Z", "session_data": "ZDBjMWNiNGM1MTQwZDMwYTUwODM1OTQ1OTJkZDNmODEwMjQ3NzdlODqAAn1xAVgKAAAAdGVzdGNvb2tpZXECWAYAAAB3b3JrZWRxA3Mu"}}, {"pk": "yensj2bxuk6anq54dgiabns0gmvyemie", "model": "sessions.session", "fields": {"expire_date": "2014-12-02T15:57:31.026Z", "session_data": "ZDBjMWNiNGM1MTQwZDMwYTUwODM1OTQ1OTJkZDNmODEwMjQ3NzdlODqAAn1xAVgKAAAAdGVzdGNvb2tpZXECWAYAAAB3b3JrZWRxA3Mu"}}, {"pk": "zetq3iqfb7fp7t3jznpjakt2o1xkhism", "model": "sessions.session", "fields": {"expire_date": "2014-12-31T23:01:17.484Z", "session_data": "ZDBjMWNiNGM1MTQwZDMwYTUwODM1OTQ1OTJkZDNmODEwMjQ3NzdlODqAAn1xAVgKAAAAdGVzdGNvb2tpZXECWAYAAAB3b3JrZWRxA3Mu"}}, {"pk": 1, "model": "sites.site", "fields": {"domain": "example.com", "name": "example.com"}}, {"pk": 1, "model": "budget_app.person", "fields": {"first_name": "Joel", "last_name": "Gegner", "work_phone": "", "photo": "", "created_at": "2014-10-08T20:50:05.156Z", "updated_at": "2014-10-08T20:50:05.156Z", "home_phone": "", "cell_phone": "", "nickname": ""}}, {"pk": 2, "model": "budget_app.person", "fields": {"first_name": "Bill", "last_name": "Bauson", "work_phone": "", "photo": "", "created_at": "2014-10-08T20:50:15.939Z", "updated_at": "2014-10-08T20:50:15.939Z", "home_phone": "", "cell_phone": "", "nickname": ""}}, {"pk": 3, "model": "budget_app.person", "fields": {"first_name": "Bob", "last_name": "Davis", "work_phone": "", "photo": "", "created_at": "2014-10-08T20:50:25.772Z", "updated_at": "2014-10-08T20:50:25.772Z", "home_phone": "", "cell_phone": "", "nickname": ""}}, {"pk": 4, "model": "budget_app.person", "fields": {"first_name": "Lara", "last_name": "Horsley", "work_phone": "", "photo": "", "created_at": "2014-10-08T20:50:34.257Z", "updated_at": "2014-10-08T20:50:34.257Z", "home_phone": "", "cell_phone": "", "nickname": ""}}, {"pk": 5, "model": "budget_app.person", "fields": {"first_name": "John", "last_name": "Gavin", "work_phone": "", "photo": "", "created_at": "2014-10-08T20:50:43.137Z", "updated_at": "2014-10-08T20:50:43.137Z", "home_phone": "", "cell_phone": "", "nickname": ""}}, {"pk": 6, "model": "budget_app.person", "fields": {"first_name": "Sue", "last_name": "Gavin", "work_phone": "", "photo": "", "created_at": "2014-10-08T20:50:52.616Z", "updated_at": "2014-10-08T20:50:52.616Z", "home_phone": "", "cell_phone": "", "nickname": ""}}, {"pk": 7, "model": "budget_app.person", "fields": {"first_name": "Hank", "last_name": "Voss", "work_phone": "", "photo": "", "created_at": "2014-10-08T20:51:01.698Z", "updated_at": "2014-10-08T20:51:01.698Z", "home_phone": "", "cell_phone": "", "nickname": ""}}, {"pk": 8, "model": "budget_app.person", "fields": {"first_name": "Scott", "last_name": "Steckenrider", "work_phone": "", "photo": "", "created_at": "2014-10-08T20:51:14.968Z", "updated_at": "2014-10-08T20:51:14.968Z", "home_phone": "", "cell_phone": "", "nickname": ""}}, {"pk": 9, "model": "budget_app.person", "fields": {"first_name": "Ken", "last_name": "Kiers", "work_phone": "", "photo": "", "created_at": "2014-10-08T20:51:28.198Z", "updated_at": "2014-10-08T20:51:28.198Z", "home_phone": "", "cell_phone": "", "nickname": ""}}, {"pk": 10, "model": "budget_app.person", "fields": {"first_name": "Barb", "last_name": "Michael", "work_phone": "", "photo": "", "created_at": "2014-10-08T20:52:20.120Z", "updated_at": "2014-10-08T20:52:20.120Z", "home_phone": "", "cell_phone": "", "nickname": ""}}, {"pk": 1, "model": "budget_app.fiscalyear", "fields": {"end_on": "2015-05-31", "begin_on": "2014-06-01"}}, {"pk": 1, "model": "budget_app.subaccount", "fields": {"abbrev": "ENP104", "amount_available": "350", "name": "Introduction to Engineering", "fiscal_year": 1}}, {"pk": 2, "model": "budget_app.subaccount", "fields": {"abbrev": "ENP231", "amount_available": "500", "name": "Introduction to Electronics", "fiscal_year": 1}}, {"pk": 3, "model": "budget_app.subaccount", "fields": {"abbrev": "ENP252", "amount_available": "700", "name": "Principles of Engineering", "fiscal_year": 1}}, {"pk": 4, "model": "budget_app.subaccount", "fields": {"abbrev": "Kiers", "amount_available": "500", "name": "Kiers", "fiscal_year": 1}}, {"pk": 5, "model": "budget_app.subaccount", "fields": {"abbrev": "Davis", "amount_available": "500", "name": "Davis", "fiscal_year": 1}}, {"pk": 6, "model": "budget_app.subaccount", "fields": {"abbrev": "Gegner", "amount_available": "500", "name": "Gegner", "fiscal_year": 1}}, {"pk": 7, "model": "budget_app.subaccount", "fields": {"abbrev": "Voss", "amount_available": "500", "name": "Voss", "fiscal_year": 1}}, {"pk": 8, "model": "budget_app.subaccount", "fields": {"abbrev": "Steckenrider", "amount_available": "500", "name": "Steckenrider", "fiscal_year": 1}}, {"pk": 9, "model": "budget_app.subaccount", "fields": {"abbrev": "Chair Reserve", "amount_available": "3162", "name": "Chair Reserve", "fiscal_year": 1}}, {"pk": 10, "model": "budget_app.subaccount", "fields": {"abbrev": "General", "amount_available": "3900", "name": "General (Bill Bauson)", "fiscal_year": 1}}, {"pk": 11, "model": "budget_app.subaccount", "fields": {"abbrev": "Machine Shop", "amount_available": "1000", "name": "Machine Shop", "fiscal_year": 1}}, {"pk": 12, "model": "budget_app.subaccount", "fields": {"abbrev": "Picnics", "amount_available": "280", "name": "Picnics and Banquets", "fiscal_year": 1}}, {"pk": 13, "model": "budget_app.subaccount", "fields": {"abbrev": "Indiana Oxygen", "amount_available": "350", "name": "Indiana Oxygen", "fiscal_year": 1}}, {"pk": 14, "model": "budget_app.subaccount", "fields": {"abbrev": "Engr Cpstn", "amount_available": "1400", "name": "Engineering Capstone Sequence", "fiscal_year": 1}}, {"pk": 15, "model": "budget_app.subaccount", "fields": {"abbrev": "PHY201", "amount_available": "1400", "name": "Introduction to Astronomy", "fiscal_year": 1}}, {"pk": 16, "model": "budget_app.subaccount", "fields": {"abbrev": "PHY311", "amount_available": "350", "name": "Modern Physics", "fiscal_year": 1}}, {"pk": 17, "model": "budget_app.subaccount", "fields": {"abbrev": "Promotional", "amount_available": "0", "name": "Promotional", "fiscal_year": 1}}, {"pk": 18, "model": "budget_app.subaccount", "fields": {"abbrev": "ENP355", "amount_available": "0", "name": "Fluids", "fiscal_year": 1}}, {"pk": 19, "model": "budget_app.subaccount", "fields": {"abbrev": "ENP301", "amount_available": "350", "name": "Statics", "fiscal_year": 1}}, {"pk": 20, "model": "budget_app.subaccount", "fields": {"abbrev": "Lower Division", "amount_available": "2100", "name": "PHY203, 204, 211, 212", "fiscal_year": 1}}, {"pk": 21, "model": "budget_app.subaccount", "fields": {"abbrev": "ENP321", "amount_available": "150", "name": "Applied Electromagnetics", "fiscal_year": 1}}, {"pk": 22, "model": "budget_app.subaccount", "fields": {"abbrev": "ENP105", "amount_available": "0", "name": "Intro to Engineering Ethics", "fiscal_year": 1}}, {"pk": 23, "model": "budget_app.subaccount", "fields": {"abbrev": "ENP302", "amount_available": "210", "name": "Strength of Materials and Machine Desig", "fiscal_year": 1}}, {"pk": 24, "model": "budget_app.subaccount", "fields": {"abbrev": "ENP341", "amount_available": "350", "name": "Microcomputer Interfacin", "fiscal_year": 1}}, {"pk": 25, "model": "budget_app.subaccount", "fields": {"abbrev": "ENP332", "amount_available": "350", "name": "Control Systems", "fiscal_year": 1}}, {"pk": 26, "model": "budget_app.subaccount", "fields": {"abbrev": "ENP370", "amount_available": "0", "name": "Selected Topics", "fiscal_year": 1}}, {"pk": 27, "model": "budget_app.subaccount", "fields": {"abbrev": "ENP392", "amount_available": "700", "name": "Junior Engineering Project", "fiscal_year": 1}}, {"pk": 28, "model": "budget_app.subaccount", "fields": {"abbrev": "ENP394", "amount_available": "350", "name": "Advanced Engineering Project", "fiscal_year": 1}}, {"pk": 29, "model": "budget_app.subaccount", "fields": {"abbrev": "ENP491", "amount_available": "70", "name": "Review of the Fundamentals of Engineerin", "fiscal_year": 1}}, {"pk": 30, "model": "budget_app.subaccount", "fields": {"abbrev": "PHY321", "amount_available": "0", "name": "Electricity and Magnetism", "fiscal_year": 1}}, {"pk": 31, "model": "budget_app.subaccount", "fields": {"abbrev": "PHY330", "amount_available": "140", "name": "Advanced Lab", "fiscal_year": 1}}, {"pk": 32, "model": "budget_app.subaccount", "fields": {"abbrev": "PHY341", "amount_available": "0", "name": "Math Methods in Physics and Engineerin", "fiscal_year": 1}}, {"pk": 33, "model": "budget_app.subaccount", "fields": {"abbrev": "PHY350", "amount_available": "0", "name": "Thermodynamics and Statistical Mechanics", "fiscal_year": 1}}, {"pk": 34, "model": "budget_app.subaccount", "fields": {"abbrev": "PHY412", "amount_available": "0", "name": "Quantum Mechanics", "fiscal_year": 1}}, {"pk": 35, "model": "budget_app.subaccount", "fields": {"abbrev": "PHY441", "amount_available": "0", "name": "Advanced Mathematical Methods in Physics", "fiscal_year": 1}}, {"pk": 36, "model": "budget_app.subaccount", "fields": {"abbrev": "PHY491", "amount_available": "0", "name": "Preparation for the Physics GRE", "fiscal_year": 1}}, {"pk": 37, "model": "budget_app.subaccount", "fields": {"abbrev": "ENP450", "amount_available": "0", "name": "Directed Research", "fiscal_year": 1}}, {"pk": 38, "model": "budget_app.subaccount", "fields": {"abbrev": "Eventual FRF", "amount_available": "-500", "name": "Eventual FRF", "fiscal_year": 1}}, {"pk": 1, "model": "budget_app.department", "fields": {"name": "Physics and Engineering"}}, {"pk": 2, "model": "budget_app.department", "fields": {"name": "ELEO"}}, {"pk": 3, "model": "budget_app.department", "fields": {"name": "Euler"}}, {"pk": 1, "model": "budget_app.budgetline", "fields": {"code": "132010", "name": "Student Wages", "amount_available": "11524", "fiscal_year": 1, "has_subaccounts": false, "department": 1}}, {"pk": 2, "model": "budget_app.budgetline", "fields": {"code": "132020", "name": "Instructional Material", "amount_available": "8662", "fiscal_year": 1, "has_subaccounts": true, "department": 1}}, {"pk": 3, "model": "budget_app.budgetline", "fields": {"code": "132021", "name": "Field Trips", "amount_available": "1000", "fiscal_year": 1, "has_subaccounts": false, "department": 1}}, {"pk": 4, "model": "budget_app.budgetline", "fields": {"code": "132036", "name": "Equipment", "amount_available": "12000", "fiscal_year": 1, "has_subaccounts": true, "department": 1}}, {"pk": 5, "model": "budget_app.budgetline", "fields": {"code": "132082", "name": "Practicums", "amount_available": "0", "fiscal_year": 1, "has_subaccounts": false, "department": 1}}, {"pk": 6, "model": "budget_app.budgetline", "fields": {"code": "132022", "name": "Office Supplies", "amount_available": "2500", "fiscal_year": 1, "has_subaccounts": false, "department": 1}}, {"pk": 7, "model": "budget_app.budgetline", "fields": {"code": "132023", "name": "Long Distance", "amount_available": "250", "fiscal_year": 1, "has_subaccounts": false, "department": 1}}, {"pk": 8, "model": "budget_app.budgetline", "fields": {"code": "132024", "name": "Copying", "amount_available": "1500", "fiscal_year": 1, "has_subaccounts": false, "department": 1}}, {"pk": 9, "model": "budget_app.budgetline", "fields": {"code": "132025", "name": "Printing", "amount_available": "830", "fiscal_year": 1, "has_subaccounts": false, "department": 1}}, {"pk": 10, "model": "budget_app.budgetline", "fields": {"code": "132063", "name": "Software", "amount_available": "9700", "fiscal_year": 1, "has_subaccounts": false, "department": 1}}, {"pk": 11, "model": "budget_app.budgetline", "fields": {"code": "132027", "name": "Travel", "amount_available": "400", "fiscal_year": 1, "has_subaccounts": false, "department": 1}}, {"pk": 12, "model": "budget_app.budgetline", "fields": {"code": "132030", "name": "Entertainment", "amount_available": "100", "fiscal_year": 1, "has_subaccounts": false, "department": 1}}, {"pk": 13, "model": "budget_app.budgetline", "fields": {"code": "132026", "name": "Postage", "amount_available": "330", "fiscal_year": 1, "has_subaccounts": false, "department": 1}}, {"pk": 14, "model": "budget_app.budgetline", "fields": {"code": "132062", "name": "Maintenance Contracts", "amount_available": "6000", "fiscal_year": 1, "has_subaccounts": false, "department": 1}}, {"pk": 15, "model": "budget_app.budgetline", "fields": {"code": "ELEO40", "name": "ELEO Operating Supplies", "amount_available": "0", "fiscal_year": 1, "has_subaccounts": false, "department": 2}}, {"pk": 16, "model": "budget_app.budgetline", "fields": {"code": "ELEO27", "name": "ELEO Travel", "amount_available": "-500", "fiscal_year": 1, "has_subaccounts": false, "department": 2}}, {"pk": 17, "model": "budget_app.budgetline", "fields": {"code": "ELEO39", "name": "ELEO Outside Services", "amount_available": "0", "fiscal_year": 1, "has_subaccounts": false, "department": 2}}, {"pk": 18, "model": "budget_app.budgetline", "fields": {"code": "132090", "name": "Funds rolled forward", "amount_available": "29384", "fiscal_year": 1, "has_subaccounts": false, "department": 1}}, {"pk": 19, "model": "budget_app.budgetline", "fields": {"code": "132094", "name": "Special Course Fees", "amount_available": "0", "fiscal_year": 1, "has_subaccounts": false, "department": 1}}, {"pk": 1, "model": "budget_app.departmentmember", "fields": {"position": "Asst"}}, {"pk": 2, "model": "budget_app.departmentmember", "fields": {"position": "Staff"}}, {"pk": 3, "model": "budget_app.departmentmember", "fields": {"position": "Full"}}, {"pk": 4, "model": "budget_app.departmentmember", "fields": {"position": "Staff"}}, {"pk": 5, "model": "budget_app.departmentmember", "fields": {"position": "Staff"}}, {"pk": 6, "model": "budget_app.departmentmember", "fields": {"position": "Staff"}}, {"pk": 7, "model": "budget_app.departmentmember", "fields": {"position": "Full"}}, {"pk": 8, "model": "budget_app.departmentmember", "fields": {"position": "Assoc"}}, {"pk": 9, "model": "budget_app.departmentmember", "fields": {"position": "Full"}}, {"pk": 10, "model": "budget_app.departmentmember", "fields": {"position": "Staff"}}, {"pk": 1, "model": "budget_app.creditcard", "fields": {"person": 2}}, {"pk": 2, "model": "budget_app.creditcard", "fields": {"person": 6}}, {"pk": 3, "model": "budget_app.creditcard", "fields": {"person": 1}}, {"pk": 4, "model": "budget_app.creditcard", "fields": {"person": 9}}, {"pk": 5, "model": "budget_app.creditcard", "fields": {"person": 4}}, {"pk": 6, "model": "budget_app.creditcard", "fields": {"person": 10}}, {"pk": 1, "model": "budget_app.expense", "fields": {"encumbered": false, "description": "ENCO", "charged_by": 5, "credit_card": 5, "future_expense": false, "extra_note": "LH cc", "date": "2014-06-04", "checked": true}}, {"pk": 4, "model": "budget_app.expense", "fields": {"encumbered": false, "description": "Nameplate for Bill's office", "charged_by": 9, "credit_card": 4, "future_expense": false, "extra_note": "", "date": "2014-06-02", "checked": true}}, {"pk": 5, "model": "budget_app.expense", "fields": {"encumbered": false, "description": "Sparkfun Inventor's Kit", "charged_by": 2, "credit_card": null, "future_expense": false, "extra_note": "Internal purchase of kit from ENP231 to PHY201", "date": "2014-10-13", "checked": false}}, {"pk": 7, "model": "budget_app.expense", "fields": {"encumbered": false, "description": "Observatory area light, needles for solder paste", "charged_by": 2, "credit_card": 1, "future_expense": false, "extra_note": "", "date": "2014-10-17", "checked": false}}, {"pk": 8, "model": "budget_app.expense", "fields": {"encumbered": false, "description": "Desoldering braid", "charged_by": 2, "credit_card": 1, "future_expense": false, "extra_note": "", "date": "2014-10-17", "checked": false}}, {"pk": 9, "model": "budget_app.expense", "fields": {"encumbered": false, "description": "RGB LED's", "charged_by": 2, "credit_card": 1, "future_expense": false, "extra_note": "", "date": "2014-10-17", "checked": false}}, {"pk": 10, "model": "budget_app.expense", "fields": {"encumbered": false, "description": "Pipette bulbs for Millikan Oil Drop experiment", "charged_by": 2, "credit_card": 1, "future_expense": false, "extra_note": "", "date": "2014-10-17", "checked": false}}, {"pk": 11, "model": "budget_app.expense", "fields": {"encumbered": false, "description": "Black acrylic for LED trinkets", "charged_by": 2, "credit_card": 1, "future_expense": false, "extra_note": "ECLIPSE / 24@Taylor event; To be partially covered by Admissions", "date": "2014-10-17", "checked": false}}, {"pk": 12, "model": "budget_app.expense", "fields": {"encumbered": false, "description": "Barebones PCB's for LED trinket", "charged_by": 2, "credit_card": 1, "future_expense": false, "extra_note": "ECLIPSE / 24@Taylor event; To be partially covered by Admissions", "date": "2014-10-17", "checked": false}}, {"pk": 13, "model": "budget_app.expense", "fields": {"encumbered": false, "description": "Batteries for LED trinket", "charged_by": 2, "credit_card": 1, "future_expense": false, "extra_note": "ECLIPSE / 24@Taylor event; To be partially covered by Admissions", "date": "2014-10-16", "checked": false}}, {"pk": 14, "model": "budget_app.expense", "fields": {"encumbered": false, "description": "Electronic parts for LED trinket", "charged_by": 2, "credit_card": 1, "future_expense": false, "extra_note": "ECLIPSE / 24@Taylor event; To be partially covered by Admissions", "date": "2014-10-16", "checked": false}}, {"pk": 15, "model": "budget_app.expense", "fields": {"encumbered": false, "description": "Swage fittings, screws for shop", "charged_by": 2, "credit_card": 1, "future_expense": false, "extra_note": "", "date": "2014-10-16", "checked": false}}, {"pk": 16, "model": "budget_app.expense", "fields": {"encumbered": false, "description": "LED's for LED trinkets", "charged_by": 2, "credit_card": 1, "future_expense": false, "extra_note": "ECLIPSE / 24@Taylor event; To be partially covered by Admissions", "date": "2014-10-16", "checked": false}}, {"pk": 17, "model": "budget_app.expense", "fields": {"encumbered": false, "description": "Young's Water", "charged_by": 9, "credit_card": null, "future_expense": false, "extra_note": "", "date": "2014-10-15", "checked": false}}, {"pk": 19, "model": "budget_app.expense", "fields": {"encumbered": false, "description": "Color copying at library", "charged_by": 3, "credit_card": null, "future_expense": false, "extra_note": "", "date": "2014-10-03", "checked": true}}, {"pk": 20, "model": "budget_app.expense", "fields": {"encumbered": false, "description": "Reimburse K. Yoshino for travel to AF SERB conf", "charged_by": null, "credit_card": null, "future_expense": false, "extra_note": "", "date": "2014-09-19", "checked": true}}, {"pk": 21, "model": "budget_app.expense", "fields": {"encumbered": false, "description": "Gift cards non-TU speakers", "charged_by": null, "credit_card": null, "future_expense": false, "extra_note": "Chandler Chapman", "date": "2014-09-30", "checked": true}}, {"pk": 23, "model": "budget_app.expense", "fields": {"encumbered": false, "description": "Parts for fluid tank", "charged_by": 2, "credit_card": 1, "future_expense": false, "extra_note": "For ENP355", "date": "2014-09-18", "checked": true}}, {"pk": 24, "model": "budget_app.expense", "fields": {"encumbered": false, "description": "Pizza for 12 people - reimbursed to K. Kiers", "charged_by": 9, "credit_card": null, "future_expense": false, "extra_note": "", "date": "2014-09-08", "checked": true}}, {"pk": 25, "model": "budget_app.expense", "fields": {"encumbered": false, "description": "Solar eclipse viewers", "charged_by": 2, "credit_card": 1, "future_expense": false, "extra_note": "?Split between astronomy and promotion?", "date": "2014-10-09", "checked": false}}, {"pk": 26, "model": "budget_app.expense", "fields": {"encumbered": false, "description": "Eagle software upgrade", "charged_by": 2, "credit_card": 1, "future_expense": false, "extra_note": "", "date": "2014-10-06", "checked": false}}, {"pk": 27, "model": "budget_app.expense", "fields": {"encumbered": false, "description": "Prism and optics cleaning supplies", "charged_by": 2, "credit_card": 1, "future_expense": false, "extra_note": "", "date": "2014-09-17", "checked": true}}, {"pk": 28, "model": "budget_app.expense", "fields": {"encumbered": false, "description": "Dept picnic - DC charge", "charged_by": 3, "credit_card": null, "future_expense": false, "extra_note": "", "date": "2014-09-14", "checked": true}}, {"pk": 29, "model": "budget_app.expense", "fields": {"encumbered": false, "description": "Dept picnic - B. Davis reimbursement", "charged_by": 3, "credit_card": null, "future_expense": false, "extra_note": "", "date": "2014-09-16", "checked": true}}, {"pk": 30, "model": "budget_app.expense", "fields": {"encumbered": false, "description": "MathCAD Maint fee", "charged_by": 2, "credit_card": 1, "future_expense": false, "extra_note": "", "date": "2014-09-17", "checked": true}}, {"pk": 31, "model": "budget_app.expense", "fields": {"encumbered": false, "description": "Bandsaw blades for shop", "charged_by": 2, "credit_card": 1, "future_expense": false, "extra_note": "", "date": "2014-09-17", "checked": true}}, {"pk": 32, "model": "budget_app.expense", "fields": {"encumbered": false, "description": "Sanding belts and discs", "charged_by": 2, "credit_card": 1, "future_expense": false, "extra_note": "", "date": "2014-09-17", "checked": true}}, {"pk": 33, "model": "budget_app.expense", "fields": {"encumbered": false, "description": "Batteries for timers", "charged_by": 2, "credit_card": 1, "future_expense": false, "extra_note": "", "date": "2014-09-17", "checked": true}}, {"pk": 34, "model": "budget_app.expense", "fields": {"encumbered": false, "description": "Drill rods and bits for bridges", "charged_by": 2, "credit_card": 1, "future_expense": false, "extra_note": "", "date": "2014-09-17", "checked": true}}, {"pk": 35, "model": "budget_app.expense", "fields": {"encumbered": false, "description": "Plexiglas for bridges", "charged_by": 2, "credit_card": 1, "future_expense": false, "extra_note": "", "date": "2014-09-17", "checked": true}}, {"pk": 36, "model": "budget_app.expense", "fields": {"encumbered": false, "description": "Popsicle sticks for bridges", "charged_by": 2, "credit_card": 1, "future_expense": false, "extra_note": "", "date": "2014-09-17", "checked": true}}, {"pk": 37, "model": "budget_app.expense", "fields": {"encumbered": false, "description": "Drawer dividers", "charged_by": 10, "credit_card": 6, "future_expense": true, "extra_note": "", "date": "2014-09-17", "checked": false}}, {"pk": 38, "model": "budget_app.expense", "fields": {"encumbered": false, "description": "Safety glasses", "charged_by": null, "credit_card": null, "future_expense": true, "extra_note": "Ordered by Rita Puckett", "date": "2014-09-17", "checked": false}}, {"pk": 39, "model": "budget_app.expense", "fields": {"encumbered": false, "description": "Deburring wheels, carbide inserts, etc.", "charged_by": 2, "credit_card": 1, "future_expense": false, "extra_note": "", "date": "2014-09-10", "checked": true}}, {"pk": 40, "model": "budget_app.expense", "fields": {"encumbered": false, "description": "Micrometers", "charged_by": 3, "credit_card": null, "future_expense": false, "extra_note": "Reimbursement to Bob Davis", "date": "2014-09-08", "checked": true}}, {"pk": 41, "model": "budget_app.expense", "fields": {"encumbered": false, "description": "eBeam Edge and Capture", "charged_by": 1, "credit_card": 3, "future_expense": false, "extra_note": "For general use", "date": "2014-08-22", "checked": true}}, {"pk": 42, "model": "budget_app.expense", "fields": {"encumbered": false, "description": "V100 laptop mouse", "charged_by": 1, "credit_card": 3, "future_expense": false, "extra_note": "", "date": "2014-08-18", "checked": true}}, {"pk": 43, "model": "budget_app.expense", "fields": {"encumbered": false, "description": "Amazon Prime membership", "charged_by": 2, "credit_card": 1, "future_expense": false, "extra_note": "", "date": "2014-08-21", "checked": true}}, {"pk": 44, "model": "budget_app.expense", "fields": {"encumbered": false, "description": "Transferred from CSE as contribution", "charged_by": null, "credit_card": null, "future_expense": false, "extra_note": "Don't know actual date", "date": "2014-08-04", "checked": true}}, {"pk": 45, "model": "budget_app.expense", "fields": {"encumbered": false, "description": "Shop air filtration", "charged_by": 6, "credit_card": 2, "future_expense": false, "extra_note": "HVAC foil tape, PVC coupling for laser", "date": "2014-08-22", "checked": true}}, {"pk": 46, "model": "budget_app.expense", "fields": {"encumbered": false, "description": "Shop air filtration", "charged_by": 6, "credit_card": 2, "future_expense": false, "extra_note": "", "date": "2014-08-05", "checked": true}}, {"pk": 47, "model": "budget_app.expense", "fields": {"encumbered": false, "description": "USB microphone for recording classes", "charged_by": 2, "credit_card": 1, "future_expense": false, "extra_note": "For ENP231", "date": "2014-08-26", "checked": true}}, {"pk": 49, "model": "budget_app.expense", "fields": {"encumbered": false, "description": "Reimburse J. Gavin for collecting donated matl", "charged_by": null, "credit_card": null, "future_expense": false, "extra_note": "", "date": "2014-08-19", "checked": true}}, {"pk": 50, "model": "budget_app.expense", "fields": {"encumbered": false, "description": "Heat shrink tubing", "charged_by": 2, "credit_card": 1, "future_expense": false, "extra_note": "", "date": "2014-08-18", "checked": true}}, {"pk": 51, "model": "budget_app.expense", "fields": {"encumbered": false, "description": "Label maker tape", "charged_by": 2, "credit_card": 1, "future_expense": false, "extra_note": "", "date": "2014-08-19", "checked": true}}, {"pk": 52, "model": "budget_app.expense", "fields": {"encumbered": false, "description": "Soldering iron tips", "charged_by": 2, "credit_card": 1, "future_expense": false, "extra_note": "", "date": "2014-08-18", "checked": true}}, {"pk": 53, "model": "budget_app.expense", "fields": {"encumbered": false, "description": "Brad nails and Gorilla glue for Jeopardy boxes", "charged_by": 6, "credit_card": 2, "future_expense": false, "extra_note": "", "date": "2014-10-08", "checked": false}}, {"pk": 54, "model": "budget_app.expense", "fields": {"encumbered": false, "description": "Duct work for Smog Hog - G. Eley", "charged_by": null, "credit_card": null, "future_expense": false, "extra_note": "", "date": "2014-08-18", "checked": true}}, {"pk": 55, "model": "budget_app.expense", "fields": {"encumbered": false, "description": "Cables for EU229 lab", "charged_by": 2, "credit_card": 1, "future_expense": false, "extra_note": "", "date": "2014-08-15", "checked": true}}, {"pk": 56, "model": "budget_app.expense", "fields": {"encumbered": false, "description": "Parts for fluid tank", "charged_by": 2, "credit_card": 1, "future_expense": false, "extra_note": "For ENP355", "date": "2014-08-12", "checked": true}}, {"pk": 57, "model": "budget_app.expense", "fields": {"encumbered": false, "description": "Parts for fluid tank", "charged_by": 2, "credit_card": 1, "future_expense": false, "extra_note": "For ENP355", "date": "2014-08-12", "checked": true}}, {"pk": 58, "model": "budget_app.expense", "fields": {"encumbered": false, "description": "Parts for fluid tank", "charged_by": 2, "credit_card": 1, "future_expense": false, "extra_note": "For ENP355", "date": "2014-08-12", "checked": true}}, {"pk": 59, "model": "budget_app.expense", "fields": {"encumbered": false, "description": "Caustic tank parts", "charged_by": 6, "credit_card": 2, "future_expense": false, "extra_note": "", "date": "2014-10-06", "checked": false}}, {"pk": 60, "model": "budget_app.expense", "fields": {"encumbered": false, "description": "N connectors, cable ties", "charged_by": 2, "credit_card": 1, "future_expense": false, "extra_note": "", "date": "2014-08-18", "checked": true}}, {"pk": 61, "model": "budget_app.expense", "fields": {"encumbered": false, "description": "Dept award plaque engraving", "charged_by": 2, "credit_card": 1, "future_expense": false, "extra_note": "", "date": "2014-08-11", "checked": true}}, {"pk": 62, "model": "budget_app.expense", "fields": {"encumbered": false, "description": "Storage supplies - B. Davis reimbursement", "charged_by": 3, "credit_card": null, "future_expense": false, "extra_note": "", "date": "2014-08-08", "checked": true}}, {"pk": 63, "model": "budget_app.expense", "fields": {"encumbered": false, "description": "Digital calipers", "charged_by": 2, "credit_card": 1, "future_expense": false, "extra_note": "", "date": "2014-08-02", "checked": true}}, {"pk": 64, "model": "budget_app.expense", "fields": {"encumbered": false, "description": "Nitrile gloves", "charged_by": 2, "credit_card": 1, "future_expense": false, "extra_note": "", "date": "2014-07-31", "checked": true}}, {"pk": 65, "model": "budget_app.expense", "fields": {"encumbered": false, "description": "Spray graphite", "charged_by": null, "credit_card": null, "future_expense": false, "extra_note": "Ordered by Rita Puckett", "date": "2014-10-31", "checked": true}}, {"pk": 66, "model": "budget_app.expense", "fields": {"encumbered": false, "description": "Digital calipers and machinist gloves", "charged_by": 2, "credit_card": 1, "future_expense": false, "extra_note": "", "date": "2014-07-29", "checked": true}}, {"pk": 67, "model": "budget_app.expense", "fields": {"encumbered": false, "description": "dinner with faculty candidate", "charged_by": 9, "credit_card": null, "future_expense": false, "extra_note": "", "date": "2014-07-26", "checked": true}}, {"pk": 68, "model": "budget_app.expense", "fields": {"encumbered": false, "description": "Postage", "charged_by": null, "credit_card": null, "future_expense": false, "extra_note": "", "date": "2014-10-16", "checked": true}}, {"pk": 69, "model": "budget_app.expense", "fields": {"encumbered": false, "description": "Taps for CNC retrofit", "charged_by": 2, "credit_card": 1, "future_expense": false, "extra_note": "", "date": "2014-07-25", "checked": true}}, {"pk": 70, "model": "budget_app.expense", "fields": {"encumbered": false, "description": "Clamps", "charged_by": 2, "credit_card": 1, "future_expense": false, "extra_note": "", "date": "2014-07-25", "checked": true}}, {"pk": 71, "model": "budget_app.expense", "fields": {"encumbered": false, "description": "Small Sat conference", "charged_by": 9, "credit_card": null, "future_expense": false, "extra_note": "Reimbursed from HVIN27", "date": "2014-07-23", "checked": true}}, {"pk": 72, "model": "budget_app.expense", "fields": {"encumbered": false, "description": "Acrylic for dept use - Cunningham glass", "charged_by": 9, "credit_card": null, "future_expense": false, "extra_note": "", "date": "2014-07-21", "checked": true}}, {"pk": 73, "model": "budget_app.expense", "fields": {"encumbered": false, "description": "Indiana Oxygen", "charged_by": 9, "credit_card": null, "future_expense": false, "extra_note": "", "date": "2014-07-21", "checked": true}}, {"pk": 74, "model": "budget_app.expense", "fields": {"encumbered": false, "description": "Indiana Oxygen", "charged_by": 9, "credit_card": null, "future_expense": false, "extra_note": "", "date": "2014-07-21", "checked": true}}, {"pk": 75, "model": "budget_app.expense", "fields": {"encumbered": false, "description": "Student wages", "charged_by": 9, "credit_card": null, "future_expense": false, "extra_note": "", "date": "2014-07-18", "checked": true}}, {"pk": 76, "model": "budget_app.expense", "fields": {"encumbered": false, "description": "Postage", "charged_by": 9, "credit_card": null, "future_expense": false, "extra_note": "", "date": "2014-07-11", "checked": true}}, {"pk": 77, "model": "budget_app.expense", "fields": {"encumbered": false, "description": "Long distance charge", "charged_by": 9, "credit_card": null, "future_expense": false, "extra_note": "", "date": "2014-07-10", "checked": true}}, {"pk": 78, "model": "budget_app.expense", "fields": {"encumbered": false, "description": "Wolfram license", "charged_by": 9, "credit_card": null, "future_expense": false, "extra_note": "", "date": "2014-07-10", "checked": true}}, {"pk": 80, "model": "budget_app.expense", "fields": {"encumbered": false, "description": "Used equipment sale", "charged_by": 9, "credit_card": null, "future_expense": false, "extra_note": "", "date": "2014-06-30", "checked": true}}, {"pk": 81, "model": "budget_app.expense", "fields": {"encumbered": false, "description": "Used equipment sale", "charged_by": 9, "credit_card": null, "future_expense": false, "extra_note": "", "date": "2014-06-30", "checked": true}}, {"pk": 82, "model": "budget_app.expense", "fields": {"encumbered": false, "description": "Mathworks (Matlab)", "charged_by": 9, "credit_card": null, "future_expense": false, "extra_note": "Nathan Lickey cc", "date": "2014-06-10", "checked": true}}, {"pk": 83, "model": "budget_app.expense", "fields": {"encumbered": false, "description": "Long distance charge", "charged_by": 9, "credit_card": null, "future_expense": false, "extra_note": "", "date": "2014-06-09", "checked": true}}, {"pk": 84, "model": "budget_app.expense", "fields": {"encumbered": false, "description": "Long distance charge", "charged_by": 9, "credit_card": null, "future_expense": false, "extra_note": "", "date": "2014-06-03", "checked": true}}, {"pk": 85, "model": "budget_app.expense", "fields": {"encumbered": false, "description": "Money for practicum visits", "charged_by": 9, "credit_card": null, "future_expense": false, "extra_note": "", "date": "2014-06-30", "checked": true}}, {"pk": 86, "model": "budget_app.expense", "fields": {"encumbered": false, "description": "McMaster-Carr", "charged_by": 9, "credit_card": null, "future_expense": false, "extra_note": "LH cc", "date": "2014-06-10", "checked": true}}, {"pk": 87, "model": "budget_app.expense", "fields": {"encumbered": false, "description": "McMaster-Carr", "charged_by": 9, "credit_card": null, "future_expense": false, "extra_note": "LH cc", "date": "2014-06-10", "checked": true}}, {"pk": 88, "model": "budget_app.expense", "fields": {"encumbered": false, "description": "McMaster-Carr", "charged_by": 9, "credit_card": null, "future_expense": false, "extra_note": "LH cc", "date": "2014-06-10", "checked": true}}, {"pk": 89, "model": "budget_app.expense", "fields": {"encumbered": false, "description": "Grizzly", "charged_by": 9, "credit_card": null, "future_expense": false, "extra_note": "LH cc", "date": "2014-06-10", "checked": true}}, {"pk": 91, "model": "budget_app.expense", "fields": {"encumbered": false, "description": "Indiana Oxygen", "charged_by": 9, "credit_card": null, "future_expense": false, "extra_note": "", "date": "2014-06-09", "checked": true}}, {"pk": 92, "model": "budget_app.expense", "fields": {"encumbered": false, "description": "Young's Water", "charged_by": 9, "credit_card": null, "future_expense": false, "extra_note": "", "date": "2014-06-10", "checked": true}}, {"pk": 93, "model": "budget_app.expense", "fields": {"encumbered": false, "description": "Solar lights for student projects", "charged_by": 2, "credit_card": 1, "future_expense": false, "extra_note": "", "date": "2014-11-04", "checked": false}}, {"pk": 94, "model": "budget_app.expense", "fields": {"encumbered": false, "description": "Mouser: ELEOSAT and ENP231 components", "charged_by": 2, "credit_card": 1, "future_expense": false, "extra_note": "", "date": "2014-10-02", "checked": true}}, {"pk": 95, "model": "budget_app.expense", "fields": {"encumbered": false, "description": "Young's Water", "charged_by": 4, "credit_card": null, "future_expense": false, "extra_note": "", "date": "2014-10-25", "checked": false}}, {"pk": 96, "model": "budget_app.expense", "fields": {"encumbered": false, "description": "Sparkfun: Magnetometers", "charged_by": 2, "credit_card": 1, "future_expense": false, "extra_note": "", "date": "2014-10-13", "checked": true}}, {"pk": 97, "model": "budget_app.expense", "fields": {"encumbered": false, "description": "Digikey: components for ELEOSAT", "charged_by": 2, "credit_card": 1, "future_expense": false, "extra_note": "", "date": "2014-10-07", "checked": true}}, {"pk": 98, "model": "budget_app.expense", "fields": {"encumbered": false, "description": "Sparkfun: Parts for ELEO and ENP231 Jeopardy Box", "charged_by": 2, "credit_card": 1, "future_expense": false, "extra_note": "", "date": "2014-10-02", "checked": true}}, {"pk": 99, "model": "budget_app.expense", "fields": {"encumbered": false, "description": "Digikey: spare parts for satellite", "charged_by": 2, "credit_card": 1, "future_expense": false, "extra_note": "", "date": "2014-09-23", "checked": true}}, {"pk": 100, "model": "budget_app.expense", "fields": {"encumbered": false, "description": "Digikey: Flight processor parts", "charged_by": 2, "credit_card": 1, "future_expense": false, "extra_note": "", "date": "2014-09-23", "checked": true}}, {"pk": 101, "model": "budget_app.expense", "fields": {"encumbered": false, "description": "Digikey: Langmuir Probe parts", "charged_by": 2, "credit_card": 1, "future_expense": false, "extra_note": "", "date": "2014-09-23", "checked": true}}, {"pk": 102, "model": "budget_app.expense", "fields": {"encumbered": false, "description": "ADACS components", "charged_by": 2, "credit_card": 1, "future_expense": false, "extra_note": "", "date": "2014-09-23", "checked": true}}, {"pk": 103, "model": "budget_app.expense", "fields": {"encumbered": false, "description": "Digikey: THEEF components", "charged_by": 2, "credit_card": 1, "future_expense": false, "extra_note": "", "date": "2014-09-23", "checked": true}}, {"pk": 104, "model": "budget_app.expense", "fields": {"encumbered": false, "description": "Digikey: parts for satellite", "charged_by": 2, "credit_card": 1, "future_expense": false, "extra_note": "", "date": "2014-09-23", "checked": true}}, {"pk": 105, "model": "budget_app.expense", "fields": {"encumbered": false, "description": "Microchip Direct: Flight Processor parts", "charged_by": 2, "credit_card": 1, "future_expense": false, "extra_note": "", "date": "2014-09-23", "checked": true}}, {"pk": 107, "model": "budget_app.expense", "fields": {"encumbered": false, "description": "Jones Spring Co: parts for ELEOSAT boom", "charged_by": 2, "credit_card": 1, "future_expense": false, "extra_note": "", "date": "2014-09-03", "checked": true}}, {"pk": 108, "model": "budget_app.expense", "fields": {"encumbered": false, "description": "AirfoilZ: carbon fiber for ELEOSAT boom", "charged_by": 2, "credit_card": 1, "future_expense": false, "extra_note": "", "date": "2014-09-03", "checked": true}}, {"pk": 109, "model": "budget_app.expense", "fields": {"encumbered": false, "description": "Cunningham Glass: acrylic for ELEOSAT", "charged_by": 2, "credit_card": 1, "future_expense": false, "extra_note": "", "date": "2014-08-01", "checked": true}}, {"pk": 110, "model": "budget_app.expense", "fields": {"encumbered": false, "description": "Utah State: Lodging for Small Sat conf", "charged_by": 2, "credit_card": 1, "future_expense": false, "extra_note": "", "date": "2014-07-31", "checked": true}}, {"pk": 111, "model": "budget_app.expense", "fields": {"encumbered": false, "description": "USAir: Return flight for K. Yoshino", "charged_by": 2, "credit_card": 1, "future_expense": false, "extra_note": "", "date": "2014-07-31", "checked": true}}, {"pk": 112, "model": "budget_app.expense", "fields": {"encumbered": false, "description": "McMaster-Carr: pins for ELEOSAT", "charged_by": 2, "credit_card": 1, "future_expense": false, "extra_note": "", "date": "2014-07-30", "checked": true}}, {"pk": 113, "model": "budget_app.expense", "fields": {"encumbered": false, "description": "Utah State: K. Cross conf registration", "charged_by": 2, "credit_card": 1, "future_expense": false, "extra_note": "", "date": "2014-07-25", "checked": true}}, {"pk": 114, "model": "budget_app.expense", "fields": {"encumbered": false, "description": "Utah State: A. Kilmer conf registration", "charged_by": 2, "credit_card": 1, "future_expense": false, "extra_note": "", "date": "2014-07-25", "checked": true}}, {"pk": 115, "model": "budget_app.expense", "fields": {"encumbered": false, "description": "Utah State: J. Kiers conf registration", "charged_by": 2, "credit_card": 1, "future_expense": false, "extra_note": "", "date": "2014-07-25", "checked": true}}, {"pk": 116, "model": "budget_app.expense", "fields": {"encumbered": false, "description": "Mouser: ELEOSAT SSD parts", "charged_by": 2, "credit_card": 1, "future_expense": false, "extra_note": "", "date": "2014-07-25", "checked": true}}, {"pk": 117, "model": "budget_app.expense", "fields": {"encumbered": false, "description": "Mouser: ELEOSAT SSD parts", "charged_by": 2, "credit_card": 1, "future_expense": false, "extra_note": "", "date": "2014-07-25", "checked": true}}, {"pk": 118, "model": "budget_app.expense", "fields": {"encumbered": false, "description": "Mouser: ELEOSAT SSD and ADACS parts", "charged_by": 2, "credit_card": 1, "future_expense": false, "extra_note": "", "date": "2014-07-24", "checked": true}}, {"pk": 119, "model": "budget_app.expense", "fields": {"encumbered": false, "description": "Digikey: ELEOSAT SSD and ADACS parts", "charged_by": 2, "credit_card": 1, "future_expense": false, "extra_note": "", "date": "2014-07-24", "checked": true}}, {"pk": 120, "model": "budget_app.expense", "fields": {"encumbered": false, "description": "Advanced Circuits: 3 ADACS boards", "charged_by": 2, "credit_card": 1, "future_expense": false, "extra_note": "", "date": "2014-07-24", "checked": true}}, {"pk": 121, "model": "budget_app.expense", "fields": {"encumbered": false, "description": "Advanced Circuits: 2 THEEF boards", "charged_by": 2, "credit_card": 1, "future_expense": false, "extra_note": "", "date": "2014-07-24", "checked": true}}, {"pk": 122, "model": "budget_app.expense", "fields": {"encumbered": false, "description": "Sparkfun: ELEOSAT motherboard parts", "charged_by": 2, "credit_card": 1, "future_expense": false, "extra_note": "", "date": "2014-07-23", "checked": true}}, {"pk": 123, "model": "budget_app.expense", "fields": {"encumbered": false, "description": "Advanced Circuits: 3 Langmuir probe boards", "charged_by": 2, "credit_card": 1, "future_expense": false, "extra_note": "", "date": "2014-07-23", "checked": true}}, {"pk": 124, "model": "budget_app.expense", "fields": {"encumbered": false, "description": "Aircraft Spruce: Alodine & Metalprep for ELEOSAT", "charged_by": 2, "credit_card": 1, "future_expense": false, "extra_note": "", "date": "2014-07-22", "checked": true}}, {"pk": 125, "model": "budget_app.expense", "fields": {"encumbered": false, "description": "Servo City: ELEOSAT solar panel gears", "charged_by": 2, "credit_card": 1, "future_expense": false, "extra_note": "", "date": "2014-07-22", "checked": true}}, {"pk": 126, "model": "budget_app.expense", "fields": {"encumbered": false, "description": "Amazon: Glue for ELEOSAT boom", "charged_by": 2, "credit_card": 1, "future_expense": false, "extra_note": "", "date": "2014-07-22", "checked": true}}, {"pk": 127, "model": "budget_app.expense", "fields": {"encumbered": false, "description": "BMK Designs: carbon fiber for ELEOSAT boom", "charged_by": 2, "credit_card": 1, "future_expense": false, "extra_note": "", "date": "2014-07-22", "checked": true}}, {"pk": 128, "model": "budget_app.expense", "fields": {"encumbered": false, "description": "Advanced Circuits: 4 solar panel boards", "charged_by": 2, "credit_card": 1, "future_expense": false, "extra_note": "", "date": "2014-07-21", "checked": true}}, {"pk": 129, "model": "budget_app.expense", "fields": {"encumbered": false, "description": "Advanced Circuits: 10 SSD digital boards", "charged_by": 2, "credit_card": 1, "future_expense": false, "extra_note": "", "date": "2014-07-18", "checked": true}}, {"pk": 130, "model": "budget_app.expense", "fields": {"encumbered": false, "description": "Advanced Circuits: erroneous charge for boards", "charged_by": 2, "credit_card": 1, "future_expense": false, "extra_note": "Could go against ELEO40", "date": "2014-07-17", "checked": true}}, {"pk": 131, "model": "budget_app.expense", "fields": {"encumbered": false, "description": "McMaster-Carr: spring assortment, counters", "charged_by": 2, "credit_card": 1, "future_expense": false, "extra_note": "", "date": "2014-07-17", "checked": true}}, {"pk": 132, "model": "budget_app.expense", "fields": {"encumbered": false, "description": "Advanced Circuits: 10 SSD analog boards", "charged_by": 2, "credit_card": 1, "future_expense": false, "extra_note": "", "date": "2014-07-16", "checked": true}}, {"pk": 133, "model": "budget_app.expense", "fields": {"encumbered": false, "description": "PHY311 Chicago Field Trip: Lederman ctr, tolls", "charged_by": 9, "credit_card": 4, "future_expense": false, "extra_note": "", "date": "2014-11-05", "checked": false}}, {"pk": 134, "model": "budget_app.expense", "fields": {"encumbered": false, "description": "PHY311 Chicago Field Trip expense: tolls", "charged_by": 9, "credit_card": 4, "future_expense": false, "extra_note": "", "date": "2014-11-05", "checked": false}}, {"pk": 135, "model": "budget_app.expense", "fields": {"encumbered": false, "description": "Advanced Circuits: 2 THEEF PC boards", "charged_by": 2, "credit_card": 1, "future_expense": false, "extra_note": "", "date": "2014-11-06", "checked": false}}, {"pk": 136, "model": "budget_app.expense", "fields": {"encumbered": false, "description": "Snagit: software upgrade", "charged_by": 1, "credit_card": 3, "future_expense": false, "extra_note": "", "date": "2014-09-01", "checked": true}}, {"pk": 137, "model": "budget_app.expense", "fields": {"encumbered": false, "description": "Grizzly: Machine shop replacement parts", "charged_by": 5, "credit_card": 5, "future_expense": false, "extra_note": "", "date": "2014-09-24", "checked": true}}, {"pk": 138, "model": "budget_app.expense", "fields": {"encumbered": false, "description": "Orcad license renewal & maintenance contract", "charged_by": null, "credit_card": null, "future_expense": true, "extra_note": "Purch by Nathan Lickey", "date": "2014-09-30", "checked": false}}, {"pk": 139, "model": "budget_app.expense", "fields": {"encumbered": false, "description": "Advanced Circuits: 2 ADACS PC boards", "charged_by": 2, "credit_card": 1, "future_expense": false, "extra_note": "", "date": "2014-11-07", "checked": false}}, {"pk": 140, "model": "budget_app.expense", "fields": {"encumbered": false, "description": "ENP231 course fee", "charged_by": null, "credit_card": null, "future_expense": false, "extra_note": "For ENP231", "date": "2014-07-15", "checked": true}}, {"pk": 141, "model": "budget_app.expense", "fields": {"encumbered": false, "description": "Budg trnsf ATA Aerospace", "charged_by": null, "credit_card": null, "future_expense": false, "extra_note": "", "date": "2014-09-23", "checked": true}}, {"pk": 142, "model": "budget_app.expense", "fields": {"encumbered": false, "description": "Budget trnsf", "charged_by": null, "credit_card": null, "future_expense": false, "extra_note": "Donation from Indiana Broadcaster's Association", "date": "2014-10-27", "checked": true}}, {"pk": 143, "model": "budget_app.expense", "fields": {"encumbered": false, "description": "Indiana Oxygen", "charged_by": null, "credit_card": null, "future_expense": false, "extra_note": "Accrual", "date": "2014-06-01", "checked": true}}, {"pk": 144, "model": "budget_app.expense", "fields": {"encumbered": false, "description": "ASEE conf registration, engr Capstone", "charged_by": 7, "credit_card": null, "future_expense": false, "extra_note": "Prepaid FY15 expense", "date": "2014-06-01", "checked": true}}, {"pk": 145, "model": "budget_app.expense", "fields": {"encumbered": false, "description": "Indiana Oxygen", "charged_by": null, "credit_card": null, "future_expense": false, "extra_note": "", "date": "2014-06-18", "checked": true}}, {"pk": 146, "model": "budget_app.expense", "fields": {"encumbered": false, "description": "ETC charge", "charged_by": null, "credit_card": null, "future_expense": false, "extra_note": "Unknown", "date": "2014-07-31", "checked": true}}, {"pk": 147, "model": "budget_app.expense", "fields": {"encumbered": false, "description": "ETC charge", "charged_by": null, "credit_card": null, "future_expense": false, "extra_note": "Unknown", "date": "2014-07-31", "checked": true}}, {"pk": 148, "model": "budget_app.expense", "fields": {"encumbered": false, "description": "Campus Store charge", "charged_by": null, "credit_card": null, "future_expense": false, "extra_note": "Unknown", "date": "2014-08-27", "checked": true}}, {"pk": 149, "model": "budget_app.expense", "fields": {"encumbered": false, "description": "Campus Store charge", "charged_by": null, "credit_card": null, "future_expense": false, "extra_note": "Unknown", "date": "2014-09-05", "checked": true}}, {"pk": 150, "model": "budget_app.expense", "fields": {"encumbered": false, "description": "Zondervan Library T&LC", "charged_by": null, "credit_card": null, "future_expense": false, "extra_note": "Unknown", "date": "2014-10-21", "checked": true}}, {"pk": 151, "model": "budget_app.expense", "fields": {"encumbered": false, "description": "Edmund: Dry air for optics cleaning", "charged_by": 2, "credit_card": 1, "future_expense": false, "extra_note": "", "date": "2014-09-17", "checked": true}}, {"pk": 152, "model": "budget_app.expense", "fields": {"encumbered": false, "description": "Mouser: popcorn parts", "charged_by": 2, "credit_card": 1, "future_expense": false, "extra_note": "", "date": "2014-09-18", "checked": true}}, {"pk": 154, "model": "budget_app.expense", "fields": {"encumbered": false, "description": "Student wages", "charged_by": null, "credit_card": null, "future_expense": false, "extra_note": "", "date": "2014-09-12", "checked": true}}, {"pk": 155, "model": "budget_app.expense", "fields": {"encumbered": false, "description": "Student wages", "charged_by": null, "credit_card": null, "future_expense": false, "extra_note": "", "date": "2014-09-26", "checked": true}}, {"pk": 157, "model": "budget_app.expense", "fields": {"encumbered": false, "description": "Student wages", "charged_by": null, "credit_card": null, "future_expense": false, "extra_note": "", "date": "2014-10-10", "checked": true}}, {"pk": 158, "model": "budget_app.expense", "fields": {"encumbered": false, "description": "Student wages", "charged_by": null, "credit_card": null, "future_expense": false, "extra_note": "", "date": "2014-10-24", "checked": true}}, {"pk": 159, "model": "budget_app.expense", "fields": {"encumbered": false, "description": "OfficeMax", "charged_by": 10, "credit_card": null, "future_expense": false, "extra_note": "", "date": "2014-09-11", "checked": true}}, {"pk": 160, "model": "budget_app.expense", "fields": {"encumbered": false, "description": "OfficeMax", "charged_by": 10, "credit_card": null, "future_expense": false, "extra_note": "", "date": "2014-10-08", "checked": true}}, {"pk": 161, "model": "budget_app.expense", "fields": {"encumbered": false, "description": "July 2014 phone charges", "charged_by": null, "credit_card": null, "future_expense": false, "extra_note": "", "date": "2014-08-08", "checked": true}}, {"pk": 162, "model": "budget_app.expense", "fields": {"encumbered": false, "description": "Phone charges", "charged_by": null, "credit_card": null, "future_expense": false, "extra_note": "", "date": "2014-08-08", "checked": true}}, {"pk": 163, "model": "budget_app.expense", "fields": {"encumbered": false, "description": "Phone charges", "charged_by": null, "credit_card": null, "future_expense": false, "extra_note": "", "date": "2014-09-08", "checked": true}}, {"pk": 164, "model": "budget_app.expense", "fields": {"encumbered": false, "description": "Phone charges", "charged_by": null, "credit_card": null, "future_expense": false, "extra_note": "", "date": "2014-09-08", "checked": true}}, {"pk": 165, "model": "budget_app.expense", "fields": {"encumbered": false, "description": "Phone charges", "charged_by": null, "credit_card": null, "future_expense": false, "extra_note": "", "date": "2014-10-07", "checked": true}}, {"pk": 166, "model": "budget_app.expense", "fields": {"encumbered": false, "description": "Phone charges", "charged_by": null, "credit_card": null, "future_expense": false, "extra_note": "", "date": "2014-10-07", "checked": true}}, {"pk": 167, "model": "budget_app.expense", "fields": {"encumbered": false, "description": "Copying", "charged_by": 10, "credit_card": null, "future_expense": false, "extra_note": "", "date": "2014-09-26", "checked": true}}, {"pk": 168, "model": "budget_app.expense", "fields": {"encumbered": false, "description": "Copying", "charged_by": 10, "credit_card": null, "future_expense": false, "extra_note": "", "date": "2014-10-16", "checked": true}}, {"pk": 169, "model": "budget_app.expense", "fields": {"encumbered": false, "description": "copying", "charged_by": 10, "credit_card": null, "future_expense": false, "extra_note": "", "date": "2014-10-31", "checked": true}}, {"pk": 170, "model": "budget_app.expense", "fields": {"encumbered": false, "description": "Copying", "charged_by": 10, "credit_card": null, "future_expense": false, "extra_note": "", "date": "2014-10-31", "checked": true}}, {"pk": 171, "model": "budget_app.expense", "fields": {"encumbered": false, "description": "2014 physics lab manual", "charged_by": null, "credit_card": null, "future_expense": false, "extra_note": "", "date": "2014-09-24", "checked": true}}, {"pk": 172, "model": "budget_app.expense", "fields": {"encumbered": false, "description": "Capstone reading material", "charged_by": 7, "credit_card": null, "future_expense": false, "extra_note": "", "date": "2014-09-24", "checked": true}}, {"pk": 173, "model": "budget_app.expense", "fields": {"encumbered": false, "description": "Physics 201 lab manual", "charged_by": 7, "credit_card": null, "future_expense": false, "extra_note": "", "date": "2014-09-24", "checked": true}}, {"pk": 174, "model": "budget_app.expense", "fields": {"encumbered": false, "description": "Physics 311 lab manual", "charged_by": 9, "credit_card": null, "future_expense": false, "extra_note": "", "date": "2014-09-24", "checked": true}}, {"pk": 175, "model": "budget_app.expense", "fields": {"encumbered": false, "description": "Campus store 9/19", "charged_by": null, "credit_card": null, "future_expense": false, "extra_note": "", "date": "2014-10-14", "checked": true}}, {"pk": 176, "model": "budget_app.expense", "fields": {"encumbered": false, "description": "Postage", "charged_by": null, "credit_card": null, "future_expense": false, "extra_note": "", "date": "2014-09-29", "checked": true}}, {"pk": 177, "model": "budget_app.expense", "fields": {"encumbered": false, "description": "Amstutz, Leon - travel to Indiana Broadcasters", "charged_by": null, "credit_card": null, "future_expense": false, "extra_note": "", "date": "2014-10-29", "checked": true}}, {"pk": 178, "model": "budget_app.expense", "fields": {"encumbered": false, "description": "Travel for K. Yoshino to conference", "charged_by": 2, "credit_card": 1, "future_expense": false, "extra_note": "?Should be ELEO27?", "date": "2014-10-31", "checked": true}}, {"pk": 179, "model": "budget_app.expense", "fields": {"encumbered": false, "description": "Laser engraving for dept", "charged_by": null, "credit_card": null, "future_expense": false, "extra_note": "Duplicate?", "date": "2014-09-26", "checked": false}}, {"pk": 180, "model": "budget_app.expense", "fields": {"encumbered": false, "description": "J. Gegner credit for Lowes", "charged_by": 1, "credit_card": 3, "future_expense": false, "extra_note": "Purpose?", "date": "2014-07-31", "checked": true}}, {"pk": 181, "model": "budget_app.expense", "fields": {"encumbered": false, "description": "J. Gegner charge for Lowes", "charged_by": 1, "credit_card": 3, "future_expense": false, "extra_note": "Purpose?", "date": "2014-07-31", "checked": true}}, {"pk": 182, "model": "budget_app.expense", "fields": {"encumbered": false, "description": "Steckenrider - spectrometer", "charged_by": 8, "credit_card": null, "future_expense": false, "extra_note": "", "date": "2014-08-13", "checked": true}}, {"pk": 183, "model": "budget_app.expense", "fields": {"encumbered": false, "description": "Adam Kilmer - NU305 shelves", "charged_by": null, "credit_card": null, "future_expense": false, "extra_note": "Reimbursement", "date": "2014-09-10", "checked": true}}, {"pk": 184, "model": "budget_app.expense", "fields": {"encumbered": false, "description": "Grainger", "charged_by": null, "credit_card": null, "future_expense": false, "extra_note": "Purpose?", "date": "2014-09-29", "checked": true}}, {"pk": 185, "model": "budget_app.expense", "fields": {"encumbered": false, "description": "PHY311 course fees", "charged_by": null, "credit_card": null, "future_expense": false, "extra_note": "Transferred from 132092", "date": "2014-11-10", "checked": true}}, {"pk": 186, "model": "budget_app.expense", "fields": {"encumbered": false, "description": "Advanced Circuits: 5 SSD Dig PC boards", "charged_by": 2, "credit_card": 1, "future_expense": false, "extra_note": "", "date": "2014-11-11", "checked": false}}, {"pk": 187, "model": "budget_app.expense", "fields": {"encumbered": false, "description": "Young's Water", "charged_by": 4, "credit_card": null, "future_expense": false, "extra_note": "", "date": "2014-08-06", "checked": true}}, {"pk": 188, "model": "budget_app.expense", "fields": {"encumbered": false, "description": "Young's Water", "charged_by": 4, "credit_card": null, "future_expense": false, "extra_note": "", "date": "2014-09-10", "checked": true}}, {"pk": 189, "model": "budget_app.expense", "fields": {"encumbered": false, "description": "Young's Water", "charged_by": 4, "credit_card": null, "future_expense": false, "extra_note": "", "date": "2014-10-09", "checked": true}}, {"pk": 190, "model": "budget_app.expense", "fields": {"encumbered": false, "description": "Digikey: ELEOSAT and ENP231 parts", "charged_by": 2, "credit_card": 1, "future_expense": false, "extra_note": "", "date": "2014-11-12", "checked": false}}, {"pk": 191, "model": "budget_app.expense", "fields": {"encumbered": false, "description": "Ebay: ELEOSAT THEEF Components", "charged_by": 2, "credit_card": 1, "future_expense": false, "extra_note": "", "date": "2014-11-12", "checked": false}}, {"pk": 192, "model": "budget_app.expense", "fields": {"encumbered": false, "description": "PayPal: Parts for ELEOSAT THEEF sensor", "charged_by": 2, "credit_card": 1, "future_expense": false, "extra_note": "", "date": "2014-11-12", "checked": false}}, {"pk": 193, "model": "budget_app.expense", "fields": {"encumbered": false, "description": "Adv. Circuits: Credit for erroneous charge", "charged_by": 2, "credit_card": 1, "future_expense": false, "extra_note": "Should go to 132020, not ELEO40", "date": "2014-08-14", "checked": true}}, {"pk": 194, "model": "budget_app.expense", "fields": {"encumbered": false, "description": "Power supplies for ELEO work", "charged_by": 2, "credit_card": 1, "future_expense": false, "extra_note": "", "date": "2014-09-05", "checked": true}}, {"pk": 195, "model": "budget_app.expense", "fields": {"encumbered": false, "description": ";kj;lkj;lkj;", "charged_by": null, "credit_card": 4, "future_expense": false, "extra_note": "", "date": "2014-11-05", "checked": true}}, {"pk": 196, "model": "budget_app.expense", "fields": {"encumbered": false, "description": "temp2", "charged_by": null, "credit_card": null, "future_expense": false, "extra_note": "", "date": "2015-01-14", "checked": false}}, {"pk": 1, "model": "budget_app.expensebudgetline", "fields": {"budget_line": 4, "amount": "12.88", "expense": 1, "debit_or_credit": -1, "subaccount": 11}}, {"pk": 5, "model": "budget_app.expensebudgetline", "fields": {"budget_line": 9, "amount": "4.5", "expense": 4, "debit_or_credit": -1, "subaccount": null}}, {"pk": 6, "model": "budget_app.expensebudgetline", "fields": {"budget_line": 2, "amount": "50", "expense": 5, "debit_or_credit": -1, "subaccount": 15}}, {"pk": 8, "model": "budget_app.expensebudgetline", "fields": {"budget_line": 2, "amount": "30.36", "expense": 7, "debit_or_credit": -1, "subaccount": 15}}, {"pk": 10, "model": "budget_app.expensebudgetline", "fields": {"budget_line": 2, "amount": "50", "expense": 5, "debit_or_credit": 1, "subaccount": 2}}, {"pk": 11, "model": "budget_app.expensebudgetline", "fields": {"budget_line": 2, "amount": "12.54", "expense": 8, "debit_or_credit": -1, "subaccount": 2}}, {"pk": 12, "model": "budget_app.expensebudgetline", "fields": {"budget_line": 2, "amount": "6.1", "expense": 9, "debit_or_credit": -1, "subaccount": 2}}, {"pk": 13, "model": "budget_app.expensebudgetline", "fields": {"budget_line": 2, "amount": "24.92", "expense": 10, "debit_or_credit": -1, "subaccount": 16}}, {"pk": 14, "model": "budget_app.expensebudgetline", "fields": {"budget_line": 2, "amount": "66.95", "expense": 11, "debit_or_credit": -1, "subaccount": 17}}, {"pk": 15, "model": "budget_app.expensebudgetline", "fields": {"budget_line": 2, "amount": "177.38", "expense": 12, "debit_or_credit": -1, "subaccount": 17}}, {"pk": 16, "model": "budget_app.expensebudgetline", "fields": {"budget_line": 2, "amount": "18.98", "expense": 13, "debit_or_credit": -1, "subaccount": 17}}, {"pk": 17, "model": "budget_app.expensebudgetline", "fields": {"budget_line": 2, "amount": "80.94", "expense": 14, "debit_or_credit": -1, "subaccount": 17}}, {"pk": 18, "model": "budget_app.expensebudgetline", "fields": {"budget_line": 4, "amount": "47.09", "expense": 15, "debit_or_credit": -1, "subaccount": 11}}, {"pk": 19, "model": "budget_app.expensebudgetline", "fields": {"budget_line": 2, "amount": "32.02", "expense": 16, "debit_or_credit": -1, "subaccount": 17}}, {"pk": 20, "model": "budget_app.expensebudgetline", "fields": {"budget_line": 12, "amount": "33", "expense": 17, "debit_or_credit": -1, "subaccount": null}}, {"pk": 22, "model": "budget_app.expensebudgetline", "fields": {"budget_line": 2, "amount": "26", "expense": 19, "debit_or_credit": -1, "subaccount": null}}, {"pk": 23, "model": "budget_app.expensebudgetline", "fields": {"budget_line": 11, "amount": "297.16", "expense": 20, "debit_or_credit": -1, "subaccount": null}}, {"pk": 24, "model": "budget_app.expensebudgetline", "fields": {"budget_line": 12, "amount": "45", "expense": 21, "debit_or_credit": -1, "subaccount": null}}, {"pk": 26, "model": "budget_app.expensebudgetline", "fields": {"budget_line": 2, "amount": "38.48", "expense": 23, "debit_or_credit": -1, "subaccount": 38}}, {"pk": 27, "model": "budget_app.expensebudgetline", "fields": {"budget_line": 2, "amount": "36", "expense": 24, "debit_or_credit": -1, "subaccount": 16}}, {"pk": 28, "model": "budget_app.expensebudgetline", "fields": {"budget_line": 2, "amount": "98.86", "expense": 25, "debit_or_credit": -1, "subaccount": 15}}, {"pk": 29, "model": "budget_app.expensebudgetline", "fields": {"budget_line": 10, "amount": "1849", "expense": 26, "debit_or_credit": -1, "subaccount": null}}, {"pk": 30, "model": "budget_app.expensebudgetline", "fields": {"budget_line": 2, "amount": "92.34", "expense": 27, "debit_or_credit": -1, "subaccount": 10}}, {"pk": 31, "model": "budget_app.expensebudgetline", "fields": {"budget_line": 2, "amount": "48.79", "expense": 27, "debit_or_credit": -1, "subaccount": 16}}, {"pk": 32, "model": "budget_app.expensebudgetline", "fields": {"budget_line": 12, "amount": "130", "expense": 28, "debit_or_credit": -1, "subaccount": null}}, {"pk": 33, "model": "budget_app.expensebudgetline", "fields": {"budget_line": 12, "amount": "211.13", "expense": 29, "debit_or_credit": -1, "subaccount": null}}, {"pk": 34, "model": "budget_app.expensebudgetline", "fields": {"budget_line": 10, "amount": "325", "expense": 30, "debit_or_credit": -1, "subaccount": null}}, {"pk": 35, "model": "budget_app.expensebudgetline", "fields": {"budget_line": 4, "amount": "178.22", "expense": 31, "debit_or_credit": -1, "subaccount": 11}}, {"pk": 36, "model": "budget_app.expensebudgetline", "fields": {"budget_line": 4, "amount": "33.99", "expense": 32, "debit_or_credit": -1, "subaccount": 11}}, {"pk": 37, "model": "budget_app.expensebudgetline", "fields": {"budget_line": 2, "amount": "17.9", "expense": 33, "debit_or_credit": -1, "subaccount": 10}}, {"pk": 38, "model": "budget_app.expensebudgetline", "fields": {"budget_line": 2, "amount": "20.3", "expense": 34, "debit_or_credit": -1, "subaccount": 19}}, {"pk": 39, "model": "budget_app.expensebudgetline", "fields": {"budget_line": 2, "amount": "84", "expense": 35, "debit_or_credit": -1, "subaccount": 19}}, {"pk": 40, "model": "budget_app.expensebudgetline", "fields": {"budget_line": 2, "amount": "87.69", "expense": 36, "debit_or_credit": -1, "subaccount": 19}}, {"pk": 41, "model": "budget_app.expensebudgetline", "fields": {"budget_line": 4, "amount": "41.93", "expense": 37, "debit_or_credit": -1, "subaccount": 11}}, {"pk": 42, "model": "budget_app.expensebudgetline", "fields": {"budget_line": 4, "amount": "178.84", "expense": 38, "debit_or_credit": -1, "subaccount": 11}}, {"pk": 43, "model": "budget_app.expensebudgetline", "fields": {"budget_line": 4, "amount": "445.07", "expense": 39, "debit_or_credit": -1, "subaccount": 11}}, {"pk": 44, "model": "budget_app.expensebudgetline", "fields": {"budget_line": 4, "amount": "164", "expense": 40, "debit_or_credit": -1, "subaccount": 20}}, {"pk": 45, "model": "budget_app.expensebudgetline", "fields": {"budget_line": 2, "amount": "907.99", "expense": 41, "debit_or_credit": -1, "subaccount": 38}}, {"pk": 46, "model": "budget_app.expensebudgetline", "fields": {"budget_line": 2, "amount": "9.99", "expense": 42, "debit_or_credit": -1, "subaccount": 2}}, {"pk": 47, "model": "budget_app.expensebudgetline", "fields": {"budget_line": 6, "amount": "99", "expense": 43, "debit_or_credit": -1, "subaccount": null}}, {"pk": 48, "model": "budget_app.expensebudgetline", "fields": {"budget_line": 2, "amount": "1000", "expense": 44, "debit_or_credit": 1, "subaccount": 10}}, {"pk": 49, "model": "budget_app.expensebudgetline", "fields": {"budget_line": 4, "amount": "21.33", "expense": 45, "debit_or_credit": -1, "subaccount": 11}}, {"pk": 50, "model": "budget_app.expensebudgetline", "fields": {"budget_line": 4, "amount": "31.4", "expense": 46, "debit_or_credit": -1, "subaccount": 11}}, {"pk": 51, "model": "budget_app.expensebudgetline", "fields": {"budget_line": 2, "amount": "36.15", "expense": 47, "debit_or_credit": -1, "subaccount": 38}}, {"pk": 53, "model": "budget_app.expensebudgetline", "fields": {"budget_line": 4, "amount": "104.94", "expense": 49, "debit_or_credit": -1, "subaccount": null}}, {"pk": 54, "model": "budget_app.expensebudgetline", "fields": {"budget_line": 2, "amount": "7.13", "expense": 50, "debit_or_credit": -1, "subaccount": 10}}, {"pk": 55, "model": "budget_app.expensebudgetline", "fields": {"budget_line": 6, "amount": "25.67", "expense": 51, "debit_or_credit": -1, "subaccount": null}}, {"pk": 56, "model": "budget_app.expensebudgetline", "fields": {"budget_line": 4, "amount": "65.18", "expense": 52, "debit_or_credit": -1, "subaccount": 10}}, {"pk": 57, "model": "budget_app.expensebudgetline", "fields": {"budget_line": 2, "amount": "13.95", "expense": 53, "debit_or_credit": -1, "subaccount": 2}}, {"pk": 58, "model": "budget_app.expensebudgetline", "fields": {"budget_line": 4, "amount": "50.05", "expense": 54, "debit_or_credit": -1, "subaccount": 11}}, {"pk": 59, "model": "budget_app.expensebudgetline", "fields": {"budget_line": 2, "amount": "336.74", "expense": 55, "debit_or_credit": -1, "subaccount": 10}}, {"pk": 60, "model": "budget_app.expensebudgetline", "fields": {"budget_line": 2, "amount": "524.82", "expense": 56, "debit_or_credit": -1, "subaccount": 38}}, {"pk": 61, "model": "budget_app.expensebudgetline", "fields": {"budget_line": 2, "amount": "121.19", "expense": 57, "debit_or_credit": -1, "subaccount": 38}}, {"pk": 62, "model": "budget_app.expensebudgetline", "fields": {"budget_line": 2, "amount": "191.64", "expense": 58, "debit_or_credit": -1, "subaccount": 38}}, {"pk": 63, "model": "budget_app.expensebudgetline", "fields": {"budget_line": 4, "amount": "28.15", "expense": 59, "debit_or_credit": -1, "subaccount": 11}}, {"pk": 64, "model": "budget_app.expensebudgetline", "fields": {"budget_line": 2, "amount": "5.95", "expense": 60, "debit_or_credit": -1, "subaccount": 11}}, {"pk": 65, "model": "budget_app.expensebudgetline", "fields": {"budget_line": 2, "amount": "21.56", "expense": 60, "debit_or_credit": -1, "subaccount": 21}}, {"pk": 66, "model": "budget_app.expensebudgetline", "fields": {"budget_line": 2, "amount": "32", "expense": 61, "debit_or_credit": -1, "subaccount": null}}, {"pk": 67, "model": "budget_app.expensebudgetline", "fields": {"budget_line": 4, "amount": "78.97", "expense": 62, "debit_or_credit": -1, "subaccount": 20}}, {"pk": 68, "model": "budget_app.expensebudgetline", "fields": {"budget_line": 2, "amount": "54.52", "expense": 63, "debit_or_credit": -1, "subaccount": 10}}, {"pk": 69, "model": "budget_app.expensebudgetline", "fields": {"budget_line": 4, "amount": "12.83", "expense": 64, "debit_or_credit": -1, "subaccount": 11}}, {"pk": 70, "model": "budget_app.expensebudgetline", "fields": {"budget_line": 4, "amount": "7.81", "expense": 65, "debit_or_credit": -1, "subaccount": 11}}, {"pk": 71, "model": "budget_app.expensebudgetline", "fields": {"budget_line": 4, "amount": "7.98", "expense": 66, "debit_or_credit": -1, "subaccount": 11}}, {"pk": 72, "model": "budget_app.expensebudgetline", "fields": {"budget_line": 2, "amount": "51.88", "expense": 66, "debit_or_credit": -1, "subaccount": 10}}, {"pk": 73, "model": "budget_app.expensebudgetline", "fields": {"budget_line": 12, "amount": "67.02", "expense": 67, "debit_or_credit": -1, "subaccount": null}}, {"pk": 74, "model": "budget_app.expensebudgetline", "fields": {"budget_line": 13, "amount": "0.48", "expense": 68, "debit_or_credit": -1, "subaccount": null}}, {"pk": 75, "model": "budget_app.expensebudgetline", "fields": {"budget_line": 4, "amount": "106.49", "expense": 69, "debit_or_credit": -1, "subaccount": 11}}, {"pk": 76, "model": "budget_app.expensebudgetline", "fields": {"budget_line": 4, "amount": "102.48", "expense": 70, "debit_or_credit": -1, "subaccount": 11}}, {"pk": 77, "model": "budget_app.expensebudgetline", "fields": {"budget_line": 11, "amount": "1979.4", "expense": 71, "debit_or_credit": -1, "subaccount": null}}, {"pk": 78, "model": "budget_app.expensebudgetline", "fields": {"budget_line": 4, "amount": "19.32", "expense": 72, "debit_or_credit": -1, "subaccount": 11}}, {"pk": 79, "model": "budget_app.expensebudgetline", "fields": {"budget_line": 2, "amount": "10.77", "expense": 73, "debit_or_credit": -1, "subaccount": 13}}, {"pk": 80, "model": "budget_app.expensebudgetline", "fields": {"budget_line": 2, "amount": "11.03", "expense": 74, "debit_or_credit": -1, "subaccount": 13}}, {"pk": 81, "model": "budget_app.expensebudgetline", "fields": {"budget_line": 1, "amount": "87.22", "expense": 75, "debit_or_credit": -1, "subaccount": null}}, {"pk": 82, "model": "budget_app.expensebudgetline", "fields": {"budget_line": 13, "amount": "6.85", "expense": 76, "debit_or_credit": -1, "subaccount": null}}, {"pk": 83, "model": "budget_app.expensebudgetline", "fields": {"budget_line": 7, "amount": "0.17", "expense": 77, "debit_or_credit": -1, "subaccount": null}}, {"pk": 84, "model": "budget_app.expensebudgetline", "fields": {"budget_line": 10, "amount": "7767.75", "expense": 78, "debit_or_credit": -1, "subaccount": null}}, {"pk": 86, "model": "budget_app.expensebudgetline", "fields": {"budget_line": 4, "amount": "233.64", "expense": 80, "debit_or_credit": 1, "subaccount": 11}}, {"pk": 87, "model": "budget_app.expensebudgetline", "fields": {"budget_line": 4, "amount": "46.73", "expense": 81, "debit_or_credit": 1, "subaccount": 11}}, {"pk": 88, "model": "budget_app.expensebudgetline", "fields": {"budget_line": 10, "amount": "1236", "expense": 82, "debit_or_credit": -1, "subaccount": null}}, {"pk": 89, "model": "budget_app.expensebudgetline", "fields": {"budget_line": 7, "amount": "8.4", "expense": 83, "debit_or_credit": -1, "subaccount": null}}, {"pk": 90, "model": "budget_app.expensebudgetline", "fields": {"budget_line": 7, "amount": "14.97", "expense": 84, "debit_or_credit": -1, "subaccount": null}}, {"pk": 91, "model": "budget_app.expensebudgetline", "fields": {"budget_line": 5, "amount": "480", "expense": 85, "debit_or_credit": 1, "subaccount": null}}, {"pk": 92, "model": "budget_app.expensebudgetline", "fields": {"budget_line": 4, "amount": "23.39", "expense": 86, "debit_or_credit": -1, "subaccount": 11}}, {"pk": 93, "model": "budget_app.expensebudgetline", "fields": {"budget_line": 4, "amount": "32.08", "expense": 87, "debit_or_credit": -1, "subaccount": 11}}, {"pk": 94, "model": "budget_app.expensebudgetline", "fields": {"budget_line": 4, "amount": "10.61", "expense": 88, "debit_or_credit": -1, "subaccount": 11}}, {"pk": 95, "model": "budget_app.expensebudgetline", "fields": {"budget_line": 4, "amount": "18.99", "expense": 89, "debit_or_credit": -1, "subaccount": 11}}, {"pk": 97, "model": "budget_app.expensebudgetline", "fields": {"budget_line": 2, "amount": "11.13", "expense": 91, "debit_or_credit": -1, "subaccount": 13}}, {"pk": 98, "model": "budget_app.expensebudgetline", "fields": {"budget_line": 12, "amount": "18.63", "expense": 92, "debit_or_credit": -1, "subaccount": null}}, {"pk": 99, "model": "budget_app.expensebudgetline", "fields": {"budget_line": 2, "amount": "36", "expense": 93, "debit_or_credit": -1, "subaccount": 1}}, {"pk": 100, "model": "budget_app.expensebudgetline", "fields": {"budget_line": 2, "amount": "77.33", "expense": 94, "debit_or_credit": -1, "subaccount": 2}}, {"pk": 101, "model": "budget_app.expensebudgetline", "fields": {"budget_line": 12, "amount": "27", "expense": 95, "debit_or_credit": -1, "subaccount": null}}, {"pk": 102, "model": "budget_app.expensebudgetline", "fields": {"budget_line": 15, "amount": "49.9", "expense": 96, "debit_or_credit": -1, "subaccount": null}}, {"pk": 103, "model": "budget_app.expensebudgetline", "fields": {"budget_line": 15, "amount": "158.64", "expense": 97, "debit_or_credit": -1, "subaccount": null}}, {"pk": 104, "model": "budget_app.expensebudgetline", "fields": {"budget_line": 15, "amount": "4.47", "expense": 94, "debit_or_credit": -1, "subaccount": null}}, {"pk": 105, "model": "budget_app.expensebudgetline", "fields": {"budget_line": 2, "amount": "68.69", "expense": 98, "debit_or_credit": -1, "subaccount": 2}}, {"pk": 106, "model": "budget_app.expensebudgetline", "fields": {"budget_line": 15, "amount": "22.58", "expense": 98, "debit_or_credit": -1, "subaccount": null}}, {"pk": 107, "model": "budget_app.expensebudgetline", "fields": {"budget_line": 15, "amount": "37.85", "expense": 99, "debit_or_credit": -1, "subaccount": null}}, {"pk": 108, "model": "budget_app.expensebudgetline", "fields": {"budget_line": 15, "amount": "20.69", "expense": 100, "debit_or_credit": -1, "subaccount": null}}, {"pk": 109, "model": "budget_app.expensebudgetline", "fields": {"budget_line": 15, "amount": "47.59", "expense": 101, "debit_or_credit": -1, "subaccount": null}}, {"pk": 110, "model": "budget_app.expensebudgetline", "fields": {"budget_line": 15, "amount": "71.12", "expense": 102, "debit_or_credit": -1, "subaccount": null}}, {"pk": 111, "model": "budget_app.expensebudgetline", "fields": {"budget_line": 15, "amount": "203.09", "expense": 103, "debit_or_credit": -1, "subaccount": null}}, {"pk": 112, "model": "budget_app.expensebudgetline", "fields": {"budget_line": 15, "amount": "34.51", "expense": 104, "debit_or_credit": -1, "subaccount": null}}, {"pk": 113, "model": "budget_app.expensebudgetline", "fields": {"budget_line": 15, "amount": "8.71", "expense": 105, "debit_or_credit": -1, "subaccount": null}}, {"pk": 115, "model": "budget_app.expensebudgetline", "fields": {"budget_line": 15, "amount": "41.33", "expense": 107, "debit_or_credit": -1, "subaccount": null}}, {"pk": 116, "model": "budget_app.expensebudgetline", "fields": {"budget_line": 15, "amount": "11.4", "expense": 108, "debit_or_credit": -1, "subaccount": null}}, {"pk": 117, "model": "budget_app.expensebudgetline", "fields": {"budget_line": 15, "amount": "18", "expense": 109, "debit_or_credit": -1, "subaccount": null}}, {"pk": 118, "model": "budget_app.expensebudgetline", "fields": {"budget_line": 16, "amount": "1270", "expense": 110, "debit_or_credit": -1, "subaccount": null}}, {"pk": 119, "model": "budget_app.expensebudgetline", "fields": {"budget_line": 16, "amount": "290.6", "expense": 111, "debit_or_credit": -1, "subaccount": null}}, {"pk": 120, "model": "budget_app.expensebudgetline", "fields": {"budget_line": 15, "amount": "31.29", "expense": 112, "debit_or_credit": -1, "subaccount": null}}, {"pk": 121, "model": "budget_app.expensebudgetline", "fields": {"budget_line": 16, "amount": "150", "expense": 113, "debit_or_credit": -1, "subaccount": null}}, {"pk": 122, "model": "budget_app.expensebudgetline", "fields": {"budget_line": 16, "amount": "150", "expense": 114, "debit_or_credit": -1, "subaccount": null}}, {"pk": 123, "model": "budget_app.expensebudgetline", "fields": {"budget_line": 16, "amount": "150", "expense": 115, "debit_or_credit": -1, "subaccount": null}}, {"pk": 124, "model": "budget_app.expensebudgetline", "fields": {"budget_line": 15, "amount": "37.79", "expense": 116, "debit_or_credit": -1, "subaccount": null}}, {"pk": 125, "model": "budget_app.expensebudgetline", "fields": {"budget_line": 15, "amount": "12.76", "expense": 117, "debit_or_credit": -1, "subaccount": null}}, {"pk": 126, "model": "budget_app.expensebudgetline", "fields": {"budget_line": 15, "amount": "223.31", "expense": 118, "debit_or_credit": -1, "subaccount": null}}, {"pk": 127, "model": "budget_app.expensebudgetline", "fields": {"budget_line": 15, "amount": "67.76", "expense": 119, "debit_or_credit": -1, "subaccount": null}}, {"pk": 128, "model": "budget_app.expensebudgetline", "fields": {"budget_line": 15, "amount": "119.94", "expense": 120, "debit_or_credit": -1, "subaccount": null}}, {"pk": 129, "model": "budget_app.expensebudgetline", "fields": {"budget_line": 15, "amount": "165.48", "expense": 121, "debit_or_credit": -1, "subaccount": null}}, {"pk": 130, "model": "budget_app.expensebudgetline", "fields": {"budget_line": 15, "amount": "28.83", "expense": 122, "debit_or_credit": -1, "subaccount": null}}, {"pk": 131, "model": "budget_app.expensebudgetline", "fields": {"budget_line": 15, "amount": "114.09", "expense": 123, "debit_or_credit": -1, "subaccount": null}}, {"pk": 132, "model": "budget_app.expensebudgetline", "fields": {"budget_line": 15, "amount": "94.41", "expense": 124, "debit_or_credit": -1, "subaccount": null}}, {"pk": 133, "model": "budget_app.expensebudgetline", "fields": {"budget_line": 15, "amount": "54.93", "expense": 125, "debit_or_credit": -1, "subaccount": null}}, {"pk": 134, "model": "budget_app.expensebudgetline", "fields": {"budget_line": 15, "amount": "10.26", "expense": 126, "debit_or_credit": -1, "subaccount": null}}, {"pk": 135, "model": "budget_app.expensebudgetline", "fields": {"budget_line": 15, "amount": "23.08", "expense": 127, "debit_or_credit": -1, "subaccount": null}}, {"pk": 136, "model": "budget_app.expensebudgetline", "fields": {"budget_line": 15, "amount": "326.08", "expense": 128, "debit_or_credit": -1, "subaccount": null}}, {"pk": 137, "model": "budget_app.expensebudgetline", "fields": {"budget_line": 15, "amount": "127.28", "expense": 129, "debit_or_credit": -1, "subaccount": null}}, {"pk": 138, "model": "budget_app.expensebudgetline", "fields": {"budget_line": 2, "amount": "297.48", "expense": 130, "debit_or_credit": -1, "subaccount": 14}}, {"pk": 139, "model": "budget_app.expensebudgetline", "fields": {"budget_line": 15, "amount": "113.06", "expense": 131, "debit_or_credit": -1, "subaccount": null}}, {"pk": 140, "model": "budget_app.expensebudgetline", "fields": {"budget_line": 15, "amount": "116.78", "expense": 132, "debit_or_credit": -1, "subaccount": null}}, {"pk": 141, "model": "budget_app.expensebudgetline", "fields": {"budget_line": 2, "amount": "51.9", "expense": 133, "debit_or_credit": -1, "subaccount": 16}}, {"pk": 142, "model": "budget_app.expensebudgetline", "fields": {"budget_line": 2, "amount": "5.1", "expense": 134, "debit_or_credit": -1, "subaccount": 16}}, {"pk": 143, "model": "budget_app.expensebudgetline", "fields": {"budget_line": 15, "amount": "208.63", "expense": 135, "debit_or_credit": -1, "subaccount": null}}, {"pk": 144, "model": "budget_app.expensebudgetline", "fields": {"budget_line": 2, "amount": "14.95", "expense": 136, "debit_or_credit": -1, "subaccount": 2}}, {"pk": 145, "model": "budget_app.expensebudgetline", "fields": {"budget_line": 4, "amount": "57.21", "expense": 137, "debit_or_credit": -1, "subaccount": 11}}, {"pk": 146, "model": "budget_app.expensebudgetline", "fields": {"budget_line": 14, "amount": "1000", "expense": 138, "debit_or_credit": -1, "subaccount": null}}, {"pk": 147, "model": "budget_app.expensebudgetline", "fields": {"budget_line": 4, "amount": "34.29", "expense": 32, "debit_or_credit": -1, "subaccount": 11}}, {"pk": 148, "model": "budget_app.expensebudgetline", "fields": {"budget_line": 4, "amount": "43.45", "expense": 32, "debit_or_credit": -1, "subaccount": 11}}, {"pk": 149, "model": "budget_app.expensebudgetline", "fields": {"budget_line": 15, "amount": "113.89", "expense": 139, "debit_or_credit": -1, "subaccount": null}}, {"pk": 150, "model": "budget_app.expensebudgetline", "fields": {"budget_line": 19, "amount": "240", "expense": 140, "debit_or_credit": 1, "subaccount": null}}, {"pk": 151, "model": "budget_app.expensebudgetline", "fields": {"budget_line": 19, "amount": "200", "expense": 140, "debit_or_credit": 1, "subaccount": null}}, {"pk": 152, "model": "budget_app.expensebudgetline", "fields": {"budget_line": 19, "amount": "120", "expense": 140, "debit_or_credit": 1, "subaccount": null}}, {"pk": 153, "model": "budget_app.expensebudgetline", "fields": {"budget_line": 11, "amount": "1979.4", "expense": 141, "debit_or_credit": 1, "subaccount": null}}, {"pk": 154, "model": "budget_app.expensebudgetline", "fields": {"budget_line": 11, "amount": "500", "expense": 142, "debit_or_credit": 1, "subaccount": null}}, {"pk": 155, "model": "budget_app.expensebudgetline", "fields": {"budget_line": 2, "amount": "11.37", "expense": 143, "debit_or_credit": 1, "subaccount": 13}}, {"pk": 156, "model": "budget_app.expensebudgetline", "fields": {"budget_line": 2, "amount": "640", "expense": 144, "debit_or_credit": -1, "subaccount": 14}}, {"pk": 157, "model": "budget_app.expensebudgetline", "fields": {"budget_line": 2, "amount": "11.37", "expense": 145, "debit_or_credit": -1, "subaccount": 13}}, {"pk": 158, "model": "budget_app.expensebudgetline", "fields": {"budget_line": 2, "amount": "11.1", "expense": 146, "debit_or_credit": -1, "subaccount": null}}, {"pk": 159, "model": "budget_app.expensebudgetline", "fields": {"budget_line": 2, "amount": "71.09", "expense": 147, "debit_or_credit": -1, "subaccount": null}}, {"pk": 160, "model": "budget_app.expensebudgetline", "fields": {"budget_line": 2, "amount": "44.78", "expense": 148, "debit_or_credit": -1, "subaccount": null}}, {"pk": 161, "model": "budget_app.expensebudgetline", "fields": {"budget_line": 2, "amount": "7.99", "expense": 149, "debit_or_credit": -1, "subaccount": null}}, {"pk": 162, "model": "budget_app.expensebudgetline", "fields": {"budget_line": 2, "amount": "22.78", "expense": 150, "debit_or_credit": -1, "subaccount": null}}, {"pk": 163, "model": "budget_app.expensebudgetline", "fields": {"budget_line": 2, "amount": "4.87", "expense": 34, "debit_or_credit": -1, "subaccount": 19}}, {"pk": 164, "model": "budget_app.expensebudgetline", "fields": {"budget_line": 2, "amount": "20.27", "expense": 151, "debit_or_credit": -1, "subaccount": 10}}, {"pk": 165, "model": "budget_app.expensebudgetline", "fields": {"budget_line": 2, "amount": "37.37", "expense": 152, "debit_or_credit": -1, "subaccount": 2}}, {"pk": 167, "model": "budget_app.expensebudgetline", "fields": {"budget_line": 1, "amount": "579.96", "expense": 154, "debit_or_credit": -1, "subaccount": null}}, {"pk": 168, "model": "budget_app.expensebudgetline", "fields": {"budget_line": 1, "amount": "445.33", "expense": 155, "debit_or_credit": -1, "subaccount": null}}, {"pk": 170, "model": "budget_app.expensebudgetline", "fields": {"budget_line": 1, "amount": "648.96", "expense": 157, "debit_or_credit": -1, "subaccount": null}}, {"pk": 171, "model": "budget_app.expensebudgetline", "fields": {"budget_line": 1, "amount": "525.3", "expense": 158, "debit_or_credit": -1, "subaccount": null}}, {"pk": 172, "model": "budget_app.expensebudgetline", "fields": {"budget_line": 6, "amount": "447.98", "expense": 159, "debit_or_credit": -1, "subaccount": null}}, {"pk": 173, "model": "budget_app.expensebudgetline", "fields": {"budget_line": 6, "amount": "303.16", "expense": 160, "debit_or_credit": -1, "subaccount": null}}, {"pk": 174, "model": "budget_app.expensebudgetline", "fields": {"budget_line": 7, "amount": "8.35", "expense": 161, "debit_or_credit": -1, "subaccount": null}}, {"pk": 175, "model": "budget_app.expensebudgetline", "fields": {"budget_line": 7, "amount": "0.38", "expense": 162, "debit_or_credit": -1, "subaccount": null}}, {"pk": 176, "model": "budget_app.expensebudgetline", "fields": {"budget_line": 7, "amount": "4.16", "expense": 163, "debit_or_credit": -1, "subaccount": null}}, {"pk": 177, "model": "budget_app.expensebudgetline", "fields": {"budget_line": 7, "amount": "0.4", "expense": 164, "debit_or_credit": -1, "subaccount": null}}, {"pk": 178, "model": "budget_app.expensebudgetline", "fields": {"budget_line": 7, "amount": "0.66", "expense": 165, "debit_or_credit": -1, "subaccount": null}}, {"pk": 179, "model": "budget_app.expensebudgetline", "fields": {"budget_line": 7, "amount": "0.02", "expense": 166, "debit_or_credit": -1, "subaccount": null}}, {"pk": 180, "model": "budget_app.expensebudgetline", "fields": {"budget_line": 8, "amount": "85.31", "expense": 167, "debit_or_credit": -1, "subaccount": null}}, {"pk": 181, "model": "budget_app.expensebudgetline", "fields": {"budget_line": 8, "amount": "95.87", "expense": 168, "debit_or_credit": -1, "subaccount": null}}, {"pk": 182, "model": "budget_app.expensebudgetline", "fields": {"budget_line": 8, "amount": "1.9", "expense": 169, "debit_or_credit": -1, "subaccount": null}}, {"pk": 183, "model": "budget_app.expensebudgetline", "fields": {"budget_line": 8, "amount": "107.77", "expense": 170, "debit_or_credit": -1, "subaccount": null}}, {"pk": 184, "model": "budget_app.expensebudgetline", "fields": {"budget_line": 9, "amount": "105.4", "expense": 171, "debit_or_credit": -1, "subaccount": null}}, {"pk": 185, "model": "budget_app.expensebudgetline", "fields": {"budget_line": 9, "amount": "29.05", "expense": 172, "debit_or_credit": -1, "subaccount": null}}, {"pk": 186, "model": "budget_app.expensebudgetline", "fields": {"budget_line": 9, "amount": "26.24", "expense": 173, "debit_or_credit": -1, "subaccount": null}}, {"pk": 187, "model": "budget_app.expensebudgetline", "fields": {"budget_line": 9, "amount": "49.98", "expense": 174, "debit_or_credit": -1, "subaccount": null}}, {"pk": 188, "model": "budget_app.expensebudgetline", "fields": {"budget_line": 9, "amount": "47.5", "expense": 175, "debit_or_credit": -1, "subaccount": null}}, {"pk": 189, "model": "budget_app.expensebudgetline", "fields": {"budget_line": 13, "amount": "83.31", "expense": 176, "debit_or_credit": -1, "subaccount": null}}, {"pk": 190, "model": "budget_app.expensebudgetline", "fields": {"budget_line": 11, "amount": "110", "expense": 177, "debit_or_credit": -1, "subaccount": null}}, {"pk": 191, "model": "budget_app.expensebudgetline", "fields": {"budget_line": 11, "amount": "614.3", "expense": 178, "debit_or_credit": -1, "subaccount": null}}, {"pk": 192, "model": "budget_app.expensebudgetline", "fields": {"budget_line": 2, "amount": "32", "expense": 179, "debit_or_credit": -1, "subaccount": 10}}, {"pk": 193, "model": "budget_app.expensebudgetline", "fields": {"budget_line": 4, "amount": "719.1", "expense": 180, "debit_or_credit": 1, "subaccount": 11}}, {"pk": 194, "model": "budget_app.expensebudgetline", "fields": {"budget_line": 4, "amount": "719", "expense": 181, "debit_or_credit": -1, "subaccount": 11}}, {"pk": 195, "model": "budget_app.expensebudgetline", "fields": {"budget_line": 4, "amount": "705.3", "expense": 182, "debit_or_credit": -1, "subaccount": 38}}, {"pk": 196, "model": "budget_app.expensebudgetline", "fields": {"budget_line": 4, "amount": "103.18", "expense": 183, "debit_or_credit": -1, "subaccount": 10}}, {"pk": 197, "model": "budget_app.expensebudgetline", "fields": {"budget_line": 4, "amount": "169.9", "expense": 184, "debit_or_credit": -1, "subaccount": 11}}, {"pk": 198, "model": "budget_app.expensebudgetline", "fields": {"budget_line": 2, "amount": "650", "expense": 185, "debit_or_credit": 1, "subaccount": 16}}, {"pk": 199, "model": "budget_app.expensebudgetline", "fields": {"budget_line": 15, "amount": "114.52", "expense": 186, "debit_or_credit": -1, "subaccount": null}}, {"pk": 200, "model": "budget_app.expensebudgetline", "fields": {"budget_line": 12, "amount": "12", "expense": 187, "debit_or_credit": -1, "subaccount": null}}, {"pk": 201, "model": "budget_app.expensebudgetline", "fields": {"budget_line": 12, "amount": "9", "expense": 188, "debit_or_credit": -1, "subaccount": null}}, {"pk": 202, "model": "budget_app.expensebudgetline", "fields": {"budget_line": 12, "amount": "33", "expense": 189, "debit_or_credit": -1, "subaccount": null}}, {"pk": 203, "model": "budget_app.expensebudgetline", "fields": {"budget_line": 15, "amount": "57.9", "expense": 190, "debit_or_credit": -1, "subaccount": null}}, {"pk": 204, "model": "budget_app.expensebudgetline", "fields": {"budget_line": 2, "amount": "37.74", "expense": 190, "debit_or_credit": -1, "subaccount": 2}}, {"pk": 205, "model": "budget_app.expensebudgetline", "fields": {"budget_line": 15, "amount": "15.19", "expense": 191, "debit_or_credit": -1, "subaccount": null}}, {"pk": 206, "model": "budget_app.expensebudgetline", "fields": {"budget_line": 15, "amount": "15.91", "expense": 192, "debit_or_credit": -1, "subaccount": null}}, {"pk": 207, "model": "budget_app.expensebudgetline", "fields": {"budget_line": 15, "amount": "297.48", "expense": 193, "debit_or_credit": 1, "subaccount": null}}, {"pk": 208, "model": "budget_app.expensebudgetline", "fields": {"budget_line": 15, "amount": "73.9", "expense": 194, "debit_or_credit": -1, "subaccount": null}}, {"pk": 209, "model": "budget_app.expensebudgetline", "fields": {"budget_line": 2, "amount": "100", "expense": 195, "debit_or_credit": -1, "subaccount": 2}}, {"pk": 210, "model": "budget_app.expensebudgetline", "fields": {"budget_line": 1, "amount": "112", "expense": 196, "debit_or_credit": -1, "subaccount": null}}, {"pk": 211, "model": "budget_app.expensebudgetline", "fields": {"budget_line": 1, "amount": "155", "expense": 196, "debit_or_credit": -1, "subaccount": null}}, {"pk": 1, "model": "budget_app.note", "fields": {"note": "KK: Department to continue to pay for gas for balloon launches until the current supply is exhausted (two launches).  These launches will cost $500 each.  After this, NSL will cover the gas, but the launch cost will increase to $600.", "created_at": "2014-10-09T18:14:15.015Z", "updated_at": "2014-10-11T20:10:58.955Z", "year": 1}}, {"pk": 2, "model": "budget_app.note", "fields": {"note": "WB: 2015 FY will have an $8,000 charge for Mathematica license renewal", "created_at": "2014-10-28T18:47:07.832Z", "updated_at": "2014-10-28T18:47:07.836Z", "year": 1}}, {"pk": 1, "model": "auth.permission", "fields": {"codename": "add_permission", "name": "Can add permission", "content_type": 1}}, {"pk": 2, "model": "auth.permission", "fields": {"codename": "change_permission", "name": "Can change permission", "content_type": 1}}, {"pk": 3, "model": "auth.permission", "fields": {"codename": "delete_permission", "name": "Can delete permission", "content_type": 1}}, {"pk": 4, "model": "auth.permission", "fields": {"codename": "add_group", "name": "Can add group", "content_type": 2}}, {"pk": 5, "model": "auth.permission", "fields": {"codename": "change_group", "name": "Can change group", "content_type": 2}}, {"pk": 6, "model": "auth.permission", "fields": {"codename": "delete_group", "name": "Can delete group", "content_type": 2}}, {"pk": 7, "model": "auth.permission", "fields": {"codename": "add_user", "name": "Can add user", "content_type": 3}}, {"pk": 8, "model": "auth.permission", "fields": {"codename": "change_user", "name": "Can change user", "content_type": 3}}, {"pk": 9, "model": "auth.permission", "fields": {"codename": "delete_user", "name": "Can delete user", "content_type": 3}}, {"pk": 10, "model": "auth.permission", "fields": {"codename": "add_contenttype", "name": "Can add content type", "content_type": 4}}, {"pk": 11, "model": "auth.permission", "fields": {"codename": "change_contenttype", "name": "Can change content type", "content_type": 4}}, {"pk": 12, "model": "auth.permission", "fields": {"codename": "delete_contenttype", "name": "Can delete content type", "content_type": 4}}, {"pk": 13, "model": "auth.permission", "fields": {"codename": "add_session", "name": "Can add session", "content_type": 5}}, {"pk": 14, "model": "auth.permission", "fields": {"codename": "change_session", "name": "Can change session", "content_type": 5}}, {"pk": 15, "model": "auth.permission", "fields": {"codename": "delete_session", "name": "Can delete session", "content_type": 5}}, {"pk": 16, "model": "auth.permission", "fields": {"codename": "add_site", "name": "Can add site", "content_type": 6}}, {"pk": 17, "model": "auth.permission", "fields": {"codename": "change_site", "name": "Can change site", "content_type": 6}}, {"pk": 18, "model": "auth.permission", "fields": {"codename": "delete_site", "name": "Can delete site", "content_type": 6}}, {"pk": 19, "model": "auth.permission", "fields": {"codename": "add_logentry", "name": "Can add log entry", "content_type": 7}}, {"pk": 20, "model": "auth.permission", "fields": {"codename": "change_logentry", "name": "Can change log entry", "content_type": 7}}, {"pk": 21, "model": "auth.permission", "fields": {"codename": "delete_logentry", "name": "Can delete log entry", "content_type": 7}}, {"pk": 22, "model": "auth.permission", "fields": {"codename": "add_person", "name": "Can add person", "content_type": 8}}, {"pk": 23, "model": "auth.permission", "fields": {"codename": "change_person", "name": "Can change person", "content_type": 8}}, {"pk": 24, "model": "auth.permission", "fields": {"codename": "delete_person", "name": "Can delete person", "content_type": 8}}, {"pk": 25, "model": "auth.permission", "fields": {"codename": "add_fiscalyear", "name": "Can add fiscal year", "content_type": 9}}, {"pk": 26, "model": "auth.permission", "fields": {"codename": "change_fiscalyear", "name": "Can change fiscal year", "content_type": 9}}, {"pk": 27, "model": "auth.permission", "fields": {"codename": "delete_fiscalyear", "name": "Can delete fiscal year", "content_type": 9}}, {"pk": 28, "model": "auth.permission", "fields": {"codename": "add_subaccount", "name": "Can add sub account", "content_type": 10}}, {"pk": 29, "model": "auth.permission", "fields": {"codename": "change_subaccount", "name": "Can change sub account", "content_type": 10}}, {"pk": 30, "model": "auth.permission", "fields": {"codename": "delete_subaccount", "name": "Can delete sub account", "content_type": 10}}, {"pk": 31, "model": "auth.permission", "fields": {"codename": "add_budgetline", "name": "Can add budget line", "content_type": 11}}, {"pk": 32, "model": "auth.permission", "fields": {"codename": "change_budgetline", "name": "Can change budget line", "content_type": 11}}, {"pk": 33, "model": "auth.permission", "fields": {"codename": "delete_budgetline", "name": "Can delete budget line", "content_type": 11}}, {"pk": 34, "model": "auth.permission", "fields": {"codename": "add_departmentmember", "name": "Can add department member", "content_type": 12}}, {"pk": 35, "model": "auth.permission", "fields": {"codename": "change_departmentmember", "name": "Can change department member", "content_type": 12}}, {"pk": 36, "model": "auth.permission", "fields": {"codename": "delete_departmentmember", "name": "Can delete department member", "content_type": 12}}, {"pk": 37, "model": "auth.permission", "fields": {"codename": "add_creditcard", "name": "Can add credit card", "content_type": 13}}, {"pk": 38, "model": "auth.permission", "fields": {"codename": "change_creditcard", "name": "Can change credit card", "content_type": 13}}, {"pk": 39, "model": "auth.permission", "fields": {"codename": "delete_creditcard", "name": "Can delete credit card", "content_type": 13}}, {"pk": 40, "model": "auth.permission", "fields": {"codename": "add_expense", "name": "Can add expense", "content_type": 14}}, {"pk": 41, "model": "auth.permission", "fields": {"codename": "change_expense", "name": "Can change expense", "content_type": 14}}, {"pk": 42, "model": "auth.permission", "fields": {"codename": "delete_expense", "name": "Can delete expense", "content_type": 14}}, {"pk": 43, "model": "auth.permission", "fields": {"codename": "add_expensebudgetline", "name": "Can add expense budget line", "content_type": 15}}, {"pk": 44, "model": "auth.permission", "fields": {"codename": "change_expensebudgetline", "name": "Can change expense budget line", "content_type": 15}}, {"pk": 45, "model": "auth.permission", "fields": {"codename": "delete_expensebudgetline", "name": "Can delete expense budget line", "content_type": 15}}, {"pk": 46, "model": "auth.permission", "fields": {"codename": "add_userpreferences", "name": "Can add user preferences", "content_type": 16}}, {"pk": 47, "model": "auth.permission", "fields": {"codename": "change_userpreferences", "name": "Can change user preferences", "content_type": 16}}, {"pk": 48, "model": "auth.permission", "fields": {"codename": "delete_userpreferences", "name": "Can delete user preferences", "content_type": 16}}, {"pk": 49, "model": "auth.permission", "fields": {"codename": "add_note", "name": "Can add note", "content_type": 17}}, {"pk": 50, "model": "auth.permission", "fields": {"codename": "change_note", "name": "Can change note", "content_type": 17}}, {"pk": 51, "model": "auth.permission", "fields": {"codename": "delete_note", "name": "Can delete note", "content_type": 17}}, {"pk": 52, "model": "auth.permission", "fields": {"codename": "add_note", "name": "Can add note", "content_type": 18}}, {"pk": 53, "model": "auth.permission", "fields": {"codename": "change_note", "name": "Can change note", "content_type": 18}}, {"pk": 54, "model": "auth.permission", "fields": {"codename": "delete_note", "name": "Can delete note", "content_type": 18}}, {"pk": 1, "model": "auth.user", "fields": {"username": "admin", "first_name": "", "last_name": "", "is_active": true, "is_superuser": true, "is_staff": true, "last_login": "2014-11-26T03:15:03.827Z", "groups": [], "user_permissions": [], "password": "pbkdf2_sha256$10000$0OoH0GYJO7JB$WyEYMbF83fevxB2GATf2vZ/r8i7ZtdS80JqrlrFsw8k=", "email": "admin@example.com", "date_joined": "2014-10-08T19:06:17.332Z"}}, {"pk": 2, "model": "auth.user", "fields": {"username": "physics_chair", "first_name": "", "last_name": "", "is_active": true, "is_superuser": true, "is_staff": false, "last_login": "2015-01-15T22:33:09.550Z", "groups": [], "user_permissions": [], "password": "pbkdf2_sha256$10000$vKeNV44JF9T2$oQgnfZ0YRk1nyn+H0f9r/J89eRQkbE9Q36NdZg1m0+I=", "email": "", "date_joined": "2014-10-08T20:15:40Z"}}, {"pk": 3, "model": "auth.user", "fields": {"username": "physics", "first_name": "", "last_name": "", "is_active": true, "is_superuser": false, "is_staff": false, "last_login": "2014-11-26T02:28:00.224Z", "groups": [], "user_permissions": [], "password": "pbkdf2_sha256$10000$QyCveLAdvlE2$0ap/GZgIQVB59j3v8kukuJvwzOfckYSrJs0LZ4NLydc=", "email": "", "date_joined": "2014-11-11T00:29:07Z"}}, {"pk": 1, "model": "admin.logentry", "fields": {"action_flag": 1, "action_time": "2014-11-05T22:44:12.437Z", "object_repr": "Department object", "object_id": "1", "change_message": "", "user": 1, "content_type": 11}}, {"pk": 2, "model": "admin.logentry", "fields": {"action_flag": 2, "action_time": "2014-11-05T22:44:40.947Z", "object_repr": "132010 (Student Wages)", "object_id": "1", "change_message": "Changed department.", "user": 1, "content_type": 12}}, {"pk": 3, "model": "admin.logentry", "fields": {"action_flag": 1, "action_time": "2014-11-06T01:38:27.886Z", "object_repr": "ELEO", "object_id": "2", "change_message": "", "user": 1, "content_type": 11}}, {"pk": 4, "model": "admin.logentry", "fields": {"action_flag": 1, "action_time": "2014-11-06T01:38:43.935Z", "object_repr": "Euler", "object_id": "3", "change_message": "", "user": 1, "content_type": 11}}, {"pk": 5, "model": "admin.logentry", "fields": {"action_flag": 1, "action_time": "2014-11-06T17:38:01.615Z", "object_repr": "ELEO40 (ELEO Operating Supplies)", "object_id": "15", "change_message": "", "user": 1, "content_type": 12}}, {"pk": 6, "model": "admin.logentry", "fields": {"action_flag": 2, "action_time": "2014-11-06T17:38:12.800Z", "object_repr": "ELEO40 (ELEO Operating Supplies)", "object_id": "15", "change_message": "No fields changed.", "user": 1, "content_type": 12}}, {"pk": 7, "model": "admin.logentry", "fields": {"action_flag": 1, "action_time": "2014-11-06T17:38:41.339Z", "object_repr": "ELEO27 (ELEO Travel)", "object_id": "16", "change_message": "", "user": 1, "content_type": 12}}, {"pk": 8, "model": "admin.logentry", "fields": {"action_flag": 1, "action_time": "2014-11-06T17:39:03.735Z", "object_repr": "ELEO39 (ELEO Outside Services)", "object_id": "17", "change_message": "", "user": 1, "content_type": 12}}, {"pk": 9, "model": "admin.logentry", "fields": {"action_flag": 1, "action_time": "2014-11-06T21:48:28.051Z", "object_repr": "132090 (Funds rolled forward)", "object_id": "18", "change_message": "", "user": 1, "content_type": 12}}, {"pk": 10, "model": "admin.logentry", "fields": {"action_flag": 1, "action_time": "2014-11-06T21:50:13.941Z", "object_repr": "132094 (Special Course Fees)", "object_id": "19", "change_message": "", "user": 1, "content_type": 12}}, {"pk": 11, "model": "admin.logentry", "fields": {"action_flag": 2, "action_time": "2014-11-06T21:52:55.633Z", "object_repr": "132082 (Practicums)", "object_id": "5", "change_message": "Changed amount_available.", "user": 1, "content_type": 12}}, {"pk": 12, "model": "admin.logentry", "fields": {"action_flag": 2, "action_time": "2014-11-06T21:53:46.370Z", "object_repr": "132026 (Postage)", "object_id": "13", "change_message": "Changed amount_available.", "user": 1, "content_type": 12}}, {"pk": 13, "model": "admin.logentry", "fields": {"action_flag": 2, "action_time": "2014-11-06T21:53:57.410Z", "object_repr": "132027 (Travel)", "object_id": "11", "change_message": "Changed amount_available.", "user": 1, "content_type": 12}}, {"pk": 14, "model": "admin.logentry", "fields": {"action_flag": 2, "action_time": "2014-11-06T21:54:07.072Z", "object_repr": "132030 (Entertainment)", "object_id": "12", "change_message": "Changed amount_available.", "user": 1, "content_type": 12}}, {"pk": 15, "model": "admin.logentry", "fields": {"action_flag": 2, "action_time": "2014-11-06T21:54:34.744Z", "object_repr": "132062 (Maintenance Contracts)", "object_id": "14", "change_message": "Changed amount_available.", "user": 1, "content_type": 12}}, {"pk": 16, "model": "admin.logentry", "fields": {"action_flag": 2, "action_time": "2014-11-06T21:54:48.271Z", "object_repr": "132063 (Software)", "object_id": "10", "change_message": "Changed amount_available.", "user": 1, "content_type": 12}}, {"pk": 17, "model": "admin.logentry", "fields": {"action_flag": 2, "action_time": "2014-11-06T21:55:29.065Z", "object_repr": "132027 (Travel)", "object_id": "11", "change_message": "Changed amount_available.", "user": 1, "content_type": 12}}, {"pk": 18, "model": "admin.logentry", "fields": {"action_flag": 1, "action_time": "2014-11-06T21:56:25.960Z", "object_repr": "132039 (Outside Services)", "object_id": "20", "change_message": "", "user": 1, "content_type": 12}}, {"pk": 19, "model": "admin.logentry", "fields": {"action_flag": 2, "action_time": "2014-11-07T01:40:28.577Z", "object_repr": "Lower DIvision", "object_id": "20", "change_message": "Changed abbrev.", "user": 1, "content_type": 10}}, {"pk": 20, "model": "admin.logentry", "fields": {"action_flag": 2, "action_time": "2014-11-07T01:40:38.010Z", "object_repr": "Indiana Oxygen", "object_id": "13", "change_message": "Changed abbrev.", "user": 1, "content_type": 10}}, {"pk": 21, "model": "admin.logentry", "fields": {"action_flag": 2, "action_time": "2014-11-07T01:40:45.736Z", "object_repr": "Machine Shop", "object_id": "11", "change_message": "Changed abbrev.", "user": 1, "content_type": 10}}, {"pk": 22, "model": "admin.logentry", "fields": {"action_flag": 2, "action_time": "2014-11-07T01:40:55.260Z", "object_repr": "Steckenrider", "object_id": "8", "change_message": "Changed abbrev.", "user": 1, "content_type": 10}}, {"pk": 23, "model": "admin.logentry", "fields": {"action_flag": 2, "action_time": "2014-11-07T01:41:02.071Z", "object_repr": "Promotional", "object_id": "17", "change_message": "Changed abbrev.", "user": 1, "content_type": 10}}, {"pk": 24, "model": "admin.logentry", "fields": {"action_flag": 2, "action_time": "2014-11-07T01:41:22.517Z", "object_repr": "Chair Reserve", "object_id": "9", "change_message": "Changed abbrev.", "user": 1, "content_type": 10}}, {"pk": 25, "model": "admin.logentry", "fields": {"action_flag": 2, "action_time": "2014-11-07T16:19:08.579Z", "object_repr": "132082 (Practicums)", "object_id": "5", "change_message": "Changed amount_available.", "user": 1, "content_type": 12}}, {"pk": 26, "model": "admin.logentry", "fields": {"action_flag": 2, "action_time": "2014-11-10T16:41:59.212Z", "object_repr": "132094 (Special Course Fees)", "object_id": "19", "change_message": "Changed amount_available.", "user": 1, "content_type": 12}}, {"pk": 27, "model": "admin.logentry", "fields": {"action_flag": 2, "action_time": "2014-11-10T16:42:15.491Z", "object_repr": "132027 (Travel)", "object_id": "11", "change_message": "Changed amount_available.", "user": 1, "content_type": 12}}, {"pk": 28, "model": "admin.logentry", "fields": {"action_flag": 2, "action_time": "2014-11-10T16:42:26.040Z", "object_repr": "132039 (Outside Services)", "object_id": "20", "change_message": "Changed amount_available.", "user": 1, "content_type": 12}}, {"pk": 29, "model": "admin.logentry", "fields": {"action_flag": 1, "action_time": "2014-11-11T00:29:07.165Z", "object_repr": "physics", "object_id": "3", "change_message": "", "user": 1, "content_type": 3}}, {"pk": 30, "model": "admin.logentry", "fields": {"action_flag": 2, "action_time": "2014-11-11T00:29:17.130Z", "object_repr": "physics", "object_id": "3", "change_message": "Changed password.", "user": 1, "content_type": 3}}, {"pk": 31, "model": "admin.logentry", "fields": {"action_flag": 1, "action_time": "2014-11-11T00:29:37.763Z", "object_repr": "", "object_id": "2", "change_message": "", "user": 1, "content_type": 17}}, {"pk": 32, "model": "admin.logentry", "fields": {"action_flag": 2, "action_time": "2014-11-11T12:46:17.618Z", "object_repr": "Steckenrider", "object_id": "8", "change_message": "Changed amount_available.", "user": 1, "content_type": 10}}, {"pk": 33, "model": "admin.logentry", "fields": {"action_flag": 1, "action_time": "2014-11-11T12:51:02.653Z", "object_repr": "ENP105", "object_id": "22", "change_message": "", "user": 1, "content_type": 10}}, {"pk": 34, "model": "admin.logentry", "fields": {"action_flag": 1, "action_time": "2014-11-11T12:52:00.661Z", "object_repr": "ENP302", "object_id": "23", "change_message": "", "user": 1, "content_type": 10}}, {"pk": 35, "model": "admin.logentry", "fields": {"action_flag": 1, "action_time": "2014-11-11T12:53:09.505Z", "object_repr": "ENP341", "object_id": "24", "change_message": "", "user": 1, "content_type": 10}}, {"pk": 36, "model": "admin.logentry", "fields": {"action_flag": 1, "action_time": "2014-11-11T12:53:52.955Z", "object_repr": "ENP332", "object_id": "25", "change_message": "", "user": 1, "content_type": 10}}, {"pk": 37, "model": "admin.logentry", "fields": {"action_flag": 1, "action_time": "2014-11-11T12:55:34.290Z", "object_repr": "ENP370", "object_id": "26", "change_message": "", "user": 1, "content_type": 10}}, {"pk": 38, "model": "admin.logentry", "fields": {"action_flag": 1, "action_time": "2014-11-11T12:56:52.545Z", "object_repr": "ENP392", "object_id": "27", "change_message": "", "user": 1, "content_type": 10}}, {"pk": 39, "model": "admin.logentry", "fields": {"action_flag": 1, "action_time": "2014-11-11T12:57:29.442Z", "object_repr": "ENP394", "object_id": "28", "change_message": "", "user": 1, "content_type": 10}}, {"pk": 40, "model": "admin.logentry", "fields": {"action_flag": 2, "action_time": "2014-11-11T12:58:18.103Z", "object_repr": "Engr Cpstn", "object_id": "14", "change_message": "No fields changed.", "user": 1, "content_type": 10}}, {"pk": 41, "model": "admin.logentry", "fields": {"action_flag": 1, "action_time": "2014-11-11T13:00:37.500Z", "object_repr": "ENP491", "object_id": "29", "change_message": "", "user": 1, "content_type": 10}}, {"pk": 42, "model": "admin.logentry", "fields": {"action_flag": 1, "action_time": "2014-11-11T13:02:39.302Z", "object_repr": "PHY321", "object_id": "30", "change_message": "", "user": 1, "content_type": 10}}, {"pk": 43, "model": "admin.logentry", "fields": {"action_flag": 1, "action_time": "2014-11-11T13:05:54.678Z", "object_repr": "PHY330", "object_id": "31", "change_message": "", "user": 1, "content_type": 10}}, {"pk": 44, "model": "admin.logentry", "fields": {"action_flag": 1, "action_time": "2014-11-11T13:06:32.488Z", "object_repr": "PHY341", "object_id": "32", "change_message": "", "user": 1, "content_type": 10}}, {"pk": 45, "model": "admin.logentry", "fields": {"action_flag": 1, "action_time": "2014-11-11T13:07:21.907Z", "object_repr": "PHY350", "object_id": "33", "change_message": "", "user": 1, "content_type": 10}}, {"pk": 46, "model": "admin.logentry", "fields": {"action_flag": 1, "action_time": "2014-11-11T13:08:17.240Z", "object_repr": "PHY450", "object_id": "34", "change_message": "", "user": 1, "content_type": 10}}, {"pk": 47, "model": "admin.logentry", "fields": {"action_flag": 2, "action_time": "2014-11-11T13:08:54.200Z", "object_repr": "PHY412", "object_id": "34", "change_message": "Changed name and abbrev.", "user": 1, "content_type": 10}}, {"pk": 48, "model": "admin.logentry", "fields": {"action_flag": 1, "action_time": "2014-11-11T13:09:28.940Z", "object_repr": "PHY441", "object_id": "35", "change_message": "", "user": 1, "content_type": 10}}, {"pk": 49, "model": "admin.logentry", "fields": {"action_flag": 1, "action_time": "2014-11-11T13:21:27.295Z", "object_repr": "PHY491", "object_id": "36", "change_message": "", "user": 1, "content_type": 10}}, {"pk": 50, "model": "admin.logentry", "fields": {"action_flag": 1, "action_time": "2014-11-11T13:22:20.753Z", "object_repr": "ENP450", "object_id": "37", "change_message": "", "user": 1, "content_type": 10}}, {"pk": 51, "model": "admin.logentry", "fields": {"action_flag": 2, "action_time": "2014-11-11T13:22:56.425Z", "object_repr": "ENP370", "object_id": "26", "change_message": "Changed name.", "user": 1, "content_type": 10}}, {"pk": 52, "model": "admin.logentry", "fields": {"action_flag": 2, "action_time": "2014-11-11T13:23:15.750Z", "object_repr": "Lower Division", "object_id": "20", "change_message": "Changed abbrev.", "user": 1, "content_type": 10}}, {"pk": 53, "model": "admin.logentry", "fields": {"action_flag": 2, "action_time": "2014-11-11T13:23:40.216Z", "object_repr": "Picnics", "object_id": "12", "change_message": "Changed name.", "user": 1, "content_type": 10}}, {"pk": 54, "model": "admin.logentry", "fields": {"action_flag": 2, "action_time": "2014-11-11T13:23:54.126Z", "object_repr": "Picnics", "object_id": "12", "change_message": "Changed name.", "user": 1, "content_type": 10}}, {"pk": 55, "model": "admin.logentry", "fields": {"action_flag": 2, "action_time": "2014-11-11T13:24:11.848Z", "object_repr": "Picnics", "object_id": "12", "change_message": "No fields changed.", "user": 1, "content_type": 10}}, {"pk": 56, "model": "admin.logentry", "fields": {"action_flag": 2, "action_time": "2014-11-11T13:30:35.419Z", "object_repr": "132090 (Funds rolled over)", "object_id": "18", "change_message": "Changed name.", "user": 1, "content_type": 12}}, {"pk": 57, "model": "admin.logentry", "fields": {"action_flag": 3, "action_time": "2014-11-11T19:12:44.799Z", "object_repr": "132039 (Outside Services)", "object_id": "20", "change_message": "", "user": 1, "content_type": 12}}, {"pk": 58, "model": "admin.logentry", "fields": {"action_flag": 2, "action_time": "2014-11-11T20:38:26.754Z", "object_repr": "General", "object_id": "10", "change_message": "Changed amount_available.", "user": 1, "content_type": 10}}, {"pk": 59, "model": "admin.logentry", "fields": {"action_flag": 2, "action_time": "2014-11-11T20:38:35.479Z", "object_repr": "Chair Reserve", "object_id": "9", "change_message": "Changed amount_available.", "user": 1, "content_type": 10}}, {"pk": 60, "model": "admin.logentry", "fields": {"action_flag": 1, "action_time": "2014-11-12T16:47:40.589Z", "object_repr": "E-FRF", "object_id": "38", "change_message": "", "user": 1, "content_type": 10}}, {"pk": 61, "model": "admin.logentry", "fields": {"action_flag": 2, "action_time": "2014-11-12T16:48:00.824Z", "object_repr": "132090 (Funds rolled forward)", "object_id": "18", "change_message": "Changed name.", "user": 1, "content_type": 12}}, {"pk": 62, "model": "admin.logentry", "fields": {"action_flag": 2, "action_time": "2014-11-12T16:48:51.311Z", "object_repr": "Eventual FRF", "object_id": "38", "change_message": "Changed abbrev.", "user": 1, "content_type": 10}}, {"pk": 63, "model": "admin.logentry", "fields": {"action_flag": 2, "action_time": "2014-11-26T03:11:50.904Z", "object_repr": "ELEO27 (ELEO Travel)", "object_id": "16", "change_message": "Changed amount_available.", "user": 1, "content_type": 12}}, {"pk": 64, "model": "admin.logentry", "fields": {"action_flag": 2, "action_time": "2014-11-26T03:15:25.565Z", "object_repr": "Eventual FRF", "object_id": "38", "change_message": "Changed amount_available.", "user": 1, "content_type": 10}}, {"pk": 1, "model": "budget_app.userpreferences", "fields": {"view_checked_only": false, "view_future_only": false, "user": 2, "view_encumbrances_only": false, "fiscal_year_to_view": 1}}, {"pk": 2, "model": "budget_app.userpreferences", "fields": {"view_checked_only": false, "view_future_only": false, "user": 3, "view_encumbrances_only": false, "fiscal_year_to_view": 1}}]