[
{
    "pk": 1, 
    "model": "auth.permission", 
    "fields": {
        "codename": "add_permission", 
        "name": "Can add permission", 
        "content_type": 1
    }
},
{
    "pk": 2, 
    "model": "auth.permission", 
    "fields": {
        "codename": "change_permission", 
        "name": "Can change permission", 
        "content_type": 1
    }
},
{
    "pk": 3, 
    "model": "auth.permission", 
    "fields": {
        "codename": "delete_permission", 
        "name": "Can delete permission", 
        "content_type": 1
    }
},
{
    "pk": 4, 
    "model": "auth.permission", 
    "fields": {
        "codename": "add_group", 
        "name": "Can add group", 
        "content_type": 2
    }
},
{
    "pk": 5, 
    "model": "auth.permission", 
    "fields": {
        "codename": "change_group", 
        "name": "Can change group", 
        "content_type": 2
    }
},
{
    "pk": 6, 
    "model": "auth.permission", 
    "fields": {
        "codename": "delete_group", 
        "name": "Can delete group", 
        "content_type": 2
    }
},
{
    "pk": 7, 
    "model": "auth.permission", 
    "fields": {
        "codename": "add_user", 
        "name": "Can add user", 
        "content_type": 3
    }
},
{
    "pk": 8, 
    "model": "auth.permission", 
    "fields": {
        "codename": "change_user", 
        "name": "Can change user", 
        "content_type": 3
    }
},
{
    "pk": 9, 
    "model": "auth.permission", 
    "fields": {
        "codename": "delete_user", 
        "name": "Can delete user", 
        "content_type": 3
    }
},
{
    "pk": 10, 
    "model": "auth.permission", 
    "fields": {
        "codename": "add_contenttype", 
        "name": "Can add content type", 
        "content_type": 4
    }
},
{
    "pk": 11, 
    "model": "auth.permission", 
    "fields": {
        "codename": "change_contenttype", 
        "name": "Can change content type", 
        "content_type": 4
    }
},
{
    "pk": 12, 
    "model": "auth.permission", 
    "fields": {
        "codename": "delete_contenttype", 
        "name": "Can delete content type", 
        "content_type": 4
    }
},
{
    "pk": 13, 
    "model": "auth.permission", 
    "fields": {
        "codename": "add_session", 
        "name": "Can add session", 
        "content_type": 5
    }
},
{
    "pk": 14, 
    "model": "auth.permission", 
    "fields": {
        "codename": "change_session", 
        "name": "Can change session", 
        "content_type": 5
    }
},
{
    "pk": 15, 
    "model": "auth.permission", 
    "fields": {
        "codename": "delete_session", 
        "name": "Can delete session", 
        "content_type": 5
    }
},
{
    "pk": 16, 
    "model": "auth.permission", 
    "fields": {
        "codename": "add_site", 
        "name": "Can add site", 
        "content_type": 6
    }
},
{
    "pk": 17, 
    "model": "auth.permission", 
    "fields": {
        "codename": "change_site", 
        "name": "Can change site", 
        "content_type": 6
    }
},
{
    "pk": 18, 
    "model": "auth.permission", 
    "fields": {
        "codename": "delete_site", 
        "name": "Can delete site", 
        "content_type": 6
    }
},
{
    "pk": 19, 
    "model": "auth.permission", 
    "fields": {
        "codename": "add_logentry", 
        "name": "Can add log entry", 
        "content_type": 7
    }
},
{
    "pk": 20, 
    "model": "auth.permission", 
    "fields": {
        "codename": "change_logentry", 
        "name": "Can change log entry", 
        "content_type": 7
    }
},
{
    "pk": 21, 
    "model": "auth.permission", 
    "fields": {
        "codename": "delete_logentry", 
        "name": "Can delete log entry", 
        "content_type": 7
    }
},
{
    "pk": 22, 
    "model": "auth.permission", 
    "fields": {
        "codename": "add_person", 
        "name": "Can add person", 
        "content_type": 8
    }
},
{
    "pk": 23, 
    "model": "auth.permission", 
    "fields": {
        "codename": "change_person", 
        "name": "Can change person", 
        "content_type": 8
    }
},
{
    "pk": 24, 
    "model": "auth.permission", 
    "fields": {
        "codename": "delete_person", 
        "name": "Can delete person", 
        "content_type": 8
    }
},
{
    "pk": 25, 
    "model": "auth.permission", 
    "fields": {
        "codename": "add_fiscalyear", 
        "name": "Can add fiscal year", 
        "content_type": 9
    }
},
{
    "pk": 26, 
    "model": "auth.permission", 
    "fields": {
        "codename": "change_fiscalyear", 
        "name": "Can change fiscal year", 
        "content_type": 9
    }
},
{
    "pk": 27, 
    "model": "auth.permission", 
    "fields": {
        "codename": "delete_fiscalyear", 
        "name": "Can delete fiscal year", 
        "content_type": 9
    }
},
{
    "pk": 28, 
    "model": "auth.permission", 
    "fields": {
        "codename": "add_subaccount", 
        "name": "Can add sub account", 
        "content_type": 10
    }
},
{
    "pk": 29, 
    "model": "auth.permission", 
    "fields": {
        "codename": "change_subaccount", 
        "name": "Can change sub account", 
        "content_type": 10
    }
},
{
    "pk": 30, 
    "model": "auth.permission", 
    "fields": {
        "codename": "delete_subaccount", 
        "name": "Can delete sub account", 
        "content_type": 10
    }
},
{
    "pk": 31, 
    "model": "auth.permission", 
    "fields": {
        "codename": "add_budgetline", 
        "name": "Can add budget line", 
        "content_type": 11
    }
},
{
    "pk": 32, 
    "model": "auth.permission", 
    "fields": {
        "codename": "change_budgetline", 
        "name": "Can change budget line", 
        "content_type": 11
    }
},
{
    "pk": 33, 
    "model": "auth.permission", 
    "fields": {
        "codename": "delete_budgetline", 
        "name": "Can delete budget line", 
        "content_type": 11
    }
},
{
    "pk": 34, 
    "model": "auth.permission", 
    "fields": {
        "codename": "add_departmentmember", 
        "name": "Can add department member", 
        "content_type": 12
    }
},
{
    "pk": 35, 
    "model": "auth.permission", 
    "fields": {
        "codename": "change_departmentmember", 
        "name": "Can change department member", 
        "content_type": 12
    }
},
{
    "pk": 36, 
    "model": "auth.permission", 
    "fields": {
        "codename": "delete_departmentmember", 
        "name": "Can delete department member", 
        "content_type": 12
    }
},
{
    "pk": 37, 
    "model": "auth.permission", 
    "fields": {
        "codename": "add_creditcard", 
        "name": "Can add credit card", 
        "content_type": 13
    }
},
{
    "pk": 38, 
    "model": "auth.permission", 
    "fields": {
        "codename": "change_creditcard", 
        "name": "Can change credit card", 
        "content_type": 13
    }
},
{
    "pk": 39, 
    "model": "auth.permission", 
    "fields": {
        "codename": "delete_creditcard", 
        "name": "Can delete credit card", 
        "content_type": 13
    }
},
{
    "pk": 40, 
    "model": "auth.permission", 
    "fields": {
        "codename": "add_expense", 
        "name": "Can add expense", 
        "content_type": 14
    }
},
{
    "pk": 41, 
    "model": "auth.permission", 
    "fields": {
        "codename": "change_expense", 
        "name": "Can change expense", 
        "content_type": 14
    }
},
{
    "pk": 42, 
    "model": "auth.permission", 
    "fields": {
        "codename": "delete_expense", 
        "name": "Can delete expense", 
        "content_type": 14
    }
},
{
    "pk": 43, 
    "model": "auth.permission", 
    "fields": {
        "codename": "add_expensebudgetline", 
        "name": "Can add expense budget line", 
        "content_type": 15
    }
},
{
    "pk": 44, 
    "model": "auth.permission", 
    "fields": {
        "codename": "change_expensebudgetline", 
        "name": "Can change expense budget line", 
        "content_type": 15
    }
},
{
    "pk": 45, 
    "model": "auth.permission", 
    "fields": {
        "codename": "delete_expensebudgetline", 
        "name": "Can delete expense budget line", 
        "content_type": 15
    }
},
{
    "pk": 46, 
    "model": "auth.permission", 
    "fields": {
        "codename": "add_userpreferences", 
        "name": "Can add user preferences", 
        "content_type": 16
    }
},
{
    "pk": 47, 
    "model": "auth.permission", 
    "fields": {
        "codename": "change_userpreferences", 
        "name": "Can change user preferences", 
        "content_type": 16
    }
},
{
    "pk": 48, 
    "model": "auth.permission", 
    "fields": {
        "codename": "delete_userpreferences", 
        "name": "Can delete user preferences", 
        "content_type": 16
    }
},
{
    "pk": 49, 
    "model": "auth.permission", 
    "fields": {
        "codename": "add_note", 
        "name": "Can add note", 
        "content_type": 17
    }
},
{
    "pk": 50, 
    "model": "auth.permission", 
    "fields": {
        "codename": "change_note", 
        "name": "Can change note", 
        "content_type": 17
    }
},
{
    "pk": 51, 
    "model": "auth.permission", 
    "fields": {
        "codename": "delete_note", 
        "name": "Can delete note", 
        "content_type": 17
    }
},
{
    "pk": 52, 
    "model": "auth.permission", 
    "fields": {
        "codename": "add_note", 
        "name": "Can add note", 
        "content_type": 18
    }
},
{
    "pk": 53, 
    "model": "auth.permission", 
    "fields": {
        "codename": "change_note", 
        "name": "Can change note", 
        "content_type": 18
    }
},
{
    "pk": 54, 
    "model": "auth.permission", 
    "fields": {
        "codename": "delete_note", 
        "name": "Can delete note", 
        "content_type": 18
    }
},
{
    "pk": 1, 
    "model": "auth.user", 
    "fields": {
        "username": "admin", 
        "first_name": "", 
        "last_name": "", 
        "is_active": true, 
        "is_superuser": true, 
        "is_staff": true, 
        "last_login": "2015-01-12T19:40:58.976Z", 
        "groups": [], 
        "user_permissions": [], 
        "password": "pbkdf2_sha256$10000$0OoH0GYJO7JB$WyEYMbF83fevxB2GATf2vZ/r8i7ZtdS80JqrlrFsw8k=", 
        "email": "admin@example.com", 
        "date_joined": "2014-10-08T19:06:17.332Z"
    }
},
{
    "pk": 2, 
    "model": "auth.user", 
    "fields": {
        "username": "physics_chair", 
        "first_name": "", 
        "last_name": "", 
        "is_active": true, 
        "is_superuser": true, 
        "is_staff": false, 
        "last_login": "2015-01-16T21:36:54.448Z", 
        "groups": [], 
        "user_permissions": [], 
        "password": "pbkdf2_sha256$10000$vKeNV44JF9T2$oQgnfZ0YRk1nyn+H0f9r/J89eRQkbE9Q36NdZg1m0+I=", 
        "email": "", 
        "date_joined": "2014-10-08T20:15:40Z"
    }
},
{
    "pk": 3, 
    "model": "auth.user", 
    "fields": {
        "username": "physics", 
        "first_name": "", 
        "last_name": "", 
        "is_active": true, 
        "is_superuser": false, 
        "is_staff": false, 
        "last_login": "2014-12-03T03:49:04.898Z", 
        "groups": [], 
        "user_permissions": [], 
        "password": "pbkdf2_sha256$10000$QyCveLAdvlE2$0ap/GZgIQVB59j3v8kukuJvwzOfckYSrJs0LZ4NLydc=", 
        "email": "", 
        "date_joined": "2014-11-11T00:29:07Z"
    }
},
{
    "pk": 1, 
    "model": "budget_app.person", 
    "fields": {
        "first_name": "Joel", 
        "last_name": "Gegner", 
        "work_phone": "", 
        "photo": "", 
        "created_at": "2014-10-08T20:50:05.156Z", 
        "updated_at": "2014-10-08T20:50:05.156Z", 
        "home_phone": "", 
        "cell_phone": "", 
        "nickname": ""
    }
},
{
    "pk": 2, 
    "model": "budget_app.person", 
    "fields": {
        "first_name": "Bill", 
        "last_name": "Bauson", 
        "work_phone": "", 
        "photo": "", 
        "created_at": "2014-10-08T20:50:15.939Z", 
        "updated_at": "2014-10-08T20:50:15.939Z", 
        "home_phone": "", 
        "cell_phone": "", 
        "nickname": ""
    }
},
{
    "pk": 3, 
    "model": "budget_app.person", 
    "fields": {
        "first_name": "Bob", 
        "last_name": "Davis", 
        "work_phone": "", 
        "photo": "", 
        "created_at": "2014-10-08T20:50:25.772Z", 
        "updated_at": "2014-10-08T20:50:25.772Z", 
        "home_phone": "", 
        "cell_phone": "", 
        "nickname": ""
    }
},
{
    "pk": 4, 
    "model": "budget_app.person", 
    "fields": {
        "first_name": "Lara", 
        "last_name": "Horsley", 
        "work_phone": "", 
        "photo": "", 
        "created_at": "2014-10-08T20:50:34.257Z", 
        "updated_at": "2014-10-08T20:50:34.257Z", 
        "home_phone": "", 
        "cell_phone": "", 
        "nickname": ""
    }
},
{
    "pk": 5, 
    "model": "budget_app.person", 
    "fields": {
        "first_name": "John", 
        "last_name": "Gavin", 
        "work_phone": "", 
        "photo": "", 
        "created_at": "2014-10-08T20:50:43.137Z", 
        "updated_at": "2014-10-08T20:50:43.137Z", 
        "home_phone": "", 
        "cell_phone": "", 
        "nickname": ""
    }
},
{
    "pk": 6, 
    "model": "budget_app.person", 
    "fields": {
        "first_name": "Sue", 
        "last_name": "Gavin", 
        "work_phone": "", 
        "photo": "", 
        "created_at": "2014-10-08T20:50:52.616Z", 
        "updated_at": "2014-10-08T20:50:52.616Z", 
        "home_phone": "", 
        "cell_phone": "", 
        "nickname": ""
    }
},
{
    "pk": 7, 
    "model": "budget_app.person", 
    "fields": {
        "first_name": "Hank", 
        "last_name": "Voss", 
        "work_phone": "", 
        "photo": "", 
        "created_at": "2014-10-08T20:51:01.698Z", 
        "updated_at": "2014-10-08T20:51:01.698Z", 
        "home_phone": "", 
        "cell_phone": "", 
        "nickname": ""
    }
},
{
    "pk": 8, 
    "model": "budget_app.person", 
    "fields": {
        "first_name": "Scott", 
        "last_name": "Steckenrider", 
        "work_phone": "", 
        "photo": "", 
        "created_at": "2014-10-08T20:51:14.968Z", 
        "updated_at": "2014-10-08T20:51:14.968Z", 
        "home_phone": "", 
        "cell_phone": "", 
        "nickname": ""
    }
},
{
    "pk": 9, 
    "model": "budget_app.person", 
    "fields": {
        "first_name": "Ken", 
        "last_name": "Kiers", 
        "work_phone": "", 
        "photo": "", 
        "created_at": "2014-10-08T20:51:28.198Z", 
        "updated_at": "2014-10-08T20:51:28.198Z", 
        "home_phone": "", 
        "cell_phone": "", 
        "nickname": ""
    }
},
{
    "pk": 10, 
    "model": "budget_app.person", 
    "fields": {
        "first_name": "Barb", 
        "last_name": "Michael", 
        "work_phone": "", 
        "photo": "", 
        "created_at": "2014-10-08T20:52:20.120Z", 
        "updated_at": "2014-10-08T20:52:20.120Z", 
        "home_phone": "", 
        "cell_phone": "", 
        "nickname": ""
    }
},
{
    "pk": 1, 
    "model": "budget_app.fiscalyear", 
    "fields": {
        "end_on": "2015-05-31", 
        "begin_on": "2014-06-01"
    }
},
{
    "pk": 1, 
    "model": "budget_app.departmentmember", 
    "fields": {
        "position": "Asst"
    }
},
{
    "pk": 2, 
    "model": "budget_app.departmentmember", 
    "fields": {
        "position": "Staff"
    }
},
{
    "pk": 3, 
    "model": "budget_app.departmentmember", 
    "fields": {
        "position": "Full"
    }
},
{
    "pk": 4, 
    "model": "budget_app.departmentmember", 
    "fields": {
        "position": "Staff"
    }
},
{
    "pk": 5, 
    "model": "budget_app.departmentmember", 
    "fields": {
        "position": "Staff"
    }
},
{
    "pk": 6, 
    "model": "budget_app.departmentmember", 
    "fields": {
        "position": "Staff"
    }
},
{
    "pk": 7, 
    "model": "budget_app.departmentmember", 
    "fields": {
        "position": "Full"
    }
},
{
    "pk": 8, 
    "model": "budget_app.departmentmember", 
    "fields": {
        "position": "Assoc"
    }
},
{
    "pk": 9, 
    "model": "budget_app.departmentmember", 
    "fields": {
        "position": "Full"
    }
},
{
    "pk": 10, 
    "model": "budget_app.departmentmember", 
    "fields": {
        "position": "Staff"
    }
},
{
    "pk": 1, 
    "model": "budget_app.subaccount", 
    "fields": {
        "abbrev": "ENP104", 
        "amount_available": "350", 
        "name": "Introduction to Engineering", 
        "fiscal_year": 1
    }
},
{
    "pk": 2, 
    "model": "budget_app.subaccount", 
    "fields": {
        "abbrev": "ENP231", 
        "amount_available": "500", 
        "name": "Introduction to Electronics", 
        "fiscal_year": 1
    }
},
{
    "pk": 3, 
    "model": "budget_app.subaccount", 
    "fields": {
        "abbrev": "ENP252", 
        "amount_available": "700", 
        "name": "Principles of Engineering", 
        "fiscal_year": 1
    }
},
{
    "pk": 4, 
    "model": "budget_app.subaccount", 
    "fields": {
        "abbrev": "Kiers", 
        "amount_available": "500", 
        "name": "Kiers", 
        "fiscal_year": 1
    }
},
{
    "pk": 5, 
    "model": "budget_app.subaccount", 
    "fields": {
        "abbrev": "Davis", 
        "amount_available": "500", 
        "name": "Davis", 
        "fiscal_year": 1
    }
},
{
    "pk": 6, 
    "model": "budget_app.subaccount", 
    "fields": {
        "abbrev": "Gegner", 
        "amount_available": "500", 
        "name": "Gegner", 
        "fiscal_year": 1
    }
},
{
    "pk": 7, 
    "model": "budget_app.subaccount", 
    "fields": {
        "abbrev": "Voss", 
        "amount_available": "500", 
        "name": "Voss", 
        "fiscal_year": 1
    }
},
{
    "pk": 8, 
    "model": "budget_app.subaccount", 
    "fields": {
        "abbrev": "Steckenrider", 
        "amount_available": "500", 
        "name": "Steckenrider", 
        "fiscal_year": 1
    }
},
{
    "pk": 9, 
    "model": "budget_app.subaccount", 
    "fields": {
        "abbrev": "Chair Reserve", 
        "amount_available": "3162", 
        "name": "Chair Reserve", 
        "fiscal_year": 1
    }
},
{
    "pk": 10, 
    "model": "budget_app.subaccount", 
    "fields": {
        "abbrev": "General", 
        "amount_available": "3900", 
        "name": "Bill Bauson", 
        "fiscal_year": 1
    }
},
{
    "pk": 11, 
    "model": "budget_app.subaccount", 
    "fields": {
        "abbrev": "Machine Shop", 
        "amount_available": "1000", 
        "name": "Machine Shop", 
        "fiscal_year": 1
    }
},
{
    "pk": 12, 
    "model": "budget_app.subaccount", 
    "fields": {
        "abbrev": "Picnics", 
        "amount_available": "280", 
        "name": "Picnics and Banquets", 
        "fiscal_year": 1
    }
},
{
    "pk": 13, 
    "model": "budget_app.subaccount", 
    "fields": {
        "abbrev": "Indiana Oxygen", 
        "amount_available": "350", 
        "name": "Indiana Oxygen", 
        "fiscal_year": 1
    }
},
{
    "pk": 14, 
    "model": "budget_app.subaccount", 
    "fields": {
        "abbrev": "Engr Cpstn", 
        "amount_available": "1400", 
        "name": "Engineering Capstone Sequence", 
        "fiscal_year": 1
    }
},
{
    "pk": 15, 
    "model": "budget_app.subaccount", 
    "fields": {
        "abbrev": "PHY201", 
        "amount_available": "1400", 
        "name": "Introduction to Astronomy", 
        "fiscal_year": 1
    }
},
{
    "pk": 16, 
    "model": "budget_app.subaccount", 
    "fields": {
        "abbrev": "PHY311", 
        "amount_available": "350", 
        "name": "Modern Physics", 
        "fiscal_year": 1
    }
},
{
    "pk": 17, 
    "model": "budget_app.subaccount", 
    "fields": {
        "abbrev": "Promotional", 
        "amount_available": "0", 
        "name": "Promotional", 
        "fiscal_year": 1
    }
},
{
    "pk": 18, 
    "model": "budget_app.subaccount", 
    "fields": {
        "abbrev": "ENP355", 
        "amount_available": "0", 
        "name": "Fluids", 
        "fiscal_year": 1
    }
},
{
    "pk": 19, 
    "model": "budget_app.subaccount", 
    "fields": {
        "abbrev": "ENP301", 
        "amount_available": "350", 
        "name": "Statics", 
        "fiscal_year": 1
    }
},
{
    "pk": 20, 
    "model": "budget_app.subaccount", 
    "fields": {
        "abbrev": "Lower Division", 
        "amount_available": "2100", 
        "name": "PHY203, 204, 211, 212", 
        "fiscal_year": 1
    }
},
{
    "pk": 21, 
    "model": "budget_app.subaccount", 
    "fields": {
        "abbrev": "ENP321", 
        "amount_available": "150", 
        "name": "Applied Electromagnetics", 
        "fiscal_year": 1
    }
},
{
    "pk": 22, 
    "model": "budget_app.subaccount", 
    "fields": {
        "abbrev": "ENP105", 
        "amount_available": "0", 
        "name": "Intro to Engineering Ethics", 
        "fiscal_year": 1
    }
},
{
    "pk": 23, 
    "model": "budget_app.subaccount", 
    "fields": {
        "abbrev": "ENP302", 
        "amount_available": "210", 
        "name": "Strength of Materials and Machine Design", 
        "fiscal_year": 1
    }
},
{
    "pk": 24, 
    "model": "budget_app.subaccount", 
    "fields": {
        "abbrev": "ENP341", 
        "amount_available": "350", 
        "name": "Microcomputer Interfacing", 
        "fiscal_year": 1
    }
},
{
    "pk": 25, 
    "model": "budget_app.subaccount", 
    "fields": {
        "abbrev": "ENP332", 
        "amount_available": "350", 
        "name": "Control Systems", 
        "fiscal_year": 1
    }
},
{
    "pk": 26, 
    "model": "budget_app.subaccount", 
    "fields": {
        "abbrev": "ENP370", 
        "amount_available": "0", 
        "name": "Selected Topics", 
        "fiscal_year": 1
    }
},
{
    "pk": 27, 
    "model": "budget_app.subaccount", 
    "fields": {
        "abbrev": "ENP392", 
        "amount_available": "700", 
        "name": "Junior Engineering Project", 
        "fiscal_year": 1
    }
},
{
    "pk": 28, 
    "model": "budget_app.subaccount", 
    "fields": {
        "abbrev": "ENP394", 
        "amount_available": "350", 
        "name": "Advanced Engineering Project", 
        "fiscal_year": 1
    }
},
{
    "pk": 29, 
    "model": "budget_app.subaccount", 
    "fields": {
        "abbrev": "ENP491", 
        "amount_available": "70", 
        "name": "Review of Fundamentals of Engineering", 
        "fiscal_year": 1
    }
},
{
    "pk": 30, 
    "model": "budget_app.subaccount", 
    "fields": {
        "abbrev": "PHY321", 
        "amount_available": "0", 
        "name": "Electricity and Magnetism", 
        "fiscal_year": 1
    }
},
{
    "pk": 31, 
    "model": "budget_app.subaccount", 
    "fields": {
        "abbrev": "PHY330", 
        "amount_available": "140", 
        "name": "Advanced Lab", 
        "fiscal_year": 1
    }
},
{
    "pk": 32, 
    "model": "budget_app.subaccount", 
    "fields": {
        "abbrev": "PHY341", 
        "amount_available": "0", 
        "name": "Math Methods in Physics and Engineering", 
        "fiscal_year": 1
    }
},
{
    "pk": 33, 
    "model": "budget_app.subaccount", 
    "fields": {
        "abbrev": "PHY350", 
        "amount_available": "0", 
        "name": "Thermodynamics and Statistical Mechanics", 
        "fiscal_year": 1
    }
},
{
    "pk": 34, 
    "model": "budget_app.subaccount", 
    "fields": {
        "abbrev": "PHY412", 
        "amount_available": "0", 
        "name": "Quantum Mechanics", 
        "fiscal_year": 1
    }
},
{
    "pk": 35, 
    "model": "budget_app.subaccount", 
    "fields": {
        "abbrev": "PHY441", 
        "amount_available": "0", 
        "name": "Advanced Mathematical Methods in Physics", 
        "fiscal_year": 1
    }
},
{
    "pk": 36, 
    "model": "budget_app.subaccount", 
    "fields": {
        "abbrev": "PHY491", 
        "amount_available": "0", 
        "name": "Preparation for the Physics GRE", 
        "fiscal_year": 1
    }
},
{
    "pk": 37, 
    "model": "budget_app.subaccount", 
    "fields": {
        "abbrev": "ENP450", 
        "amount_available": "0", 
        "name": "Directed Research", 
        "fiscal_year": 1
    }
},
{
    "pk": 38, 
    "model": "budget_app.subaccount", 
    "fields": {
        "abbrev": "Eventual FRF", 
        "amount_available": "0", 
        "name": "Eventual FRF", 
        "fiscal_year": 1
    }
},
{
    "pk": 1, 
    "model": "budget_app.department", 
    "fields": {
        "name": "Physics and Engineering"
    }
},
{
    "pk": 2, 
    "model": "budget_app.department", 
    "fields": {
        "name": "ELEO"
    }
},
{
    "pk": 3, 
    "model": "budget_app.department", 
    "fields": {
        "name": "Euler"
    }
},
{
    "pk": 1, 
    "model": "budget_app.budgetline", 
    "fields": {
        "code": "132010", 
        "name": "Student Wages", 
        "amount_available": "11524", 
        "fiscal_year": 1, 
        "has_subaccounts": false, 
        "department": 1
    }
},
{
    "pk": 2, 
    "model": "budget_app.budgetline", 
    "fields": {
        "code": "132020", 
        "name": "Instructional Material", 
        "amount_available": "8662", 
        "fiscal_year": 1, 
        "has_subaccounts": true, 
        "department": 1
    }
},
{
    "pk": 3, 
    "model": "budget_app.budgetline", 
    "fields": {
        "code": "132021", 
        "name": "Field Trips", 
        "amount_available": "1000", 
        "fiscal_year": 1, 
        "has_subaccounts": false, 
        "department": 1
    }
},
{
    "pk": 4, 
    "model": "budget_app.budgetline", 
    "fields": {
        "code": "132036", 
        "name": "Equipment", 
        "amount_available": "12000", 
        "fiscal_year": 1, 
        "has_subaccounts": true, 
        "department": 1
    }
},
{
    "pk": 5, 
    "model": "budget_app.budgetline", 
    "fields": {
        "code": "132082", 
        "name": "Practicums", 
        "amount_available": "0", 
        "fiscal_year": 1, 
        "has_subaccounts": false, 
        "department": 1
    }
},
{
    "pk": 6, 
    "model": "budget_app.budgetline", 
    "fields": {
        "code": "132022", 
        "name": "Office Supplies", 
        "amount_available": "2500", 
        "fiscal_year": 1, 
        "has_subaccounts": false, 
        "department": 1
    }
},
{
    "pk": 7, 
    "model": "budget_app.budgetline", 
    "fields": {
        "code": "132023", 
        "name": "Long Distance", 
        "amount_available": "250", 
        "fiscal_year": 1, 
        "has_subaccounts": false, 
        "department": 1
    }
},
{
    "pk": 8, 
    "model": "budget_app.budgetline", 
    "fields": {
        "code": "132024", 
        "name": "Copying", 
        "amount_available": "1500", 
        "fiscal_year": 1, 
        "has_subaccounts": false, 
        "department": 1
    }
},
{
    "pk": 9, 
    "model": "budget_app.budgetline", 
    "fields": {
        "code": "132025", 
        "name": "Printing", 
        "amount_available": "830", 
        "fiscal_year": 1, 
        "has_subaccounts": false, 
        "department": 1
    }
},
{
    "pk": 10, 
    "model": "budget_app.budgetline", 
    "fields": {
        "code": "132063", 
        "name": "Software", 
        "amount_available": "9700", 
        "fiscal_year": 1, 
        "has_subaccounts": false, 
        "department": 1
    }
},
{
    "pk": 11, 
    "model": "budget_app.budgetline", 
    "fields": {
        "code": "132027", 
        "name": "Travel", 
        "amount_available": "400", 
        "fiscal_year": 1, 
        "has_subaccounts": false, 
        "department": 1
    }
},
{
    "pk": 12, 
    "model": "budget_app.budgetline", 
    "fields": {
        "code": "132030", 
        "name": "Entertainment", 
        "amount_available": "100", 
        "fiscal_year": 1, 
        "has_subaccounts": false, 
        "department": 1
    }
},
{
    "pk": 13, 
    "model": "budget_app.budgetline", 
    "fields": {
        "code": "132026", 
        "name": "Postage", 
        "amount_available": "330", 
        "fiscal_year": 1, 
        "has_subaccounts": false, 
        "department": 1
    }
},
{
    "pk": 14, 
    "model": "budget_app.budgetline", 
    "fields": {
        "code": "132062", 
        "name": "Maintenance Contracts", 
        "amount_available": "6000", 
        "fiscal_year": 1, 
        "has_subaccounts": false, 
        "department": 1
    }
},
{
    "pk": 15, 
    "model": "budget_app.budgetline", 
    "fields": {
        "code": "ELEO40", 
        "name": "ELEO Operating Supplies", 
        "amount_available": "0", 
        "fiscal_year": 1, 
        "has_subaccounts": false, 
        "department": 2
    }
},
{
    "pk": 16, 
    "model": "budget_app.budgetline", 
    "fields": {
        "code": "ELEO27", 
        "name": "ELEO Travel", 
        "amount_available": "0", 
        "fiscal_year": 1, 
        "has_subaccounts": false, 
        "department": 2
    }
},
{
    "pk": 17, 
    "model": "budget_app.budgetline", 
    "fields": {
        "code": "ELEO39", 
        "name": "ELEO Outside Services", 
        "amount_available": "0", 
        "fiscal_year": 1, 
        "has_subaccounts": false, 
        "department": 2
    }
},
{
    "pk": 18, 
    "model": "budget_app.budgetline", 
    "fields": {
        "code": "132090", 
        "name": "Funds rolled forward", 
        "amount_available": "29384", 
        "fiscal_year": 1, 
        "has_subaccounts": false, 
        "department": 1
    }
},
{
    "pk": 19, 
    "model": "budget_app.budgetline", 
    "fields": {
        "code": "132094", 
        "name": "Special Course Fees", 
        "amount_available": "0", 
        "fiscal_year": 1, 
        "has_subaccounts": false, 
        "department": 1
    }
},
{
    "pk": 20, 
    "model": "budget_app.budgetline", 
    "fields": {
        "code": "EULER", 
        "name": "EULER", 
        "amount_available": "0", 
        "fiscal_year": 1, 
        "has_subaccounts": false, 
        "department": 3
    }
},
{
    "pk": 1, 
    "model": "budget_app.creditcard", 
    "fields": {
        "person": 2
    }
},
{
    "pk": 2, 
    "model": "budget_app.creditcard", 
    "fields": {
        "person": 6
    }
},
{
    "pk": 3, 
    "model": "budget_app.creditcard", 
    "fields": {
        "person": 1
    }
},
{
    "pk": 4, 
    "model": "budget_app.creditcard", 
    "fields": {
        "person": 9
    }
},
{
    "pk": 5, 
    "model": "budget_app.creditcard", 
    "fields": {
        "person": 4
    }
},
{
    "pk": 6, 
    "model": "budget_app.creditcard", 
    "fields": {
        "person": 10
    }
},
{
    "pk": 1, 
    "model": "budget_app.expense", 
    "fields": {
        "encumbered": false, 
        "description": "ENCO", 
        "charged_by": 5, 
        "credit_card": 5, 
        "future_expense": false, 
        "extra_note": "LH cc", 
        "date": "2014-06-04", 
        "checked": true
    }
},
{
    "pk": 4, 
    "model": "budget_app.expense", 
    "fields": {
        "encumbered": false, 
        "description": "Nameplate for Bill's office", 
        "charged_by": 9, 
        "credit_card": null, 
        "future_expense": false, 
        "extra_note": "", 
        "date": "2014-06-02", 
        "checked": true
    }
},
{
    "pk": 5, 
    "model": "budget_app.expense", 
    "fields": {
        "encumbered": false, 
        "description": "Sparkfun Inventor's Kit", 
        "charged_by": 2, 
        "credit_card": null, 
        "future_expense": false, 
        "extra_note": "Internal purchase of kit from ENP231 to PHY201", 
        "date": "2014-10-13", 
        "checked": true
    }
},
{
    "pk": 7, 
    "model": "budget_app.expense", 
    "fields": {
        "encumbered": false, 
        "description": "Observatory area light, needles for solder paste", 
        "charged_by": 2, 
        "credit_card": 1, 
        "future_expense": false, 
        "extra_note": "", 
        "date": "2014-10-17", 
        "checked": true
    }
},
{
    "pk": 8, 
    "model": "budget_app.expense", 
    "fields": {
        "encumbered": false, 
        "description": "Desoldering braid", 
        "charged_by": 2, 
        "credit_card": 1, 
        "future_expense": false, 
        "extra_note": "", 
        "date": "2014-10-17", 
        "checked": true
    }
},
{
    "pk": 9, 
    "model": "budget_app.expense", 
    "fields": {
        "encumbered": false, 
        "description": "RGB LED's", 
        "charged_by": 2, 
        "credit_card": 1, 
        "future_expense": false, 
        "extra_note": "", 
        "date": "2014-10-17", 
        "checked": true
    }
},
{
    "pk": 10, 
    "model": "budget_app.expense", 
    "fields": {
        "encumbered": false, 
        "description": "Pipette bulbs for Millikan Oil Drop experiment", 
        "charged_by": 2, 
        "credit_card": 1, 
        "future_expense": false, 
        "extra_note": "", 
        "date": "2014-10-17", 
        "checked": true
    }
},
{
    "pk": 11, 
    "model": "budget_app.expense", 
    "fields": {
        "encumbered": false, 
        "description": "Black acrylic for LED trinkets", 
        "charged_by": 2, 
        "credit_card": 1, 
        "future_expense": false, 
        "extra_note": "ECLIPSE / 24@Taylor event; To be partially covered by Admissions", 
        "date": "2014-10-17", 
        "checked": true
    }
},
{
    "pk": 12, 
    "model": "budget_app.expense", 
    "fields": {
        "encumbered": false, 
        "description": "Barebones PCB's for LED trinket", 
        "charged_by": 2, 
        "credit_card": 1, 
        "future_expense": false, 
        "extra_note": "ECLIPSE / 24@Taylor event; To be partially covered by Admissions", 
        "date": "2014-10-17", 
        "checked": true
    }
},
{
    "pk": 13, 
    "model": "budget_app.expense", 
    "fields": {
        "encumbered": false, 
        "description": "Batteries for LED trinket", 
        "charged_by": 2, 
        "credit_card": 1, 
        "future_expense": false, 
        "extra_note": "ECLIPSE / 24@Taylor event; To be partially covered by Admissions", 
        "date": "2014-10-16", 
        "checked": true
    }
},
{
    "pk": 14, 
    "model": "budget_app.expense", 
    "fields": {
        "encumbered": false, 
        "description": "Electronic parts for LED trinket", 
        "charged_by": 2, 
        "credit_card": 1, 
        "future_expense": false, 
        "extra_note": "ECLIPSE / 24@Taylor event; To be partially covered by Admissions", 
        "date": "2014-10-16", 
        "checked": false
    }
},
{
    "pk": 15, 
    "model": "budget_app.expense", 
    "fields": {
        "encumbered": false, 
        "description": "Swage fittings, screws for shop", 
        "charged_by": 2, 
        "credit_card": 1, 
        "future_expense": false, 
        "extra_note": "", 
        "date": "2014-10-16", 
        "checked": false
    }
},
{
    "pk": 16, 
    "model": "budget_app.expense", 
    "fields": {
        "encumbered": false, 
        "description": "LED's for LED trinkets", 
        "charged_by": 2, 
        "credit_card": 1, 
        "future_expense": false, 
        "extra_note": "ECLIPSE / 24@Taylor event; To be partially covered by Admissions", 
        "date": "2014-10-16", 
        "checked": true
    }
},
{
    "pk": 17, 
    "model": "budget_app.expense", 
    "fields": {
        "encumbered": false, 
        "description": "Young's Water", 
        "charged_by": 9, 
        "credit_card": null, 
        "future_expense": false, 
        "extra_note": "", 
        "date": "2014-10-15", 
        "checked": true
    }
},
{
    "pk": 19, 
    "model": "budget_app.expense", 
    "fields": {
        "encumbered": false, 
        "description": "Color copying at library", 
        "charged_by": 3, 
        "credit_card": null, 
        "future_expense": false, 
        "extra_note": "", 
        "date": "2014-10-03", 
        "checked": true
    }
},
{
    "pk": 20, 
    "model": "budget_app.expense", 
    "fields": {
        "encumbered": false, 
        "description": "Reimburse K. Yoshino for travel to AF SERB conf", 
        "charged_by": null, 
        "credit_card": null, 
        "future_expense": false, 
        "extra_note": "", 
        "date": "2014-09-19", 
        "checked": true
    }
},
{
    "pk": 21, 
    "model": "budget_app.expense", 
    "fields": {
        "encumbered": false, 
        "description": "Gift cards non-TU speakers", 
        "charged_by": null, 
        "credit_card": null, 
        "future_expense": false, 
        "extra_note": "Chandler Chapman", 
        "date": "2014-09-30", 
        "checked": true
    }
},
{
    "pk": 23, 
    "model": "budget_app.expense", 
    "fields": {
        "encumbered": false, 
        "description": "Parts for fluid tank", 
        "charged_by": 2, 
        "credit_card": 1, 
        "future_expense": false, 
        "extra_note": "For ENP355", 
        "date": "2014-09-18", 
        "checked": true
    }
},
{
    "pk": 24, 
    "model": "budget_app.expense", 
    "fields": {
        "encumbered": false, 
        "description": "Pizza for 12 people - reimbursed to K. Kiers", 
        "charged_by": 9, 
        "credit_card": null, 
        "future_expense": false, 
        "extra_note": "", 
        "date": "2014-09-08", 
        "checked": true
    }
},
{
    "pk": 25, 
    "model": "budget_app.expense", 
    "fields": {
        "encumbered": false, 
        "description": "Solar eclipse viewers", 
        "charged_by": 2, 
        "credit_card": 1, 
        "future_expense": false, 
        "extra_note": "?Split between astronomy and promotion?", 
        "date": "2014-10-09", 
        "checked": true
    }
},
{
    "pk": 26, 
    "model": "budget_app.expense", 
    "fields": {
        "encumbered": false, 
        "description": "Eagle software upgrade", 
        "charged_by": 2, 
        "credit_card": 1, 
        "future_expense": false, 
        "extra_note": "", 
        "date": "2014-10-06", 
        "checked": true
    }
},
{
    "pk": 27, 
    "model": "budget_app.expense", 
    "fields": {
        "encumbered": false, 
        "description": "Prism and optics cleaning supplies", 
        "charged_by": 2, 
        "credit_card": 1, 
        "future_expense": false, 
        "extra_note": "", 
        "date": "2014-09-17", 
        "checked": true
    }
},
{
    "pk": 28, 
    "model": "budget_app.expense", 
    "fields": {
        "encumbered": false, 
        "description": "Dept picnic - DC charge", 
        "charged_by": 3, 
        "credit_card": null, 
        "future_expense": false, 
        "extra_note": "", 
        "date": "2014-09-14", 
        "checked": true
    }
},
{
    "pk": 29, 
    "model": "budget_app.expense", 
    "fields": {
        "encumbered": false, 
        "description": "Dept picnic - B. Davis reimbursement", 
        "charged_by": 3, 
        "credit_card": null, 
        "future_expense": false, 
        "extra_note": "", 
        "date": "2014-09-16", 
        "checked": true
    }
},
{
    "pk": 30, 
    "model": "budget_app.expense", 
    "fields": {
        "encumbered": false, 
        "description": "MathCAD Maint fee", 
        "charged_by": 2, 
        "credit_card": 1, 
        "future_expense": false, 
        "extra_note": "", 
        "date": "2014-09-17", 
        "checked": true
    }
},
{
    "pk": 31, 
    "model": "budget_app.expense", 
    "fields": {
        "encumbered": false, 
        "description": "Bandsaw blades for shop", 
        "charged_by": 2, 
        "credit_card": 1, 
        "future_expense": false, 
        "extra_note": "****SHOP****", 
        "date": "2014-09-17", 
        "checked": true
    }
},
{
    "pk": 32, 
    "model": "budget_app.expense", 
    "fields": {
        "encumbered": false, 
        "description": "Sanding belts and discs", 
        "charged_by": 2, 
        "credit_card": 1, 
        "future_expense": false, 
        "extra_note": "****SHOP****", 
        "date": "2014-09-17", 
        "checked": true
    }
},
{
    "pk": 33, 
    "model": "budget_app.expense", 
    "fields": {
        "encumbered": false, 
        "description": "Batteries for timers", 
        "charged_by": 2, 
        "credit_card": 1, 
        "future_expense": false, 
        "extra_note": "", 
        "date": "2014-09-17", 
        "checked": true
    }
},
{
    "pk": 34, 
    "model": "budget_app.expense", 
    "fields": {
        "encumbered": false, 
        "description": "Drill rods and bits for bridges", 
        "charged_by": 2, 
        "credit_card": 1, 
        "future_expense": false, 
        "extra_note": "", 
        "date": "2014-09-17", 
        "checked": true
    }
},
{
    "pk": 35, 
    "model": "budget_app.expense", 
    "fields": {
        "encumbered": false, 
        "description": "Plexiglas for bridges", 
        "charged_by": 2, 
        "credit_card": 1, 
        "future_expense": false, 
        "extra_note": "", 
        "date": "2014-09-17", 
        "checked": true
    }
},
{
    "pk": 36, 
    "model": "budget_app.expense", 
    "fields": {
        "encumbered": false, 
        "description": "Popsicle sticks for bridges", 
        "charged_by": 2, 
        "credit_card": 1, 
        "future_expense": false, 
        "extra_note": "", 
        "date": "2014-09-17", 
        "checked": true
    }
},
{
    "pk": 37, 
    "model": "budget_app.expense", 
    "fields": {
        "encumbered": false, 
        "description": "Drawer dividers", 
        "charged_by": 10, 
        "credit_card": 6, 
        "future_expense": true, 
        "extra_note": "****SHOP****", 
        "date": "2014-09-17", 
        "checked": false
    }
},
{
    "pk": 38, 
    "model": "budget_app.expense", 
    "fields": {
        "encumbered": false, 
        "description": "Safety glasses & containers", 
        "charged_by": null, 
        "credit_card": null, 
        "future_expense": true, 
        "extra_note": "****SHOP**** DUPLICATE\r\n\r\nOrdered by Rita Puckett", 
        "date": "2014-09-17", 
        "checked": false
    }
},
{
    "pk": 39, 
    "model": "budget_app.expense", 
    "fields": {
        "encumbered": false, 
        "description": "Deburring wheels, carbide inserts, etc.", 
        "charged_by": 2, 
        "credit_card": 1, 
        "future_expense": false, 
        "extra_note": "****SHOP****", 
        "date": "2014-09-10", 
        "checked": true
    }
},
{
    "pk": 40, 
    "model": "budget_app.expense", 
    "fields": {
        "encumbered": false, 
        "description": "Micrometers", 
        "charged_by": 3, 
        "credit_card": null, 
        "future_expense": false, 
        "extra_note": "Reimbursement to Bob Davis", 
        "date": "2014-09-08", 
        "checked": true
    }
},
{
    "pk": 41, 
    "model": "budget_app.expense", 
    "fields": {
        "encumbered": false, 
        "description": "eBeam Edge and Capture", 
        "charged_by": 1, 
        "credit_card": 3, 
        "future_expense": false, 
        "extra_note": "For general use", 
        "date": "2014-08-22", 
        "checked": true
    }
},
{
    "pk": 42, 
    "model": "budget_app.expense", 
    "fields": {
        "encumbered": false, 
        "description": "V100 laptop mouse", 
        "charged_by": 1, 
        "credit_card": 3, 
        "future_expense": false, 
        "extra_note": "", 
        "date": "2014-08-18", 
        "checked": true
    }
},
{
    "pk": 43, 
    "model": "budget_app.expense", 
    "fields": {
        "encumbered": false, 
        "description": "Amazon Prime membership", 
        "charged_by": 2, 
        "credit_card": 1, 
        "future_expense": false, 
        "extra_note": "", 
        "date": "2014-08-21", 
        "checked": true
    }
},
{
    "pk": 44, 
    "model": "budget_app.expense", 
    "fields": {
        "encumbered": false, 
        "description": "Transferred from CSE as contribution", 
        "charged_by": null, 
        "credit_card": null, 
        "future_expense": false, 
        "extra_note": "Don't know actual date", 
        "date": "2014-08-04", 
        "checked": true
    }
},
{
    "pk": 45, 
    "model": "budget_app.expense", 
    "fields": {
        "encumbered": false, 
        "description": "Shop air filtration", 
        "charged_by": 6, 
        "credit_card": 2, 
        "future_expense": false, 
        "extra_note": "HVAC foil tape, PVC coupling for laser", 
        "date": "2014-08-22", 
        "checked": true
    }
},
{
    "pk": 46, 
    "model": "budget_app.expense", 
    "fields": {
        "encumbered": false, 
        "description": "Shop air filtration", 
        "charged_by": 6, 
        "credit_card": 2, 
        "future_expense": false, 
        "extra_note": "", 
        "date": "2014-08-05", 
        "checked": true
    }
},
{
    "pk": 47, 
    "model": "budget_app.expense", 
    "fields": {
        "encumbered": false, 
        "description": "USB microphone for recording classes", 
        "charged_by": 2, 
        "credit_card": 1, 
        "future_expense": false, 
        "extra_note": "For ENP231", 
        "date": "2014-08-26", 
        "checked": true
    }
},
{
    "pk": 49, 
    "model": "budget_app.expense", 
    "fields": {
        "encumbered": false, 
        "description": "Reimburse J. Gavin for collecting donated matl", 
        "charged_by": null, 
        "credit_card": null, 
        "future_expense": false, 
        "extra_note": "", 
        "date": "2014-08-19", 
        "checked": true
    }
},
{
    "pk": 50, 
    "model": "budget_app.expense", 
    "fields": {
        "encumbered": false, 
        "description": "Heat shrink tubing", 
        "charged_by": 2, 
        "credit_card": 1, 
        "future_expense": false, 
        "extra_note": "", 
        "date": "2014-08-18", 
        "checked": true
    }
},
{
    "pk": 51, 
    "model": "budget_app.expense", 
    "fields": {
        "encumbered": false, 
        "description": "Label maker tape", 
        "charged_by": 2, 
        "credit_card": 1, 
        "future_expense": false, 
        "extra_note": "", 
        "date": "2014-08-19", 
        "checked": true
    }
},
{
    "pk": 52, 
    "model": "budget_app.expense", 
    "fields": {
        "encumbered": false, 
        "description": "Soldering iron tips", 
        "charged_by": 2, 
        "credit_card": 1, 
        "future_expense": false, 
        "extra_note": "", 
        "date": "2014-08-18", 
        "checked": true
    }
},
{
    "pk": 53, 
    "model": "budget_app.expense", 
    "fields": {
        "encumbered": false, 
        "description": "Brad nails and Gorilla glue for Jeopardy boxes", 
        "charged_by": 6, 
        "credit_card": 2, 
        "future_expense": false, 
        "extra_note": "", 
        "date": "2014-10-08", 
        "checked": true
    }
},
{
    "pk": 54, 
    "model": "budget_app.expense", 
    "fields": {
        "encumbered": false, 
        "description": "Duct work for Smog Hog - G. Eley", 
        "charged_by": null, 
        "credit_card": null, 
        "future_expense": false, 
        "extra_note": "", 
        "date": "2014-08-18", 
        "checked": true
    }
},
{
    "pk": 55, 
    "model": "budget_app.expense", 
    "fields": {
        "encumbered": false, 
        "description": "Cables for EU229 lab", 
        "charged_by": 2, 
        "credit_card": 1, 
        "future_expense": false, 
        "extra_note": "", 
        "date": "2014-08-15", 
        "checked": true
    }
},
{
    "pk": 56, 
    "model": "budget_app.expense", 
    "fields": {
        "encumbered": false, 
        "description": "Parts for fluid tank", 
        "charged_by": 2, 
        "credit_card": 1, 
        "future_expense": false, 
        "extra_note": "For ENP355", 
        "date": "2014-08-12", 
        "checked": true
    }
},
{
    "pk": 57, 
    "model": "budget_app.expense", 
    "fields": {
        "encumbered": false, 
        "description": "Parts for fluid tank", 
        "charged_by": 2, 
        "credit_card": 1, 
        "future_expense": false, 
        "extra_note": "For ENP355", 
        "date": "2014-08-12", 
        "checked": true
    }
},
{
    "pk": 58, 
    "model": "budget_app.expense", 
    "fields": {
        "encumbered": false, 
        "description": "Parts for fluid tank", 
        "charged_by": 2, 
        "credit_card": 1, 
        "future_expense": false, 
        "extra_note": "For ENP355", 
        "date": "2014-08-12", 
        "checked": true
    }
},
{
    "pk": 59, 
    "model": "budget_app.expense", 
    "fields": {
        "encumbered": false, 
        "description": "Caustic tank parts", 
        "charged_by": 6, 
        "credit_card": 2, 
        "future_expense": false, 
        "extra_note": "", 
        "date": "2014-10-06", 
        "checked": true
    }
},
{
    "pk": 60, 
    "model": "budget_app.expense", 
    "fields": {
        "encumbered": false, 
        "description": "N connectors, cable ties", 
        "charged_by": 2, 
        "credit_card": 1, 
        "future_expense": false, 
        "extra_note": "", 
        "date": "2014-08-18", 
        "checked": true
    }
},
{
    "pk": 61, 
    "model": "budget_app.expense", 
    "fields": {
        "encumbered": false, 
        "description": "Dept award plaque engraving", 
        "charged_by": 2, 
        "credit_card": 1, 
        "future_expense": false, 
        "extra_note": "", 
        "date": "2014-08-11", 
        "checked": true
    }
},
{
    "pk": 62, 
    "model": "budget_app.expense", 
    "fields": {
        "encumbered": false, 
        "description": "Storage supplies - B. Davis reimbursement", 
        "charged_by": 3, 
        "credit_card": null, 
        "future_expense": false, 
        "extra_note": "", 
        "date": "2014-08-08", 
        "checked": true
    }
},
{
    "pk": 63, 
    "model": "budget_app.expense", 
    "fields": {
        "encumbered": false, 
        "description": "Digital calipers", 
        "charged_by": 2, 
        "credit_card": 1, 
        "future_expense": false, 
        "extra_note": "", 
        "date": "2014-08-02", 
        "checked": true
    }
},
{
    "pk": 64, 
    "model": "budget_app.expense", 
    "fields": {
        "encumbered": false, 
        "description": "Nitrile gloves", 
        "charged_by": 2, 
        "credit_card": 1, 
        "future_expense": false, 
        "extra_note": "", 
        "date": "2014-07-31", 
        "checked": true
    }
},
{
    "pk": 65, 
    "model": "budget_app.expense", 
    "fields": {
        "encumbered": false, 
        "description": "Spray graphite", 
        "charged_by": null, 
        "credit_card": null, 
        "future_expense": false, 
        "extra_note": "Ordered by Rita Puckett", 
        "date": "2014-10-31", 
        "checked": true
    }
},
{
    "pk": 66, 
    "model": "budget_app.expense", 
    "fields": {
        "encumbered": false, 
        "description": "Digital calipers and machinist gloves", 
        "charged_by": 2, 
        "credit_card": 1, 
        "future_expense": false, 
        "extra_note": "", 
        "date": "2014-07-29", 
        "checked": true
    }
},
{
    "pk": 67, 
    "model": "budget_app.expense", 
    "fields": {
        "encumbered": false, 
        "description": "dinner with faculty candidate", 
        "charged_by": 9, 
        "credit_card": null, 
        "future_expense": false, 
        "extra_note": "", 
        "date": "2014-07-26", 
        "checked": true
    }
},
{
    "pk": 68, 
    "model": "budget_app.expense", 
    "fields": {
        "encumbered": false, 
        "description": "Postage", 
        "charged_by": null, 
        "credit_card": null, 
        "future_expense": false, 
        "extra_note": "", 
        "date": "2014-10-16", 
        "checked": true
    }
},
{
    "pk": 69, 
    "model": "budget_app.expense", 
    "fields": {
        "encumbered": false, 
        "description": "Taps for CNC retrofit", 
        "charged_by": 2, 
        "credit_card": 1, 
        "future_expense": false, 
        "extra_note": "", 
        "date": "2014-07-25", 
        "checked": true
    }
},
{
    "pk": 70, 
    "model": "budget_app.expense", 
    "fields": {
        "encumbered": false, 
        "description": "Clamps", 
        "charged_by": 2, 
        "credit_card": 1, 
        "future_expense": false, 
        "extra_note": "", 
        "date": "2014-07-25", 
        "checked": true
    }
},
{
    "pk": 71, 
    "model": "budget_app.expense", 
    "fields": {
        "encumbered": false, 
        "description": "Small Sat conference", 
        "charged_by": 9, 
        "credit_card": null, 
        "future_expense": false, 
        "extra_note": "Reimbursed from HVIN27", 
        "date": "2014-07-23", 
        "checked": true
    }
},
{
    "pk": 72, 
    "model": "budget_app.expense", 
    "fields": {
        "encumbered": false, 
        "description": "Acrylic for dept use - Cunningham glass", 
        "charged_by": 9, 
        "credit_card": null, 
        "future_expense": false, 
        "extra_note": "", 
        "date": "2014-07-21", 
        "checked": true
    }
},
{
    "pk": 73, 
    "model": "budget_app.expense", 
    "fields": {
        "encumbered": false, 
        "description": "Indiana Oxygen", 
        "charged_by": 9, 
        "credit_card": null, 
        "future_expense": false, 
        "extra_note": "", 
        "date": "2014-07-21", 
        "checked": true
    }
},
{
    "pk": 74, 
    "model": "budget_app.expense", 
    "fields": {
        "encumbered": false, 
        "description": "Indiana Oxygen", 
        "charged_by": 9, 
        "credit_card": null, 
        "future_expense": false, 
        "extra_note": "", 
        "date": "2014-07-21", 
        "checked": true
    }
},
{
    "pk": 75, 
    "model": "budget_app.expense", 
    "fields": {
        "encumbered": false, 
        "description": "Student wages", 
        "charged_by": 9, 
        "credit_card": null, 
        "future_expense": false, 
        "extra_note": "", 
        "date": "2014-07-18", 
        "checked": true
    }
},
{
    "pk": 76, 
    "model": "budget_app.expense", 
    "fields": {
        "encumbered": false, 
        "description": "Postage", 
        "charged_by": 9, 
        "credit_card": null, 
        "future_expense": false, 
        "extra_note": "", 
        "date": "2014-07-11", 
        "checked": true
    }
},
{
    "pk": 77, 
    "model": "budget_app.expense", 
    "fields": {
        "encumbered": false, 
        "description": "Long distance charge", 
        "charged_by": 9, 
        "credit_card": null, 
        "future_expense": false, 
        "extra_note": "", 
        "date": "2014-07-10", 
        "checked": true
    }
},
{
    "pk": 78, 
    "model": "budget_app.expense", 
    "fields": {
        "encumbered": false, 
        "description": "Wolfram license", 
        "charged_by": 9, 
        "credit_card": null, 
        "future_expense": false, 
        "extra_note": "", 
        "date": "2014-07-10", 
        "checked": true
    }
},
{
    "pk": 80, 
    "model": "budget_app.expense", 
    "fields": {
        "encumbered": false, 
        "description": "Used equipment sale", 
        "charged_by": 9, 
        "credit_card": null, 
        "future_expense": false, 
        "extra_note": "", 
        "date": "2014-06-30", 
        "checked": true
    }
},
{
    "pk": 81, 
    "model": "budget_app.expense", 
    "fields": {
        "encumbered": false, 
        "description": "Used equipment sale", 
        "charged_by": 9, 
        "credit_card": null, 
        "future_expense": false, 
        "extra_note": "", 
        "date": "2014-06-30", 
        "checked": true
    }
},
{
    "pk": 82, 
    "model": "budget_app.expense", 
    "fields": {
        "encumbered": false, 
        "description": "Mathworks (Matlab)", 
        "charged_by": 9, 
        "credit_card": null, 
        "future_expense": false, 
        "extra_note": "Nathan Lickey cc", 
        "date": "2014-06-10", 
        "checked": true
    }
},
{
    "pk": 83, 
    "model": "budget_app.expense", 
    "fields": {
        "encumbered": false, 
        "description": "Long distance charge", 
        "charged_by": 9, 
        "credit_card": null, 
        "future_expense": false, 
        "extra_note": "", 
        "date": "2014-06-09", 
        "checked": true
    }
},
{
    "pk": 84, 
    "model": "budget_app.expense", 
    "fields": {
        "encumbered": false, 
        "description": "Long distance charge", 
        "charged_by": 9, 
        "credit_card": null, 
        "future_expense": false, 
        "extra_note": "", 
        "date": "2014-06-03", 
        "checked": true
    }
},
{
    "pk": 85, 
    "model": "budget_app.expense", 
    "fields": {
        "encumbered": false, 
        "description": "Money for practicum visits", 
        "charged_by": 9, 
        "credit_card": null, 
        "future_expense": false, 
        "extra_note": "", 
        "date": "2014-06-30", 
        "checked": true
    }
},
{
    "pk": 86, 
    "model": "budget_app.expense", 
    "fields": {
        "encumbered": false, 
        "description": "McMaster-Carr", 
        "charged_by": 9, 
        "credit_card": null, 
        "future_expense": false, 
        "extra_note": "LH cc", 
        "date": "2014-06-10", 
        "checked": true
    }
},
{
    "pk": 87, 
    "model": "budget_app.expense", 
    "fields": {
        "encumbered": false, 
        "description": "McMaster-Carr", 
        "charged_by": 9, 
        "credit_card": null, 
        "future_expense": false, 
        "extra_note": "LH cc", 
        "date": "2014-06-10", 
        "checked": true
    }
},
{
    "pk": 88, 
    "model": "budget_app.expense", 
    "fields": {
        "encumbered": false, 
        "description": "McMaster-Carr", 
        "charged_by": 9, 
        "credit_card": null, 
        "future_expense": false, 
        "extra_note": "LH cc", 
        "date": "2014-06-10", 
        "checked": true
    }
},
{
    "pk": 89, 
    "model": "budget_app.expense", 
    "fields": {
        "encumbered": false, 
        "description": "Grizzly", 
        "charged_by": 9, 
        "credit_card": null, 
        "future_expense": false, 
        "extra_note": "LH cc", 
        "date": "2014-06-10", 
        "checked": true
    }
},
{
    "pk": 91, 
    "model": "budget_app.expense", 
    "fields": {
        "encumbered": false, 
        "description": "Indiana Oxygen", 
        "charged_by": 9, 
        "credit_card": null, 
        "future_expense": false, 
        "extra_note": "", 
        "date": "2014-06-09", 
        "checked": true
    }
},
{
    "pk": 92, 
    "model": "budget_app.expense", 
    "fields": {
        "encumbered": false, 
        "description": "Young's Water", 
        "charged_by": 9, 
        "credit_card": null, 
        "future_expense": false, 
        "extra_note": "", 
        "date": "2014-06-10", 
        "checked": true
    }
},
{
    "pk": 93, 
    "model": "budget_app.expense", 
    "fields": {
        "encumbered": false, 
        "description": "Solar lights for student projects", 
        "charged_by": 2, 
        "credit_card": 1, 
        "future_expense": false, 
        "extra_note": "", 
        "date": "2014-11-04", 
        "checked": true
    }
},
{
    "pk": 94, 
    "model": "budget_app.expense", 
    "fields": {
        "encumbered": false, 
        "description": "Mouser: ELEOSAT and ENP231 components", 
        "charged_by": 2, 
        "credit_card": 1, 
        "future_expense": false, 
        "extra_note": "", 
        "date": "2014-10-02", 
        "checked": true
    }
},
{
    "pk": 95, 
    "model": "budget_app.expense", 
    "fields": {
        "encumbered": false, 
        "description": "Young's Water", 
        "charged_by": 4, 
        "credit_card": null, 
        "future_expense": false, 
        "extra_note": "", 
        "date": "2014-10-25", 
        "checked": true
    }
},
{
    "pk": 96, 
    "model": "budget_app.expense", 
    "fields": {
        "encumbered": false, 
        "description": "Sparkfun: Magnetometers", 
        "charged_by": 2, 
        "credit_card": 1, 
        "future_expense": false, 
        "extra_note": "", 
        "date": "2014-10-13", 
        "checked": true
    }
},
{
    "pk": 97, 
    "model": "budget_app.expense", 
    "fields": {
        "encumbered": false, 
        "description": "Digikey: components for ELEOSAT", 
        "charged_by": 2, 
        "credit_card": 1, 
        "future_expense": false, 
        "extra_note": "", 
        "date": "2014-10-07", 
        "checked": true
    }
},
{
    "pk": 98, 
    "model": "budget_app.expense", 
    "fields": {
        "encumbered": false, 
        "description": "Sparkfun: Parts for ELEO and ENP231 Jeopardy Box", 
        "charged_by": 2, 
        "credit_card": 1, 
        "future_expense": false, 
        "extra_note": "", 
        "date": "2014-10-02", 
        "checked": true
    }
},
{
    "pk": 99, 
    "model": "budget_app.expense", 
    "fields": {
        "encumbered": false, 
        "description": "Digikey: spare parts for satellite", 
        "charged_by": 2, 
        "credit_card": 1, 
        "future_expense": false, 
        "extra_note": "", 
        "date": "2014-09-23", 
        "checked": true
    }
},
{
    "pk": 100, 
    "model": "budget_app.expense", 
    "fields": {
        "encumbered": false, 
        "description": "Digikey: Flight processor parts", 
        "charged_by": 2, 
        "credit_card": 1, 
        "future_expense": false, 
        "extra_note": "", 
        "date": "2014-09-23", 
        "checked": true
    }
},
{
    "pk": 101, 
    "model": "budget_app.expense", 
    "fields": {
        "encumbered": false, 
        "description": "Digikey: Langmuir Probe parts", 
        "charged_by": 2, 
        "credit_card": 1, 
        "future_expense": false, 
        "extra_note": "", 
        "date": "2014-09-23", 
        "checked": true
    }
},
{
    "pk": 102, 
    "model": "budget_app.expense", 
    "fields": {
        "encumbered": false, 
        "description": "ADACS components", 
        "charged_by": 2, 
        "credit_card": 1, 
        "future_expense": false, 
        "extra_note": "", 
        "date": "2014-09-23", 
        "checked": true
    }
},
{
    "pk": 103, 
    "model": "budget_app.expense", 
    "fields": {
        "encumbered": false, 
        "description": "Digikey: THEEF components", 
        "charged_by": 2, 
        "credit_card": 1, 
        "future_expense": false, 
        "extra_note": "", 
        "date": "2014-09-23", 
        "checked": true
    }
},
{
    "pk": 104, 
    "model": "budget_app.expense", 
    "fields": {
        "encumbered": false, 
        "description": "Digikey: parts for satellite", 
        "charged_by": 2, 
        "credit_card": 1, 
        "future_expense": false, 
        "extra_note": "", 
        "date": "2014-09-23", 
        "checked": true
    }
},
{
    "pk": 105, 
    "model": "budget_app.expense", 
    "fields": {
        "encumbered": false, 
        "description": "Microchip Direct: Flight Processor parts", 
        "charged_by": 2, 
        "credit_card": 1, 
        "future_expense": false, 
        "extra_note": "", 
        "date": "2014-09-23", 
        "checked": true
    }
},
{
    "pk": 107, 
    "model": "budget_app.expense", 
    "fields": {
        "encumbered": false, 
        "description": "Jones Spring Co: parts for ELEOSAT boom", 
        "charged_by": 2, 
        "credit_card": 1, 
        "future_expense": false, 
        "extra_note": "", 
        "date": "2014-09-03", 
        "checked": true
    }
},
{
    "pk": 108, 
    "model": "budget_app.expense", 
    "fields": {
        "encumbered": false, 
        "description": "AirfoilZ: carbon fiber for ELEOSAT boom", 
        "charged_by": 2, 
        "credit_card": 1, 
        "future_expense": false, 
        "extra_note": "", 
        "date": "2014-09-03", 
        "checked": true
    }
},
{
    "pk": 109, 
    "model": "budget_app.expense", 
    "fields": {
        "encumbered": false, 
        "description": "Cunningham Glass: acrylic for ELEOSAT", 
        "charged_by": 2, 
        "credit_card": 1, 
        "future_expense": false, 
        "extra_note": "", 
        "date": "2014-08-01", 
        "checked": true
    }
},
{
    "pk": 110, 
    "model": "budget_app.expense", 
    "fields": {
        "encumbered": false, 
        "description": "Utah State: Lodging for Small Sat conf", 
        "charged_by": 2, 
        "credit_card": 1, 
        "future_expense": false, 
        "extra_note": "", 
        "date": "2014-07-31", 
        "checked": true
    }
},
{
    "pk": 111, 
    "model": "budget_app.expense", 
    "fields": {
        "encumbered": false, 
        "description": "USAir: Return flight for K. Yoshino", 
        "charged_by": 2, 
        "credit_card": 1, 
        "future_expense": false, 
        "extra_note": "", 
        "date": "2014-07-31", 
        "checked": true
    }
},
{
    "pk": 112, 
    "model": "budget_app.expense", 
    "fields": {
        "encumbered": false, 
        "description": "McMaster-Carr: pins for ELEOSAT", 
        "charged_by": 2, 
        "credit_card": 1, 
        "future_expense": false, 
        "extra_note": "", 
        "date": "2014-07-30", 
        "checked": true
    }
},
{
    "pk": 113, 
    "model": "budget_app.expense", 
    "fields": {
        "encumbered": false, 
        "description": "Utah State: K. Cross conf registration", 
        "charged_by": 2, 
        "credit_card": 1, 
        "future_expense": false, 
        "extra_note": "", 
        "date": "2014-07-25", 
        "checked": true
    }
},
{
    "pk": 114, 
    "model": "budget_app.expense", 
    "fields": {
        "encumbered": false, 
        "description": "Utah State: A. Kilmer conf registration", 
        "charged_by": 2, 
        "credit_card": 1, 
        "future_expense": false, 
        "extra_note": "", 
        "date": "2014-07-25", 
        "checked": true
    }
},
{
    "pk": 115, 
    "model": "budget_app.expense", 
    "fields": {
        "encumbered": false, 
        "description": "Utah State: J. Kiers conf registration", 
        "charged_by": 2, 
        "credit_card": 1, 
        "future_expense": false, 
        "extra_note": "", 
        "date": "2014-07-25", 
        "checked": true
    }
},
{
    "pk": 116, 
    "model": "budget_app.expense", 
    "fields": {
        "encumbered": false, 
        "description": "Mouser: ELEOSAT SSD parts", 
        "charged_by": 2, 
        "credit_card": 1, 
        "future_expense": false, 
        "extra_note": "", 
        "date": "2014-07-25", 
        "checked": true
    }
},
{
    "pk": 117, 
    "model": "budget_app.expense", 
    "fields": {
        "encumbered": false, 
        "description": "Mouser: ELEOSAT SSD parts", 
        "charged_by": 2, 
        "credit_card": 1, 
        "future_expense": false, 
        "extra_note": "", 
        "date": "2014-07-25", 
        "checked": true
    }
},
{
    "pk": 118, 
    "model": "budget_app.expense", 
    "fields": {
        "encumbered": false, 
        "description": "Mouser: ELEOSAT SSD and ADACS parts", 
        "charged_by": 2, 
        "credit_card": 1, 
        "future_expense": false, 
        "extra_note": "", 
        "date": "2014-07-24", 
        "checked": true
    }
},
{
    "pk": 119, 
    "model": "budget_app.expense", 
    "fields": {
        "encumbered": false, 
        "description": "Digikey: ELEOSAT SSD and ADACS parts", 
        "charged_by": 2, 
        "credit_card": 1, 
        "future_expense": false, 
        "extra_note": "", 
        "date": "2014-07-24", 
        "checked": true
    }
},
{
    "pk": 120, 
    "model": "budget_app.expense", 
    "fields": {
        "encumbered": false, 
        "description": "Advanced Circuits: 3 ADACS boards", 
        "charged_by": 2, 
        "credit_card": 1, 
        "future_expense": false, 
        "extra_note": "", 
        "date": "2014-07-24", 
        "checked": true
    }
},
{
    "pk": 121, 
    "model": "budget_app.expense", 
    "fields": {
        "encumbered": false, 
        "description": "Advanced Circuits: 2 THEEF boards", 
        "charged_by": 2, 
        "credit_card": 1, 
        "future_expense": false, 
        "extra_note": "", 
        "date": "2014-07-24", 
        "checked": true
    }
},
{
    "pk": 122, 
    "model": "budget_app.expense", 
    "fields": {
        "encumbered": false, 
        "description": "Sparkfun: ELEOSAT motherboard parts", 
        "charged_by": 2, 
        "credit_card": 1, 
        "future_expense": false, 
        "extra_note": "", 
        "date": "2014-07-23", 
        "checked": true
    }
},
{
    "pk": 123, 
    "model": "budget_app.expense", 
    "fields": {
        "encumbered": false, 
        "description": "Advanced Circuits: 3 Langmuir probe boards", 
        "charged_by": 2, 
        "credit_card": 1, 
        "future_expense": false, 
        "extra_note": "", 
        "date": "2014-07-23", 
        "checked": true
    }
},
{
    "pk": 124, 
    "model": "budget_app.expense", 
    "fields": {
        "encumbered": false, 
        "description": "Aircraft Spruce: Alodine & Metalprep for ELEOSAT", 
        "charged_by": 2, 
        "credit_card": 1, 
        "future_expense": false, 
        "extra_note": "", 
        "date": "2014-07-22", 
        "checked": true
    }
},
{
    "pk": 125, 
    "model": "budget_app.expense", 
    "fields": {
        "encumbered": false, 
        "description": "Servo City: ELEOSAT solar panel gears", 
        "charged_by": 2, 
        "credit_card": 1, 
        "future_expense": false, 
        "extra_note": "", 
        "date": "2014-07-22", 
        "checked": true
    }
},
{
    "pk": 126, 
    "model": "budget_app.expense", 
    "fields": {
        "encumbered": false, 
        "description": "Amazon: Glue for ELEOSAT boom", 
        "charged_by": 2, 
        "credit_card": 1, 
        "future_expense": false, 
        "extra_note": "", 
        "date": "2014-07-22", 
        "checked": true
    }
},
{
    "pk": 127, 
    "model": "budget_app.expense", 
    "fields": {
        "encumbered": false, 
        "description": "BMK Designs: carbon fiber for ELEOSAT boom", 
        "charged_by": 2, 
        "credit_card": 1, 
        "future_expense": false, 
        "extra_note": "", 
        "date": "2014-07-22", 
        "checked": true
    }
},
{
    "pk": 128, 
    "model": "budget_app.expense", 
    "fields": {
        "encumbered": false, 
        "description": "Advanced Circuits: 4 solar panel boards", 
        "charged_by": 2, 
        "credit_card": 1, 
        "future_expense": false, 
        "extra_note": "", 
        "date": "2014-07-21", 
        "checked": true
    }
},
{
    "pk": 129, 
    "model": "budget_app.expense", 
    "fields": {
        "encumbered": false, 
        "description": "Advanced Circuits: 10 SSD digital boards", 
        "charged_by": 2, 
        "credit_card": 1, 
        "future_expense": false, 
        "extra_note": "", 
        "date": "2014-07-18", 
        "checked": true
    }
},
{
    "pk": 130, 
    "model": "budget_app.expense", 
    "fields": {
        "encumbered": false, 
        "description": "Advanced Circuits: erroneous charge for boards", 
        "charged_by": 2, 
        "credit_card": 1, 
        "future_expense": false, 
        "extra_note": "Could go against ELEO40", 
        "date": "2014-07-17", 
        "checked": true
    }
},
{
    "pk": 131, 
    "model": "budget_app.expense", 
    "fields": {
        "encumbered": false, 
        "description": "McMaster-Carr: spring assortment, counters", 
        "charged_by": 2, 
        "credit_card": 1, 
        "future_expense": false, 
        "extra_note": "", 
        "date": "2014-07-17", 
        "checked": true
    }
},
{
    "pk": 132, 
    "model": "budget_app.expense", 
    "fields": {
        "encumbered": false, 
        "description": "Advanced Circuits: 10 SSD analog boards", 
        "charged_by": 2, 
        "credit_card": 1, 
        "future_expense": false, 
        "extra_note": "", 
        "date": "2014-07-16", 
        "checked": true
    }
},
{
    "pk": 133, 
    "model": "budget_app.expense", 
    "fields": {
        "encumbered": false, 
        "description": "PHY311 Chicago Field Trip: Lederman ctr, tolls", 
        "charged_by": 9, 
        "credit_card": null, 
        "future_expense": false, 
        "extra_note": "", 
        "date": "2014-11-05", 
        "checked": false
    }
},
{
    "pk": 134, 
    "model": "budget_app.expense", 
    "fields": {
        "encumbered": false, 
        "description": "PHY311 Chicago Field Trip expense: tolls", 
        "charged_by": 9, 
        "credit_card": null, 
        "future_expense": false, 
        "extra_note": "", 
        "date": "2014-11-05", 
        "checked": false
    }
},
{
    "pk": 135, 
    "model": "budget_app.expense", 
    "fields": {
        "encumbered": false, 
        "description": "Advanced Circuits: 2 THEEF PC boards", 
        "charged_by": 2, 
        "credit_card": 1, 
        "future_expense": false, 
        "extra_note": "", 
        "date": "2014-11-06", 
        "checked": false
    }
},
{
    "pk": 136, 
    "model": "budget_app.expense", 
    "fields": {
        "encumbered": false, 
        "description": "Snagit: software upgrade", 
        "charged_by": 1, 
        "credit_card": 3, 
        "future_expense": false, 
        "extra_note": "", 
        "date": "2014-09-01", 
        "checked": true
    }
},
{
    "pk": 137, 
    "model": "budget_app.expense", 
    "fields": {
        "encumbered": false, 
        "description": "Grizzly: Machine shop replacement parts", 
        "charged_by": 5, 
        "credit_card": 5, 
        "future_expense": false, 
        "extra_note": "", 
        "date": "2014-09-24", 
        "checked": true
    }
},
{
    "pk": 138, 
    "model": "budget_app.expense", 
    "fields": {
        "encumbered": false, 
        "description": "Orcad license renewal & maintenance contract", 
        "charged_by": null, 
        "credit_card": null, 
        "future_expense": false, 
        "extra_note": "Purch by Nathan Lickey", 
        "date": "2014-09-30", 
        "checked": true
    }
},
{
    "pk": 139, 
    "model": "budget_app.expense", 
    "fields": {
        "encumbered": false, 
        "description": "Advanced Circuits: 2 ADACS PC boards", 
        "charged_by": 2, 
        "credit_card": 1, 
        "future_expense": false, 
        "extra_note": "", 
        "date": "2014-11-07", 
        "checked": false
    }
},
{
    "pk": 140, 
    "model": "budget_app.expense", 
    "fields": {
        "encumbered": false, 
        "description": "ENP231 course fee", 
        "charged_by": null, 
        "credit_card": null, 
        "future_expense": false, 
        "extra_note": "For ENP231", 
        "date": "2014-07-15", 
        "checked": true
    }
},
{
    "pk": 141, 
    "model": "budget_app.expense", 
    "fields": {
        "encumbered": false, 
        "description": "Budg trnsf ATA Aerospace", 
        "charged_by": null, 
        "credit_card": null, 
        "future_expense": false, 
        "extra_note": "", 
        "date": "2014-09-23", 
        "checked": true
    }
},
{
    "pk": 142, 
    "model": "budget_app.expense", 
    "fields": {
        "encumbered": false, 
        "description": "Budget trnsf", 
        "charged_by": null, 
        "credit_card": null, 
        "future_expense": false, 
        "extra_note": "Donation from Indiana Broadcaster's Association", 
        "date": "2014-10-27", 
        "checked": true
    }
},
{
    "pk": 143, 
    "model": "budget_app.expense", 
    "fields": {
        "encumbered": false, 
        "description": "Indiana Oxygen", 
        "charged_by": null, 
        "credit_card": null, 
        "future_expense": false, 
        "extra_note": "Accrual", 
        "date": "2014-06-01", 
        "checked": true
    }
},
{
    "pk": 144, 
    "model": "budget_app.expense", 
    "fields": {
        "encumbered": false, 
        "description": "ASEE conf registration, engr Capstone", 
        "charged_by": 7, 
        "credit_card": null, 
        "future_expense": false, 
        "extra_note": "Prepaid FY15 expense", 
        "date": "2014-06-01", 
        "checked": true
    }
},
{
    "pk": 145, 
    "model": "budget_app.expense", 
    "fields": {
        "encumbered": false, 
        "description": "Indiana Oxygen", 
        "charged_by": null, 
        "credit_card": null, 
        "future_expense": false, 
        "extra_note": "", 
        "date": "2014-06-18", 
        "checked": true
    }
},
{
    "pk": 146, 
    "model": "budget_app.expense", 
    "fields": {
        "encumbered": false, 
        "description": "ETC charge", 
        "charged_by": null, 
        "credit_card": null, 
        "future_expense": false, 
        "extra_note": "Unknown", 
        "date": "2014-07-31", 
        "checked": true
    }
},
{
    "pk": 147, 
    "model": "budget_app.expense", 
    "fields": {
        "encumbered": false, 
        "description": "ETC charge", 
        "charged_by": null, 
        "credit_card": null, 
        "future_expense": false, 
        "extra_note": "Unknown", 
        "date": "2014-07-31", 
        "checked": true
    }
},
{
    "pk": 148, 
    "model": "budget_app.expense", 
    "fields": {
        "encumbered": false, 
        "description": "Campus Store charge", 
        "charged_by": null, 
        "credit_card": null, 
        "future_expense": false, 
        "extra_note": "Unknown", 
        "date": "2014-08-27", 
        "checked": true
    }
},
{
    "pk": 149, 
    "model": "budget_app.expense", 
    "fields": {
        "encumbered": false, 
        "description": "Campus Store charge", 
        "charged_by": null, 
        "credit_card": null, 
        "future_expense": false, 
        "extra_note": "Unknown", 
        "date": "2014-09-05", 
        "checked": true
    }
},
{
    "pk": 150, 
    "model": "budget_app.expense", 
    "fields": {
        "encumbered": false, 
        "description": "Zondervan Library T&LC", 
        "charged_by": null, 
        "credit_card": null, 
        "future_expense": false, 
        "extra_note": "Unknown", 
        "date": "2014-10-21", 
        "checked": true
    }
},
{
    "pk": 151, 
    "model": "budget_app.expense", 
    "fields": {
        "encumbered": false, 
        "description": "Edmund: Dry air for optics cleaning", 
        "charged_by": 2, 
        "credit_card": 1, 
        "future_expense": false, 
        "extra_note": "", 
        "date": "2014-09-17", 
        "checked": true
    }
},
{
    "pk": 152, 
    "model": "budget_app.expense", 
    "fields": {
        "encumbered": false, 
        "description": "Mouser: popcorn parts", 
        "charged_by": 2, 
        "credit_card": 1, 
        "future_expense": false, 
        "extra_note": "", 
        "date": "2014-09-18", 
        "checked": true
    }
},
{
    "pk": 154, 
    "model": "budget_app.expense", 
    "fields": {
        "encumbered": false, 
        "description": "Student wages", 
        "charged_by": null, 
        "credit_card": null, 
        "future_expense": false, 
        "extra_note": "", 
        "date": "2014-09-12", 
        "checked": true
    }
},
{
    "pk": 155, 
    "model": "budget_app.expense", 
    "fields": {
        "encumbered": false, 
        "description": "Student wages", 
        "charged_by": null, 
        "credit_card": null, 
        "future_expense": false, 
        "extra_note": "", 
        "date": "2014-09-26", 
        "checked": true
    }
},
{
    "pk": 157, 
    "model": "budget_app.expense", 
    "fields": {
        "encumbered": false, 
        "description": "Student wages", 
        "charged_by": null, 
        "credit_card": null, 
        "future_expense": false, 
        "extra_note": "", 
        "date": "2014-10-10", 
        "checked": true
    }
},
{
    "pk": 158, 
    "model": "budget_app.expense", 
    "fields": {
        "encumbered": false, 
        "description": "Student wages", 
        "charged_by": null, 
        "credit_card": null, 
        "future_expense": false, 
        "extra_note": "", 
        "date": "2014-10-24", 
        "checked": true
    }
},
{
    "pk": 159, 
    "model": "budget_app.expense", 
    "fields": {
        "encumbered": false, 
        "description": "OfficeMax", 
        "charged_by": 10, 
        "credit_card": null, 
        "future_expense": false, 
        "extra_note": "", 
        "date": "2014-09-11", 
        "checked": true
    }
},
{
    "pk": 160, 
    "model": "budget_app.expense", 
    "fields": {
        "encumbered": false, 
        "description": "OfficeMax", 
        "charged_by": 10, 
        "credit_card": null, 
        "future_expense": false, 
        "extra_note": "", 
        "date": "2014-10-08", 
        "checked": true
    }
},
{
    "pk": 161, 
    "model": "budget_app.expense", 
    "fields": {
        "encumbered": false, 
        "description": "July 2014 phone charges", 
        "charged_by": null, 
        "credit_card": null, 
        "future_expense": false, 
        "extra_note": "", 
        "date": "2014-08-08", 
        "checked": true
    }
},
{
    "pk": 162, 
    "model": "budget_app.expense", 
    "fields": {
        "encumbered": false, 
        "description": "Phone charges", 
        "charged_by": null, 
        "credit_card": null, 
        "future_expense": false, 
        "extra_note": "", 
        "date": "2014-08-08", 
        "checked": true
    }
},
{
    "pk": 163, 
    "model": "budget_app.expense", 
    "fields": {
        "encumbered": false, 
        "description": "Phone charges", 
        "charged_by": null, 
        "credit_card": null, 
        "future_expense": false, 
        "extra_note": "", 
        "date": "2014-09-08", 
        "checked": true
    }
},
{
    "pk": 164, 
    "model": "budget_app.expense", 
    "fields": {
        "encumbered": false, 
        "description": "Phone charges", 
        "charged_by": null, 
        "credit_card": null, 
        "future_expense": false, 
        "extra_note": "", 
        "date": "2014-09-08", 
        "checked": true
    }
},
{
    "pk": 165, 
    "model": "budget_app.expense", 
    "fields": {
        "encumbered": false, 
        "description": "Phone charges", 
        "charged_by": null, 
        "credit_card": null, 
        "future_expense": false, 
        "extra_note": "", 
        "date": "2014-10-07", 
        "checked": true
    }
},
{
    "pk": 166, 
    "model": "budget_app.expense", 
    "fields": {
        "encumbered": false, 
        "description": "Phone charges", 
        "charged_by": null, 
        "credit_card": null, 
        "future_expense": false, 
        "extra_note": "", 
        "date": "2014-10-07", 
        "checked": true
    }
},
{
    "pk": 167, 
    "model": "budget_app.expense", 
    "fields": {
        "encumbered": false, 
        "description": "Copying", 
        "charged_by": 10, 
        "credit_card": null, 
        "future_expense": false, 
        "extra_note": "", 
        "date": "2014-09-26", 
        "checked": true
    }
},
{
    "pk": 168, 
    "model": "budget_app.expense", 
    "fields": {
        "encumbered": false, 
        "description": "Copying", 
        "charged_by": 10, 
        "credit_card": null, 
        "future_expense": false, 
        "extra_note": "", 
        "date": "2014-10-16", 
        "checked": true
    }
},
{
    "pk": 169, 
    "model": "budget_app.expense", 
    "fields": {
        "encumbered": false, 
        "description": "copying", 
        "charged_by": 10, 
        "credit_card": null, 
        "future_expense": false, 
        "extra_note": "", 
        "date": "2014-10-31", 
        "checked": true
    }
},
{
    "pk": 170, 
    "model": "budget_app.expense", 
    "fields": {
        "encumbered": false, 
        "description": "Copying", 
        "charged_by": 10, 
        "credit_card": null, 
        "future_expense": false, 
        "extra_note": "", 
        "date": "2014-10-31", 
        "checked": true
    }
},
{
    "pk": 171, 
    "model": "budget_app.expense", 
    "fields": {
        "encumbered": false, 
        "description": "2014 physics lab manual", 
        "charged_by": null, 
        "credit_card": null, 
        "future_expense": false, 
        "extra_note": "", 
        "date": "2014-09-24", 
        "checked": true
    }
},
{
    "pk": 172, 
    "model": "budget_app.expense", 
    "fields": {
        "encumbered": false, 
        "description": "Capstone reading material", 
        "charged_by": 7, 
        "credit_card": null, 
        "future_expense": false, 
        "extra_note": "", 
        "date": "2014-09-24", 
        "checked": true
    }
},
{
    "pk": 173, 
    "model": "budget_app.expense", 
    "fields": {
        "encumbered": false, 
        "description": "Physics 201 lab manual", 
        "charged_by": 7, 
        "credit_card": null, 
        "future_expense": false, 
        "extra_note": "", 
        "date": "2014-09-24", 
        "checked": true
    }
},
{
    "pk": 174, 
    "model": "budget_app.expense", 
    "fields": {
        "encumbered": false, 
        "description": "Physics 311 lab manual", 
        "charged_by": 9, 
        "credit_card": null, 
        "future_expense": false, 
        "extra_note": "", 
        "date": "2014-09-24", 
        "checked": true
    }
},
{
    "pk": 175, 
    "model": "budget_app.expense", 
    "fields": {
        "encumbered": false, 
        "description": "Campus store 9/19", 
        "charged_by": null, 
        "credit_card": null, 
        "future_expense": false, 
        "extra_note": "", 
        "date": "2014-10-14", 
        "checked": true
    }
},
{
    "pk": 176, 
    "model": "budget_app.expense", 
    "fields": {
        "encumbered": false, 
        "description": "Postage", 
        "charged_by": null, 
        "credit_card": null, 
        "future_expense": false, 
        "extra_note": "", 
        "date": "2014-09-29", 
        "checked": true
    }
},
{
    "pk": 177, 
    "model": "budget_app.expense", 
    "fields": {
        "encumbered": false, 
        "description": "Amstutz, Leon - travel to Indiana Broadcasters", 
        "charged_by": null, 
        "credit_card": null, 
        "future_expense": false, 
        "extra_note": "", 
        "date": "2014-10-29", 
        "checked": true
    }
},
{
    "pk": 178, 
    "model": "budget_app.expense", 
    "fields": {
        "encumbered": false, 
        "description": "Travel for K. Yoshino to conference", 
        "charged_by": 2, 
        "credit_card": 1, 
        "future_expense": false, 
        "extra_note": "?Should be ELEO27?", 
        "date": "2014-10-31", 
        "checked": true
    }
},
{
    "pk": 179, 
    "model": "budget_app.expense", 
    "fields": {
        "encumbered": false, 
        "description": "Laser engraving for dept", 
        "charged_by": null, 
        "credit_card": null, 
        "future_expense": false, 
        "extra_note": "", 
        "date": "2014-09-26", 
        "checked": true
    }
},
{
    "pk": 180, 
    "model": "budget_app.expense", 
    "fields": {
        "encumbered": false, 
        "description": "J. Gegner credit for Lowes", 
        "charged_by": 1, 
        "credit_card": 3, 
        "future_expense": false, 
        "extra_note": "Purpose?", 
        "date": "2014-07-31", 
        "checked": true
    }
},
{
    "pk": 181, 
    "model": "budget_app.expense", 
    "fields": {
        "encumbered": false, 
        "description": "J. Gegner charge for Lowes", 
        "charged_by": 1, 
        "credit_card": 3, 
        "future_expense": false, 
        "extra_note": "Purpose?", 
        "date": "2014-07-31", 
        "checked": true
    }
},
{
    "pk": 182, 
    "model": "budget_app.expense", 
    "fields": {
        "encumbered": false, 
        "description": "Steckenrider - spectrometer", 
        "charged_by": 8, 
        "credit_card": null, 
        "future_expense": false, 
        "extra_note": "", 
        "date": "2014-08-13", 
        "checked": true
    }
},
{
    "pk": 183, 
    "model": "budget_app.expense", 
    "fields": {
        "encumbered": false, 
        "description": "Adam Kilmer - NU305 shelves", 
        "charged_by": null, 
        "credit_card": null, 
        "future_expense": false, 
        "extra_note": "Reimbursement", 
        "date": "2014-09-10", 
        "checked": true
    }
},
{
    "pk": 184, 
    "model": "budget_app.expense", 
    "fields": {
        "encumbered": false, 
        "description": "Grainger: safety glasses", 
        "charged_by": null, 
        "credit_card": null, 
        "future_expense": false, 
        "extra_note": "", 
        "date": "2014-09-29", 
        "checked": true
    }
},
{
    "pk": 185, 
    "model": "budget_app.expense", 
    "fields": {
        "encumbered": false, 
        "description": "PHY311 course fees", 
        "charged_by": null, 
        "credit_card": null, 
        "future_expense": false, 
        "extra_note": "Transferred from 132092", 
        "date": "2014-11-10", 
        "checked": true
    }
},
{
    "pk": 186, 
    "model": "budget_app.expense", 
    "fields": {
        "encumbered": false, 
        "description": "Advanced Circuits: 5 SSD Dig PC boards", 
        "charged_by": 2, 
        "credit_card": 1, 
        "future_expense": false, 
        "extra_note": "", 
        "date": "2014-11-11", 
        "checked": false
    }
},
{
    "pk": 187, 
    "model": "budget_app.expense", 
    "fields": {
        "encumbered": false, 
        "description": "Young's Water", 
        "charged_by": 4, 
        "credit_card": null, 
        "future_expense": false, 
        "extra_note": "", 
        "date": "2014-08-06", 
        "checked": true
    }
},
{
    "pk": 188, 
    "model": "budget_app.expense", 
    "fields": {
        "encumbered": false, 
        "description": "Young's Water", 
        "charged_by": 4, 
        "credit_card": null, 
        "future_expense": false, 
        "extra_note": "", 
        "date": "2014-09-10", 
        "checked": true
    }
},
{
    "pk": 189, 
    "model": "budget_app.expense", 
    "fields": {
        "encumbered": false, 
        "description": "Young's Water", 
        "charged_by": 4, 
        "credit_card": null, 
        "future_expense": false, 
        "extra_note": "", 
        "date": "2014-10-09", 
        "checked": true
    }
},
{
    "pk": 190, 
    "model": "budget_app.expense", 
    "fields": {
        "encumbered": false, 
        "description": "Digikey: ELEOSAT and ENP231 parts", 
        "charged_by": 2, 
        "credit_card": 1, 
        "future_expense": false, 
        "extra_note": "", 
        "date": "2014-11-12", 
        "checked": true
    }
},
{
    "pk": 191, 
    "model": "budget_app.expense", 
    "fields": {
        "encumbered": false, 
        "description": "Ebay: ELEOSAT THEEF Components", 
        "charged_by": 2, 
        "credit_card": 1, 
        "future_expense": false, 
        "extra_note": "", 
        "date": "2014-11-12", 
        "checked": false
    }
},
{
    "pk": 192, 
    "model": "budget_app.expense", 
    "fields": {
        "encumbered": false, 
        "description": "PayPal: Parts for ELEOSAT THEEF sensor", 
        "charged_by": 2, 
        "credit_card": 1, 
        "future_expense": false, 
        "extra_note": "", 
        "date": "2014-11-12", 
        "checked": false
    }
},
{
    "pk": 193, 
    "model": "budget_app.expense", 
    "fields": {
        "encumbered": false, 
        "description": "Adv. Circuits: Credit for erroneous charge", 
        "charged_by": 2, 
        "credit_card": 1, 
        "future_expense": false, 
        "extra_note": "Should go to 132020, not ELEO40", 
        "date": "2014-08-14", 
        "checked": true
    }
},
{
    "pk": 194, 
    "model": "budget_app.expense", 
    "fields": {
        "encumbered": false, 
        "description": "Power supplies for ELEO work", 
        "charged_by": 2, 
        "credit_card": 1, 
        "future_expense": false, 
        "extra_note": "", 
        "date": "2014-09-05", 
        "checked": true
    }
},
{
    "pk": 195, 
    "model": "budget_app.expense", 
    "fields": {
        "encumbered": false, 
        "description": "Transfer from entertainment to picnic acct", 
        "charged_by": 9, 
        "credit_card": null, 
        "future_expense": false, 
        "extra_note": "Dept picnic", 
        "date": "2014-11-14", 
        "checked": true
    }
},
{
    "pk": 196, 
    "model": "budget_app.expense", 
    "fields": {
        "encumbered": false, 
        "description": "McMaster-Carr: ELEOSAT vacuum system parts", 
        "charged_by": 2, 
        "credit_card": 1, 
        "future_expense": false, 
        "extra_note": "", 
        "date": "2014-11-14", 
        "checked": false
    }
},
{
    "pk": 197, 
    "model": "budget_app.expense", 
    "fields": {
        "encumbered": false, 
        "description": "Advanced Circuits: 2 Comm boards for ELEOSAT", 
        "charged_by": 2, 
        "credit_card": 1, 
        "future_expense": false, 
        "extra_note": "", 
        "date": "2014-11-14", 
        "checked": false
    }
},
{
    "pk": 198, 
    "model": "budget_app.expense", 
    "fields": {
        "encumbered": false, 
        "description": "Advanced Circuits: Wireless power boards", 
        "charged_by": 1, 
        "credit_card": 1, 
        "future_expense": false, 
        "extra_note": "", 
        "date": "2014-11-14", 
        "checked": true
    }
},
{
    "pk": 199, 
    "model": "budget_app.expense", 
    "fields": {
        "encumbered": false, 
        "description": "Advanced Circuits: 2 Epsilon PCB's", 
        "charged_by": 2, 
        "credit_card": 1, 
        "future_expense": false, 
        "extra_note": "", 
        "date": "2014-11-17", 
        "checked": false
    }
},
{
    "pk": 200, 
    "model": "budget_app.expense", 
    "fields": {
        "encumbered": false, 
        "description": "Euler Funds", 
        "charged_by": null, 
        "credit_card": null, 
        "future_expense": false, 
        "extra_note": "Balance in Banner as of 10/6/2014", 
        "date": "2014-11-17", 
        "checked": false
    }
},
{
    "pk": 201, 
    "model": "budget_app.expense", 
    "fields": {
        "encumbered": false, 
        "description": "Pro Prints Gear reimbursement", 
        "charged_by": 2, 
        "credit_card": 1, 
        "future_expense": false, 
        "extra_note": "Reimbursement for duplicated charge", 
        "date": "2014-11-17", 
        "checked": true
    }
},
{
    "pk": 202, 
    "model": "budget_app.expense", 
    "fields": {
        "encumbered": false, 
        "description": "Cunningham: acrylic sheets", 
        "charged_by": 2, 
        "credit_card": 1, 
        "future_expense": false, 
        "extra_note": "", 
        "date": "2014-10-20", 
        "checked": true
    }
},
{
    "pk": 203, 
    "model": "budget_app.expense", 
    "fields": {
        "encumbered": false, 
        "description": "Pololu: servo motors", 
        "charged_by": 1, 
        "credit_card": 1, 
        "future_expense": false, 
        "extra_note": "For final project", 
        "date": "2014-11-18", 
        "checked": true
    }
},
{
    "pk": 204, 
    "model": "budget_app.expense", 
    "fields": {
        "encumbered": false, 
        "description": "Adafruit: displays, wall warts", 
        "charged_by": 1, 
        "credit_card": 1, 
        "future_expense": false, 
        "extra_note": "For final project", 
        "date": "2014-11-18", 
        "checked": true
    }
},
{
    "pk": 205, 
    "model": "budget_app.expense", 
    "fields": {
        "encumbered": false, 
        "description": "McMaster-Carr: parts for ELEOSAT shake table fixt.", 
        "charged_by": 2, 
        "credit_card": 1, 
        "future_expense": false, 
        "extra_note": "", 
        "date": "2014-11-17", 
        "checked": false
    }
},
{
    "pk": 206, 
    "model": "budget_app.expense", 
    "fields": {
        "encumbered": false, 
        "description": "Lesker: vacuum gage tubes for ELEOSAT", 
        "charged_by": 2, 
        "credit_card": 1, 
        "future_expense": false, 
        "extra_note": "", 
        "date": "2014-11-19", 
        "checked": false
    }
},
{
    "pk": 207, 
    "model": "budget_app.expense", 
    "fields": {
        "encumbered": false, 
        "description": "Fairway Laser: rotary attachment for laser engrave", 
        "charged_by": null, 
        "credit_card": null, 
        "future_expense": true, 
        "extra_note": "", 
        "date": "2014-11-19", 
        "checked": false
    }
},
{
    "pk": 208, 
    "model": "budget_app.expense", 
    "fields": {
        "encumbered": false, 
        "description": "Thermal camera", 
        "charged_by": null, 
        "credit_card": null, 
        "future_expense": true, 
        "extra_note": "", 
        "date": "2014-11-19", 
        "checked": false
    }
},
{
    "pk": 209, 
    "model": "budget_app.expense", 
    "fields": {
        "encumbered": false, 
        "description": "Neff: parts for vacuum system", 
        "charged_by": 2, 
        "credit_card": 1, 
        "future_expense": false, 
        "extra_note": "", 
        "date": "2014-11-17", 
        "checked": false
    }
},
{
    "pk": 210, 
    "model": "budget_app.expense", 
    "fields": {
        "encumbered": false, 
        "description": "McMaster Carr: parts for shaker table guarding", 
        "charged_by": 2, 
        "credit_card": 1, 
        "future_expense": false, 
        "extra_note": "", 
        "date": "2014-11-19", 
        "checked": false
    }
},
{
    "pk": 211, 
    "model": "budget_app.expense", 
    "fields": {
        "encumbered": false, 
        "description": "McMaster Carr: parts for Universal tester guarding", 
        "charged_by": 3, 
        "credit_card": 1, 
        "future_expense": false, 
        "extra_note": "", 
        "date": "2014-11-19", 
        "checked": false
    }
},
{
    "pk": 212, 
    "model": "budget_app.expense", 
    "fields": {
        "encumbered": false, 
        "description": "McMaster-Carr: Shaker table installation", 
        "charged_by": 2, 
        "credit_card": 1, 
        "future_expense": false, 
        "extra_note": "", 
        "date": "2014-11-21", 
        "checked": false
    }
},
{
    "pk": 214, 
    "model": "budget_app.expense", 
    "fields": {
        "encumbered": false, 
        "description": "Keysight scope upgrades", 
        "charged_by": 2, 
        "credit_card": 1, 
        "future_expense": false, 
        "extra_note": "", 
        "date": "2014-12-12", 
        "checked": false
    }
},
{
    "pk": 215, 
    "model": "budget_app.expense", 
    "fields": {
        "encumbered": false, 
        "description": "Cunningham Glass: acrylic for ENP231 project", 
        "charged_by": 2, 
        "credit_card": 1, 
        "future_expense": false, 
        "extra_note": "", 
        "date": "2014-11-26", 
        "checked": false
    }
},
{
    "pk": 216, 
    "model": "budget_app.expense", 
    "fields": {
        "encumbered": false, 
        "description": "Mouser: ENP231 project parts", 
        "charged_by": 2, 
        "credit_card": 1, 
        "future_expense": false, 
        "extra_note": "", 
        "date": "2014-12-01", 
        "checked": false
    }
},
{
    "pk": 217, 
    "model": "budget_app.expense", 
    "fields": {
        "encumbered": false, 
        "description": "Colson Center: Ethics DVDs", 
        "charged_by": 2, 
        "credit_card": 1, 
        "future_expense": false, 
        "extra_note": "", 
        "date": "2014-12-01", 
        "checked": false
    }
},
{
    "pk": 218, 
    "model": "budget_app.expense", 
    "fields": {
        "encumbered": false, 
        "description": "Sparkfun: ENP231 project parts", 
        "charged_by": 2, 
        "credit_card": 1, 
        "future_expense": false, 
        "extra_note": "", 
        "date": "2014-11-26", 
        "checked": false
    }
},
{
    "pk": 219, 
    "model": "budget_app.expense", 
    "fields": {
        "encumbered": false, 
        "description": "Mouser: ENP231 project parts", 
        "charged_by": 2, 
        "credit_card": 1, 
        "future_expense": false, 
        "extra_note": "", 
        "date": "2014-11-26", 
        "checked": false
    }
},
{
    "pk": 220, 
    "model": "budget_app.expense", 
    "fields": {
        "encumbered": false, 
        "description": "Jameco: ENP231 project parts", 
        "charged_by": 2, 
        "credit_card": 1, 
        "future_expense": false, 
        "extra_note": "", 
        "date": "2014-11-26", 
        "checked": false
    }
},
{
    "pk": 221, 
    "model": "budget_app.expense", 
    "fields": {
        "encumbered": false, 
        "description": "Amazon: ENP231 project acrylic tube", 
        "charged_by": 2, 
        "credit_card": 1, 
        "future_expense": false, 
        "extra_note": "", 
        "date": "2014-11-25", 
        "checked": false
    }
},
{
    "pk": 222, 
    "model": "budget_app.expense", 
    "fields": {
        "encumbered": false, 
        "description": "Mouser: ENP231 project parts", 
        "charged_by": 1, 
        "credit_card": 1, 
        "future_expense": false, 
        "extra_note": "", 
        "date": "2014-11-24", 
        "checked": true
    }
},
{
    "pk": 223, 
    "model": "budget_app.expense", 
    "fields": {
        "encumbered": false, 
        "description": "Mouser: ENP231 project parts", 
        "charged_by": 1, 
        "credit_card": 1, 
        "future_expense": false, 
        "extra_note": "", 
        "date": "2014-11-24", 
        "checked": true
    }
},
{
    "pk": 224, 
    "model": "budget_app.expense", 
    "fields": {
        "encumbered": false, 
        "description": "McMaster Carr: brass rods parts for ENP231 project", 
        "charged_by": 2, 
        "credit_card": 1, 
        "future_expense": false, 
        "extra_note": "", 
        "date": "2014-12-02", 
        "checked": false
    }
},
{
    "pk": 225, 
    "model": "budget_app.expense", 
    "fields": {
        "encumbered": false, 
        "description": "Mouser: ENP231 wire power parts", 
        "charged_by": 2, 
        "credit_card": 1, 
        "future_expense": false, 
        "extra_note": "", 
        "date": "2014-12-01", 
        "checked": false
    }
},
{
    "pk": 226, 
    "model": "budget_app.expense", 
    "fields": {
        "encumbered": false, 
        "description": "Southwest Airline: ELEOSAT trip", 
        "charged_by": 2, 
        "credit_card": 1, 
        "future_expense": false, 
        "extra_note": "Kate Yoshido, Collin Enger, Adam Kilmer to Albuquerque.  Will be reimbursed by Air Force.", 
        "date": "2014-12-02", 
        "checked": false
    }
},
{
    "pk": 227, 
    "model": "budget_app.expense", 
    "fields": {
        "encumbered": false, 
        "description": "US Plastics: Parts for ENP231 wireless project", 
        "charged_by": 2, 
        "credit_card": 1, 
        "future_expense": false, 
        "extra_note": "", 
        "date": "2014-12-05", 
        "checked": false
    }
},
{
    "pk": 228, 
    "model": "budget_app.expense", 
    "fields": {
        "encumbered": false, 
        "description": "Mouser: ELEOSAT parts for Epsilon Drive", 
        "charged_by": 2, 
        "credit_card": 1, 
        "future_expense": false, 
        "extra_note": "", 
        "date": "2014-12-05", 
        "checked": false
    }
},
{
    "pk": 229, 
    "model": "budget_app.expense", 
    "fields": {
        "encumbered": false, 
        "description": "Lowes: Polyurethane spray, laser filter, mesh", 
        "charged_by": 6, 
        "credit_card": 2, 
        "future_expense": false, 
        "extra_note": "", 
        "date": "2014-10-27", 
        "checked": false
    }
},
{
    "pk": 230, 
    "model": "budget_app.expense", 
    "fields": {
        "encumbered": false, 
        "description": "Thinking Tools: Cutters for LPKF milling machine", 
        "charged_by": 2, 
        "credit_card": 1, 
        "future_expense": false, 
        "extra_note": "", 
        "date": "2014-12-08", 
        "checked": false
    }
},
{
    "pk": 231, 
    "model": "budget_app.expense", 
    "fields": {
        "encumbered": false, 
        "description": "McMaster-Carr: Shake table adapter plate for ELEO", 
        "charged_by": 2, 
        "credit_card": 1, 
        "future_expense": false, 
        "extra_note": "", 
        "date": "2014-12-09", 
        "checked": false
    }
},
{
    "pk": 232, 
    "model": "budget_app.expense", 
    "fields": {
        "encumbered": false, 
        "description": "Amazon: Lead forming tool", 
        "charged_by": 2, 
        "credit_card": 1, 
        "future_expense": false, 
        "extra_note": "", 
        "date": "2014-12-11", 
        "checked": false
    }
},
{
    "pk": 233, 
    "model": "budget_app.expense", 
    "fields": {
        "encumbered": false, 
        "description": "Amazon: lab parts, ELEOSAT parts for Vacuum system", 
        "charged_by": 2, 
        "credit_card": 1, 
        "future_expense": false, 
        "extra_note": "", 
        "date": "2014-12-11", 
        "checked": false
    }
},
{
    "pk": 234, 
    "model": "budget_app.expense", 
    "fields": {
        "encumbered": false, 
        "description": "Digikey: ELEOSAT THEEF parts", 
        "charged_by": 2, 
        "credit_card": 1, 
        "future_expense": false, 
        "extra_note": "", 
        "date": "2014-12-11", 
        "checked": false
    }
},
{
    "pk": 235, 
    "model": "budget_app.expense", 
    "fields": {
        "encumbered": false, 
        "description": "PayPal: Parts for ELEOSAT THEEF sensor", 
        "charged_by": 2, 
        "credit_card": 1, 
        "future_expense": false, 
        "extra_note": "", 
        "date": "2014-12-11", 
        "checked": false
    }
},
{
    "pk": 236, 
    "model": "budget_app.expense", 
    "fields": {
        "encumbered": false, 
        "description": "Mick Nicksic (eBay): Ionization gages", 
        "charged_by": 2, 
        "credit_card": 1, 
        "future_expense": false, 
        "extra_note": "", 
        "date": "2014-12-12", 
        "checked": false
    }
},
{
    "pk": 237, 
    "model": "budget_app.expense", 
    "fields": {
        "encumbered": false, 
        "description": "Southwest: travel for Jeff Dailey to conference", 
        "charged_by": 2, 
        "credit_card": 1, 
        "future_expense": false, 
        "extra_note": "", 
        "date": "2014-12-12", 
        "checked": false
    }
},
{
    "pk": 238, 
    "model": "budget_app.expense", 
    "fields": {
        "encumbered": false, 
        "description": "McMaster Carr: parts for ELEOSAT vacuum", 
        "charged_by": 2, 
        "credit_card": 1, 
        "future_expense": false, 
        "extra_note": "", 
        "date": "2014-12-12", 
        "checked": false
    }
},
{
    "pk": 239, 
    "model": "budget_app.expense", 
    "fields": {
        "encumbered": false, 
        "description": "Young's Water", 
        "charged_by": 4, 
        "credit_card": null, 
        "future_expense": false, 
        "extra_note": "", 
        "date": "2014-11-25", 
        "checked": false
    }
},
{
    "pk": 240, 
    "model": "budget_app.expense", 
    "fields": {
        "encumbered": false, 
        "description": "Kirby Risk: parts for shaker table - Euler", 
        "charged_by": null, 
        "credit_card": null, 
        "future_expense": false, 
        "extra_note": "Purchased by Rita Puckett", 
        "date": "2014-11-24", 
        "checked": false
    }
},
{
    "pk": 241, 
    "model": "budget_app.expense", 
    "fields": {
        "encumbered": false, 
        "description": "Emco: high voltage supplies for ELEOSAT", 
        "charged_by": 2, 
        "credit_card": 1, 
        "future_expense": false, 
        "extra_note": "** Add shipping **", 
        "date": "2014-12-15", 
        "checked": false
    }
},
{
    "pk": 242, 
    "model": "budget_app.expense", 
    "fields": {
        "encumbered": false, 
        "description": "Advanced Circuits: 3 ADACS PC boards", 
        "charged_by": 2, 
        "credit_card": 1, 
        "future_expense": false, 
        "extra_note": "", 
        "date": "2014-12-15", 
        "checked": false
    }
},
{
    "pk": 243, 
    "model": "budget_app.expense", 
    "fields": {
        "encumbered": false, 
        "description": "Advanced Circuits: 2 flight processor boards", 
        "charged_by": 2, 
        "credit_card": 1, 
        "future_expense": false, 
        "extra_note": "", 
        "date": "2014-12-15", 
        "checked": false
    }
},
{
    "pk": 244, 
    "model": "budget_app.expense", 
    "fields": {
        "encumbered": false, 
        "description": "Winsco: Van de Graaf generator belts", 
        "charged_by": 2, 
        "credit_card": 1, 
        "future_expense": false, 
        "extra_note": "", 
        "date": "2014-12-16", 
        "checked": false
    }
},
{
    "pk": 245, 
    "model": "budget_app.expense", 
    "fields": {
        "encumbered": false, 
        "description": "DigiKey: ELEOSAT ADACS parts, general solder", 
        "charged_by": 2, 
        "credit_card": 1, 
        "future_expense": false, 
        "extra_note": "", 
        "date": "2014-12-16", 
        "checked": false
    }
},
{
    "pk": 246, 
    "model": "budget_app.expense", 
    "fields": {
        "encumbered": false, 
        "description": "Near Space Launch: balloon launches", 
        "charged_by": null, 
        "credit_card": null, 
        "future_expense": false, 
        "extra_note": "", 
        "date": "2014-12-15", 
        "checked": true
    }
},
{
    "pk": 247, 
    "model": "budget_app.expense", 
    "fields": {
        "encumbered": false, 
        "description": "McMaster-Carr: parts for fluid tank", 
        "charged_by": 2, 
        "credit_card": 1, 
        "future_expense": false, 
        "extra_note": "", 
        "date": "2014-12-17", 
        "checked": false
    }
},
{
    "pk": 248, 
    "model": "budget_app.expense", 
    "fields": {
        "encumbered": false, 
        "description": "Mouser: ELEO Epsilon parts, general dept parts", 
        "charged_by": 2, 
        "credit_card": 1, 
        "future_expense": false, 
        "extra_note": "", 
        "date": "2014-12-18", 
        "checked": false
    }
},
{
    "pk": 249, 
    "model": "budget_app.expense", 
    "fields": {
        "encumbered": false, 
        "description": "McMaster-Carr: taps for vacuum chamber for ELEOSAT", 
        "charged_by": 2, 
        "credit_card": 1, 
        "future_expense": false, 
        "extra_note": "", 
        "date": "2014-12-22", 
        "checked": false
    }
},
{
    "pk": 250, 
    "model": "budget_app.expense", 
    "fields": {
        "encumbered": false, 
        "description": "Harbor Freight: vises for machine shop", 
        "charged_by": 2, 
        "credit_card": 1, 
        "future_expense": false, 
        "extra_note": "", 
        "date": "2014-12-19", 
        "checked": false
    }
},
{
    "pk": 251, 
    "model": "budget_app.expense", 
    "fields": {
        "encumbered": false, 
        "description": "Zondervan Library T&LC: EU229 lab bench cards", 
        "charged_by": 2, 
        "credit_card": 1, 
        "future_expense": false, 
        "extra_note": "", 
        "date": "2014-12-22", 
        "checked": false
    }
},
{
    "pk": 252, 
    "model": "budget_app.expense", 
    "fields": {
        "encumbered": false, 
        "description": "Cunningham Glass: acrylic for ELEOSAT", 
        "charged_by": 5, 
        "credit_card": 1, 
        "future_expense": false, 
        "extra_note": "", 
        "date": "2015-01-05", 
        "checked": false
    }
},
{
    "pk": 253, 
    "model": "budget_app.expense", 
    "fields": {
        "encumbered": false, 
        "description": "RC Foam: carbon fiber", 
        "charged_by": 2, 
        "credit_card": 1, 
        "future_expense": false, 
        "extra_note": "", 
        "date": "2015-01-05", 
        "checked": false
    }
},
{
    "pk": 254, 
    "model": "budget_app.expense", 
    "fields": {
        "encumbered": false, 
        "description": "McMaster-Carr: spacers for ELEOSAT booms", 
        "charged_by": 2, 
        "credit_card": 1, 
        "future_expense": false, 
        "extra_note": "", 
        "date": "2015-01-05", 
        "checked": false
    }
},
{
    "pk": 255, 
    "model": "budget_app.expense", 
    "fields": {
        "encumbered": false, 
        "description": "Southwest Airlines: N. White travel to conf.", 
        "charged_by": 2, 
        "credit_card": 1, 
        "future_expense": false, 
        "extra_note": "", 
        "date": "2015-01-05", 
        "checked": false
    }
},
{
    "pk": 256, 
    "model": "budget_app.expense", 
    "fields": {
        "encumbered": false, 
        "description": "McMaster-Carr: parts for ELEOSAT stand & booms", 
        "charged_by": 2, 
        "credit_card": 1, 
        "future_expense": false, 
        "extra_note": "", 
        "date": "2015-01-05", 
        "checked": false
    }
},
{
    "pk": 257, 
    "model": "budget_app.expense", 
    "fields": {
        "encumbered": false, 
        "description": "Mouser: ELEOSAT parts", 
        "charged_by": 2, 
        "credit_card": 1, 
        "future_expense": false, 
        "extra_note": "", 
        "date": "2015-01-05", 
        "checked": false
    }
},
{
    "pk": 258, 
    "model": "budget_app.expense", 
    "fields": {
        "encumbered": false, 
        "description": "Mouser: ELEOSAT flight processor parts", 
        "charged_by": 2, 
        "credit_card": 1, 
        "future_expense": false, 
        "extra_note": "** add shipping **", 
        "date": "2015-01-06", 
        "checked": false
    }
},
{
    "pk": 259, 
    "model": "budget_app.expense", 
    "fields": {
        "encumbered": false, 
        "description": "WB Jones: springs for ELEOSAT boom", 
        "charged_by": 2, 
        "credit_card": 1, 
        "future_expense": false, 
        "extra_note": "", 
        "date": "2015-01-06", 
        "checked": false
    }
},
{
    "pk": 260, 
    "model": "budget_app.expense", 
    "fields": {
        "encumbered": false, 
        "description": "Advanced Circuits: 2 motherboards for ELEOSAT", 
        "charged_by": 2, 
        "credit_card": 1, 
        "future_expense": false, 
        "extra_note": "", 
        "date": "2015-01-07", 
        "checked": false
    }
},
{
    "pk": 261, 
    "model": "budget_app.expense", 
    "fields": {
        "encumbered": false, 
        "description": "Advanced Cicuits: 2 Comm boards for ELEOSAT", 
        "charged_by": 2, 
        "credit_card": 1, 
        "future_expense": false, 
        "extra_note": "", 
        "date": "2015-01-07", 
        "checked": false
    }
},
{
    "pk": 262, 
    "model": "budget_app.expense", 
    "fields": {
        "encumbered": false, 
        "description": "Neff: parts for ELEOSAT presentation stand", 
        "charged_by": 2, 
        "credit_card": 1, 
        "future_expense": false, 
        "extra_note": "", 
        "date": "2015-01-07", 
        "checked": false
    }
},
{
    "pk": 263, 
    "model": "budget_app.expense", 
    "fields": {
        "encumbered": false, 
        "description": "McMaster-Carr: ELEOSAT fabrication parts", 
        "charged_by": 2, 
        "credit_card": 1, 
        "future_expense": false, 
        "extra_note": "", 
        "date": "2015-01-09", 
        "checked": false
    }
},
{
    "pk": 264, 
    "model": "budget_app.expense", 
    "fields": {
        "encumbered": false, 
        "description": "ServoCity: ELEOSAT servomotors", 
        "charged_by": 2, 
        "credit_card": 1, 
        "future_expense": false, 
        "extra_note": "", 
        "date": "2015-01-09", 
        "checked": false
    }
},
{
    "pk": 265, 
    "model": "budget_app.expense", 
    "fields": {
        "encumbered": false, 
        "description": "Digilent: Analog discovery hardware kits", 
        "charged_by": 2, 
        "credit_card": 1, 
        "future_expense": false, 
        "extra_note": "", 
        "date": "2015-01-09", 
        "checked": false
    }
},
{
    "pk": 266, 
    "model": "budget_app.expense", 
    "fields": {
        "encumbered": false, 
        "description": "Mouser: parts for ENP104 project", 
        "charged_by": 2, 
        "credit_card": 1, 
        "future_expense": false, 
        "extra_note": "", 
        "date": "2015-01-11", 
        "checked": false
    }
},
{
    "pk": 267, 
    "model": "budget_app.expense", 
    "fields": {
        "encumbered": false, 
        "description": "Paynes Custard: candidate dinner, 7 people", 
        "charged_by": 9, 
        "credit_card": 4, 
        "future_expense": false, 
        "extra_note": "", 
        "date": "2014-12-04", 
        "checked": false
    }
},
{
    "pk": 268, 
    "model": "budget_app.expense", 
    "fields": {
        "encumbered": false, 
        "description": "LPKF: copper clad", 
        "charged_by": 2, 
        "credit_card": 1, 
        "future_expense": false, 
        "extra_note": "", 
        "date": "2015-01-12", 
        "checked": false
    }
},
{
    "pk": 269, 
    "model": "budget_app.expense", 
    "fields": {
        "encumbered": false, 
        "description": "Solidworks license renewal", 
        "charged_by": null, 
        "credit_card": null, 
        "future_expense": false, 
        "extra_note": "", 
        "date": "2015-01-12", 
        "checked": false
    }
},
{
    "pk": 270, 
    "model": "budget_app.expense", 
    "fields": {
        "encumbered": false, 
        "description": "Young's Water", 
        "charged_by": null, 
        "credit_card": null, 
        "future_expense": false, 
        "extra_note": "", 
        "date": "2014-12-25", 
        "checked": false
    }
},
{
    "pk": 271, 
    "model": "budget_app.expense", 
    "fields": {
        "encumbered": false, 
        "description": "Amstutz, Leon: reimbursement for class project", 
        "charged_by": null, 
        "credit_card": null, 
        "future_expense": false, 
        "extra_note": "", 
        "date": "2014-12-08", 
        "checked": true
    }
},
{
    "pk": 272, 
    "model": "budget_app.expense", 
    "fields": {
        "encumbered": false, 
        "description": "McMaster-Carr: ELEOSAT rails", 
        "charged_by": 2, 
        "credit_card": 1, 
        "future_expense": false, 
        "extra_note": "", 
        "date": "2015-01-12", 
        "checked": false
    }
},
{
    "pk": 273, 
    "model": "budget_app.expense", 
    "fields": {
        "encumbered": false, 
        "description": "ATA Aerospace reimbursement for K. Yoshino travel", 
        "charged_by": null, 
        "credit_card": null, 
        "future_expense": false, 
        "extra_note": "Transferred in via 132092 by M. Bragg", 
        "date": "2015-01-08", 
        "checked": false
    }
},
{
    "pk": 274, 
    "model": "budget_app.expense", 
    "fields": {
        "encumbered": false, 
        "description": "ATA Aerospace reimbursement for travel", 
        "charged_by": null, 
        "credit_card": null, 
        "future_expense": false, 
        "extra_note": "Transferred in via 132092 by M. Bragg", 
        "date": "2015-01-08", 
        "checked": false
    }
},
{
    "pk": 275, 
    "model": "budget_app.expense", 
    "fields": {
        "encumbered": false, 
        "description": "Ali Express: 3 phase motors", 
        "charged_by": 2, 
        "credit_card": 1, 
        "future_expense": false, 
        "extra_note": "", 
        "date": "2015-01-14", 
        "checked": false
    }
},
{
    "pk": 276, 
    "model": "budget_app.expense", 
    "fields": {
        "encumbered": false, 
        "description": "Digikey: Supercaps, solder", 
        "charged_by": 2, 
        "credit_card": 1, 
        "future_expense": false, 
        "extra_note": "** ADD SHIPPING **", 
        "date": "2015-01-15", 
        "checked": false
    }
},
{
    "pk": 1, 
    "model": "budget_app.expensebudgetline", 
    "fields": {
        "budget_line": 4, 
        "amount": "12.88", 
        "expense": 1, 
        "debit_or_credit": -1, 
        "subaccount": 11
    }
},
{
    "pk": 5, 
    "model": "budget_app.expensebudgetline", 
    "fields": {
        "budget_line": 9, 
        "amount": "4.5", 
        "expense": 4, 
        "debit_or_credit": -1, 
        "subaccount": null
    }
},
{
    "pk": 6, 
    "model": "budget_app.expensebudgetline", 
    "fields": {
        "budget_line": 2, 
        "amount": "50", 
        "expense": 5, 
        "debit_or_credit": -1, 
        "subaccount": 15
    }
},
{
    "pk": 8, 
    "model": "budget_app.expensebudgetline", 
    "fields": {
        "budget_line": 2, 
        "amount": "30.36", 
        "expense": 7, 
        "debit_or_credit": -1, 
        "subaccount": 15
    }
},
{
    "pk": 10, 
    "model": "budget_app.expensebudgetline", 
    "fields": {
        "budget_line": 2, 
        "amount": "50", 
        "expense": 5, 
        "debit_or_credit": 1, 
        "subaccount": 2
    }
},
{
    "pk": 11, 
    "model": "budget_app.expensebudgetline", 
    "fields": {
        "budget_line": 2, 
        "amount": "12.54", 
        "expense": 8, 
        "debit_or_credit": -1, 
        "subaccount": 10
    }
},
{
    "pk": 12, 
    "model": "budget_app.expensebudgetline", 
    "fields": {
        "budget_line": 2, 
        "amount": "6.1", 
        "expense": 9, 
        "debit_or_credit": -1, 
        "subaccount": 10
    }
},
{
    "pk": 13, 
    "model": "budget_app.expensebudgetline", 
    "fields": {
        "budget_line": 2, 
        "amount": "24.92", 
        "expense": 10, 
        "debit_or_credit": -1, 
        "subaccount": 16
    }
},
{
    "pk": 14, 
    "model": "budget_app.expensebudgetline", 
    "fields": {
        "budget_line": 2, 
        "amount": "66.95", 
        "expense": 11, 
        "debit_or_credit": -1, 
        "subaccount": 17
    }
},
{
    "pk": 15, 
    "model": "budget_app.expensebudgetline", 
    "fields": {
        "budget_line": 2, 
        "amount": "177.38", 
        "expense": 12, 
        "debit_or_credit": -1, 
        "subaccount": 17
    }
},
{
    "pk": 16, 
    "model": "budget_app.expensebudgetline", 
    "fields": {
        "budget_line": 2, 
        "amount": "18.98", 
        "expense": 13, 
        "debit_or_credit": -1, 
        "subaccount": 17
    }
},
{
    "pk": 17, 
    "model": "budget_app.expensebudgetline", 
    "fields": {
        "budget_line": 2, 
        "amount": "80.94", 
        "expense": 14, 
        "debit_or_credit": -1, 
        "subaccount": 17
    }
},
{
    "pk": 18, 
    "model": "budget_app.expensebudgetline", 
    "fields": {
        "budget_line": 4, 
        "amount": "47.09", 
        "expense": 15, 
        "debit_or_credit": -1, 
        "subaccount": 11
    }
},
{
    "pk": 19, 
    "model": "budget_app.expensebudgetline", 
    "fields": {
        "budget_line": 2, 
        "amount": "32.02", 
        "expense": 16, 
        "debit_or_credit": -1, 
        "subaccount": 17
    }
},
{
    "pk": 20, 
    "model": "budget_app.expensebudgetline", 
    "fields": {
        "budget_line": 12, 
        "amount": "33", 
        "expense": 17, 
        "debit_or_credit": -1, 
        "subaccount": null
    }
},
{
    "pk": 22, 
    "model": "budget_app.expensebudgetline", 
    "fields": {
        "budget_line": 2, 
        "amount": "26", 
        "expense": 19, 
        "debit_or_credit": -1, 
        "subaccount": null
    }
},
{
    "pk": 23, 
    "model": "budget_app.expensebudgetline", 
    "fields": {
        "budget_line": 11, 
        "amount": "297.16", 
        "expense": 20, 
        "debit_or_credit": -1, 
        "subaccount": null
    }
},
{
    "pk": 24, 
    "model": "budget_app.expensebudgetline", 
    "fields": {
        "budget_line": 12, 
        "amount": "45", 
        "expense": 21, 
        "debit_or_credit": -1, 
        "subaccount": null
    }
},
{
    "pk": 26, 
    "model": "budget_app.expensebudgetline", 
    "fields": {
        "budget_line": 2, 
        "amount": "38.48", 
        "expense": 23, 
        "debit_or_credit": -1, 
        "subaccount": 38
    }
},
{
    "pk": 27, 
    "model": "budget_app.expensebudgetline", 
    "fields": {
        "budget_line": 2, 
        "amount": "36", 
        "expense": 24, 
        "debit_or_credit": -1, 
        "subaccount": 16
    }
},
{
    "pk": 28, 
    "model": "budget_app.expensebudgetline", 
    "fields": {
        "budget_line": 2, 
        "amount": "98.86", 
        "expense": 25, 
        "debit_or_credit": -1, 
        "subaccount": 15
    }
},
{
    "pk": 29, 
    "model": "budget_app.expensebudgetline", 
    "fields": {
        "budget_line": 10, 
        "amount": "1849", 
        "expense": 26, 
        "debit_or_credit": -1, 
        "subaccount": null
    }
},
{
    "pk": 30, 
    "model": "budget_app.expensebudgetline", 
    "fields": {
        "budget_line": 2, 
        "amount": "92.34", 
        "expense": 27, 
        "debit_or_credit": -1, 
        "subaccount": 10
    }
},
{
    "pk": 31, 
    "model": "budget_app.expensebudgetline", 
    "fields": {
        "budget_line": 2, 
        "amount": "48.79", 
        "expense": 27, 
        "debit_or_credit": -1, 
        "subaccount": 16
    }
},
{
    "pk": 32, 
    "model": "budget_app.expensebudgetline", 
    "fields": {
        "budget_line": 12, 
        "amount": "130", 
        "expense": 28, 
        "debit_or_credit": -1, 
        "subaccount": null
    }
},
{
    "pk": 33, 
    "model": "budget_app.expensebudgetline", 
    "fields": {
        "budget_line": 12, 
        "amount": "211.13", 
        "expense": 29, 
        "debit_or_credit": -1, 
        "subaccount": null
    }
},
{
    "pk": 34, 
    "model": "budget_app.expensebudgetline", 
    "fields": {
        "budget_line": 10, 
        "amount": "325", 
        "expense": 30, 
        "debit_or_credit": -1, 
        "subaccount": null
    }
},
{
    "pk": 35, 
    "model": "budget_app.expensebudgetline", 
    "fields": {
        "budget_line": 4, 
        "amount": "178.22", 
        "expense": 31, 
        "debit_or_credit": -1, 
        "subaccount": 11
    }
},
{
    "pk": 36, 
    "model": "budget_app.expensebudgetline", 
    "fields": {
        "budget_line": 4, 
        "amount": "33.99", 
        "expense": 32, 
        "debit_or_credit": -1, 
        "subaccount": 11
    }
},
{
    "pk": 37, 
    "model": "budget_app.expensebudgetline", 
    "fields": {
        "budget_line": 2, 
        "amount": "17.9", 
        "expense": 33, 
        "debit_or_credit": -1, 
        "subaccount": 10
    }
},
{
    "pk": 38, 
    "model": "budget_app.expensebudgetline", 
    "fields": {
        "budget_line": 2, 
        "amount": "20.3", 
        "expense": 34, 
        "debit_or_credit": -1, 
        "subaccount": 19
    }
},
{
    "pk": 39, 
    "model": "budget_app.expensebudgetline", 
    "fields": {
        "budget_line": 2, 
        "amount": "84", 
        "expense": 35, 
        "debit_or_credit": -1, 
        "subaccount": 19
    }
},
{
    "pk": 40, 
    "model": "budget_app.expensebudgetline", 
    "fields": {
        "budget_line": 2, 
        "amount": "87.69", 
        "expense": 36, 
        "debit_or_credit": -1, 
        "subaccount": 19
    }
},
{
    "pk": 41, 
    "model": "budget_app.expensebudgetline", 
    "fields": {
        "budget_line": 4, 
        "amount": "41.93", 
        "expense": 37, 
        "debit_or_credit": -1, 
        "subaccount": 11
    }
},
{
    "pk": 42, 
    "model": "budget_app.expensebudgetline", 
    "fields": {
        "budget_line": 4, 
        "amount": "178.84", 
        "expense": 38, 
        "debit_or_credit": -1, 
        "subaccount": 11
    }
},
{
    "pk": 43, 
    "model": "budget_app.expensebudgetline", 
    "fields": {
        "budget_line": 4, 
        "amount": "445.07", 
        "expense": 39, 
        "debit_or_credit": -1, 
        "subaccount": 11
    }
},
{
    "pk": 44, 
    "model": "budget_app.expensebudgetline", 
    "fields": {
        "budget_line": 4, 
        "amount": "164", 
        "expense": 40, 
        "debit_or_credit": -1, 
        "subaccount": 20
    }
},
{
    "pk": 45, 
    "model": "budget_app.expensebudgetline", 
    "fields": {
        "budget_line": 2, 
        "amount": "907.99", 
        "expense": 41, 
        "debit_or_credit": -1, 
        "subaccount": 38
    }
},
{
    "pk": 46, 
    "model": "budget_app.expensebudgetline", 
    "fields": {
        "budget_line": 2, 
        "amount": "9.99", 
        "expense": 42, 
        "debit_or_credit": -1, 
        "subaccount": 6
    }
},
{
    "pk": 47, 
    "model": "budget_app.expensebudgetline", 
    "fields": {
        "budget_line": 6, 
        "amount": "99", 
        "expense": 43, 
        "debit_or_credit": -1, 
        "subaccount": null
    }
},
{
    "pk": 48, 
    "model": "budget_app.expensebudgetline", 
    "fields": {
        "budget_line": 2, 
        "amount": "1000", 
        "expense": 44, 
        "debit_or_credit": 1, 
        "subaccount": 10
    }
},
{
    "pk": 49, 
    "model": "budget_app.expensebudgetline", 
    "fields": {
        "budget_line": 4, 
        "amount": "21.33", 
        "expense": 45, 
        "debit_or_credit": -1, 
        "subaccount": 11
    }
},
{
    "pk": 50, 
    "model": "budget_app.expensebudgetline", 
    "fields": {
        "budget_line": 4, 
        "amount": "31.4", 
        "expense": 46, 
        "debit_or_credit": -1, 
        "subaccount": 11
    }
},
{
    "pk": 51, 
    "model": "budget_app.expensebudgetline", 
    "fields": {
        "budget_line": 2, 
        "amount": "36.15", 
        "expense": 47, 
        "debit_or_credit": -1, 
        "subaccount": 38
    }
},
{
    "pk": 53, 
    "model": "budget_app.expensebudgetline", 
    "fields": {
        "budget_line": 4, 
        "amount": "104.94", 
        "expense": 49, 
        "debit_or_credit": -1, 
        "subaccount": null
    }
},
{
    "pk": 54, 
    "model": "budget_app.expensebudgetline", 
    "fields": {
        "budget_line": 2, 
        "amount": "7.13", 
        "expense": 50, 
        "debit_or_credit": -1, 
        "subaccount": 10
    }
},
{
    "pk": 55, 
    "model": "budget_app.expensebudgetline", 
    "fields": {
        "budget_line": 6, 
        "amount": "25.67", 
        "expense": 51, 
        "debit_or_credit": -1, 
        "subaccount": null
    }
},
{
    "pk": 56, 
    "model": "budget_app.expensebudgetline", 
    "fields": {
        "budget_line": 4, 
        "amount": "65.18", 
        "expense": 52, 
        "debit_or_credit": -1, 
        "subaccount": 10
    }
},
{
    "pk": 57, 
    "model": "budget_app.expensebudgetline", 
    "fields": {
        "budget_line": 2, 
        "amount": "13.95", 
        "expense": 53, 
        "debit_or_credit": -1, 
        "subaccount": 2
    }
},
{
    "pk": 58, 
    "model": "budget_app.expensebudgetline", 
    "fields": {
        "budget_line": 4, 
        "amount": "50.05", 
        "expense": 54, 
        "debit_or_credit": -1, 
        "subaccount": 11
    }
},
{
    "pk": 59, 
    "model": "budget_app.expensebudgetline", 
    "fields": {
        "budget_line": 2, 
        "amount": "336.74", 
        "expense": 55, 
        "debit_or_credit": -1, 
        "subaccount": 10
    }
},
{
    "pk": 60, 
    "model": "budget_app.expensebudgetline", 
    "fields": {
        "budget_line": 2, 
        "amount": "524.82", 
        "expense": 56, 
        "debit_or_credit": -1, 
        "subaccount": 38
    }
},
{
    "pk": 61, 
    "model": "budget_app.expensebudgetline", 
    "fields": {
        "budget_line": 2, 
        "amount": "121.19", 
        "expense": 57, 
        "debit_or_credit": -1, 
        "subaccount": 38
    }
},
{
    "pk": 62, 
    "model": "budget_app.expensebudgetline", 
    "fields": {
        "budget_line": 2, 
        "amount": "191.64", 
        "expense": 58, 
        "debit_or_credit": -1, 
        "subaccount": 38
    }
},
{
    "pk": 63, 
    "model": "budget_app.expensebudgetline", 
    "fields": {
        "budget_line": 4, 
        "amount": "28.15", 
        "expense": 59, 
        "debit_or_credit": -1, 
        "subaccount": 11
    }
},
{
    "pk": 64, 
    "model": "budget_app.expensebudgetline", 
    "fields": {
        "budget_line": 2, 
        "amount": "5.95", 
        "expense": 60, 
        "debit_or_credit": -1, 
        "subaccount": 11
    }
},
{
    "pk": 65, 
    "model": "budget_app.expensebudgetline", 
    "fields": {
        "budget_line": 2, 
        "amount": "21.56", 
        "expense": 60, 
        "debit_or_credit": -1, 
        "subaccount": 21
    }
},
{
    "pk": 66, 
    "model": "budget_app.expensebudgetline", 
    "fields": {
        "budget_line": 2, 
        "amount": "32", 
        "expense": 61, 
        "debit_or_credit": -1, 
        "subaccount": null
    }
},
{
    "pk": 67, 
    "model": "budget_app.expensebudgetline", 
    "fields": {
        "budget_line": 4, 
        "amount": "78.97", 
        "expense": 62, 
        "debit_or_credit": -1, 
        "subaccount": 20
    }
},
{
    "pk": 68, 
    "model": "budget_app.expensebudgetline", 
    "fields": {
        "budget_line": 2, 
        "amount": "54.52", 
        "expense": 63, 
        "debit_or_credit": -1, 
        "subaccount": 10
    }
},
{
    "pk": 69, 
    "model": "budget_app.expensebudgetline", 
    "fields": {
        "budget_line": 4, 
        "amount": "12.83", 
        "expense": 64, 
        "debit_or_credit": -1, 
        "subaccount": 11
    }
},
{
    "pk": 70, 
    "model": "budget_app.expensebudgetline", 
    "fields": {
        "budget_line": 4, 
        "amount": "7.81", 
        "expense": 65, 
        "debit_or_credit": -1, 
        "subaccount": 11
    }
},
{
    "pk": 71, 
    "model": "budget_app.expensebudgetline", 
    "fields": {
        "budget_line": 4, 
        "amount": "7.98", 
        "expense": 66, 
        "debit_or_credit": -1, 
        "subaccount": 11
    }
},
{
    "pk": 72, 
    "model": "budget_app.expensebudgetline", 
    "fields": {
        "budget_line": 2, 
        "amount": "51.88", 
        "expense": 66, 
        "debit_or_credit": -1, 
        "subaccount": 10
    }
},
{
    "pk": 73, 
    "model": "budget_app.expensebudgetline", 
    "fields": {
        "budget_line": 12, 
        "amount": "67.02", 
        "expense": 67, 
        "debit_or_credit": -1, 
        "subaccount": null
    }
},
{
    "pk": 74, 
    "model": "budget_app.expensebudgetline", 
    "fields": {
        "budget_line": 13, 
        "amount": "0.48", 
        "expense": 68, 
        "debit_or_credit": -1, 
        "subaccount": null
    }
},
{
    "pk": 75, 
    "model": "budget_app.expensebudgetline", 
    "fields": {
        "budget_line": 4, 
        "amount": "106.49", 
        "expense": 69, 
        "debit_or_credit": -1, 
        "subaccount": 11
    }
},
{
    "pk": 76, 
    "model": "budget_app.expensebudgetline", 
    "fields": {
        "budget_line": 4, 
        "amount": "102.48", 
        "expense": 70, 
        "debit_or_credit": -1, 
        "subaccount": 11
    }
},
{
    "pk": 77, 
    "model": "budget_app.expensebudgetline", 
    "fields": {
        "budget_line": 11, 
        "amount": "1979.4", 
        "expense": 71, 
        "debit_or_credit": -1, 
        "subaccount": null
    }
},
{
    "pk": 78, 
    "model": "budget_app.expensebudgetline", 
    "fields": {
        "budget_line": 4, 
        "amount": "19.32", 
        "expense": 72, 
        "debit_or_credit": -1, 
        "subaccount": 11
    }
},
{
    "pk": 79, 
    "model": "budget_app.expensebudgetline", 
    "fields": {
        "budget_line": 2, 
        "amount": "10.77", 
        "expense": 73, 
        "debit_or_credit": -1, 
        "subaccount": 13
    }
},
{
    "pk": 80, 
    "model": "budget_app.expensebudgetline", 
    "fields": {
        "budget_line": 2, 
        "amount": "11.03", 
        "expense": 74, 
        "debit_or_credit": -1, 
        "subaccount": 13
    }
},
{
    "pk": 81, 
    "model": "budget_app.expensebudgetline", 
    "fields": {
        "budget_line": 1, 
        "amount": "87.22", 
        "expense": 75, 
        "debit_or_credit": -1, 
        "subaccount": null
    }
},
{
    "pk": 82, 
    "model": "budget_app.expensebudgetline", 
    "fields": {
        "budget_line": 13, 
        "amount": "6.85", 
        "expense": 76, 
        "debit_or_credit": -1, 
        "subaccount": null
    }
},
{
    "pk": 83, 
    "model": "budget_app.expensebudgetline", 
    "fields": {
        "budget_line": 7, 
        "amount": "0.17", 
        "expense": 77, 
        "debit_or_credit": -1, 
        "subaccount": null
    }
},
{
    "pk": 84, 
    "model": "budget_app.expensebudgetline", 
    "fields": {
        "budget_line": 10, 
        "amount": "7767.75", 
        "expense": 78, 
        "debit_or_credit": -1, 
        "subaccount": null
    }
},
{
    "pk": 86, 
    "model": "budget_app.expensebudgetline", 
    "fields": {
        "budget_line": 4, 
        "amount": "233.64", 
        "expense": 80, 
        "debit_or_credit": 1, 
        "subaccount": 11
    }
},
{
    "pk": 87, 
    "model": "budget_app.expensebudgetline", 
    "fields": {
        "budget_line": 4, 
        "amount": "46.73", 
        "expense": 81, 
        "debit_or_credit": 1, 
        "subaccount": 11
    }
},
{
    "pk": 88, 
    "model": "budget_app.expensebudgetline", 
    "fields": {
        "budget_line": 10, 
        "amount": "1236", 
        "expense": 82, 
        "debit_or_credit": -1, 
        "subaccount": null
    }
},
{
    "pk": 89, 
    "model": "budget_app.expensebudgetline", 
    "fields": {
        "budget_line": 7, 
        "amount": "8.4", 
        "expense": 83, 
        "debit_or_credit": -1, 
        "subaccount": null
    }
},
{
    "pk": 90, 
    "model": "budget_app.expensebudgetline", 
    "fields": {
        "budget_line": 7, 
        "amount": "14.97", 
        "expense": 84, 
        "debit_or_credit": -1, 
        "subaccount": null
    }
},
{
    "pk": 91, 
    "model": "budget_app.expensebudgetline", 
    "fields": {
        "budget_line": 5, 
        "amount": "480", 
        "expense": 85, 
        "debit_or_credit": 1, 
        "subaccount": null
    }
},
{
    "pk": 92, 
    "model": "budget_app.expensebudgetline", 
    "fields": {
        "budget_line": 4, 
        "amount": "23.39", 
        "expense": 86, 
        "debit_or_credit": -1, 
        "subaccount": 11
    }
},
{
    "pk": 93, 
    "model": "budget_app.expensebudgetline", 
    "fields": {
        "budget_line": 4, 
        "amount": "32.08", 
        "expense": 87, 
        "debit_or_credit": -1, 
        "subaccount": 11
    }
},
{
    "pk": 94, 
    "model": "budget_app.expensebudgetline", 
    "fields": {
        "budget_line": 4, 
        "amount": "10.61", 
        "expense": 88, 
        "debit_or_credit": -1, 
        "subaccount": 11
    }
},
{
    "pk": 95, 
    "model": "budget_app.expensebudgetline", 
    "fields": {
        "budget_line": 4, 
        "amount": "18.99", 
        "expense": 89, 
        "debit_or_credit": -1, 
        "subaccount": 11
    }
},
{
    "pk": 97, 
    "model": "budget_app.expensebudgetline", 
    "fields": {
        "budget_line": 2, 
        "amount": "11.13", 
        "expense": 91, 
        "debit_or_credit": -1, 
        "subaccount": 13
    }
},
{
    "pk": 98, 
    "model": "budget_app.expensebudgetline", 
    "fields": {
        "budget_line": 12, 
        "amount": "18.63", 
        "expense": 92, 
        "debit_or_credit": -1, 
        "subaccount": null
    }
},
{
    "pk": 99, 
    "model": "budget_app.expensebudgetline", 
    "fields": {
        "budget_line": 2, 
        "amount": "36", 
        "expense": 93, 
        "debit_or_credit": -1, 
        "subaccount": 10
    }
},
{
    "pk": 100, 
    "model": "budget_app.expensebudgetline", 
    "fields": {
        "budget_line": 2, 
        "amount": "77.33", 
        "expense": 94, 
        "debit_or_credit": -1, 
        "subaccount": 2
    }
},
{
    "pk": 101, 
    "model": "budget_app.expensebudgetline", 
    "fields": {
        "budget_line": 12, 
        "amount": "27", 
        "expense": 95, 
        "debit_or_credit": -1, 
        "subaccount": null
    }
},
{
    "pk": 102, 
    "model": "budget_app.expensebudgetline", 
    "fields": {
        "budget_line": 15, 
        "amount": "49.9", 
        "expense": 96, 
        "debit_or_credit": -1, 
        "subaccount": null
    }
},
{
    "pk": 103, 
    "model": "budget_app.expensebudgetline", 
    "fields": {
        "budget_line": 15, 
        "amount": "158.64", 
        "expense": 97, 
        "debit_or_credit": -1, 
        "subaccount": null
    }
},
{
    "pk": 104, 
    "model": "budget_app.expensebudgetline", 
    "fields": {
        "budget_line": 15, 
        "amount": "4.47", 
        "expense": 94, 
        "debit_or_credit": -1, 
        "subaccount": null
    }
},
{
    "pk": 105, 
    "model": "budget_app.expensebudgetline", 
    "fields": {
        "budget_line": 2, 
        "amount": "68.69", 
        "expense": 98, 
        "debit_or_credit": -1, 
        "subaccount": 2
    }
},
{
    "pk": 106, 
    "model": "budget_app.expensebudgetline", 
    "fields": {
        "budget_line": 15, 
        "amount": "22.58", 
        "expense": 98, 
        "debit_or_credit": -1, 
        "subaccount": null
    }
},
{
    "pk": 107, 
    "model": "budget_app.expensebudgetline", 
    "fields": {
        "budget_line": 15, 
        "amount": "37.85", 
        "expense": 99, 
        "debit_or_credit": -1, 
        "subaccount": null
    }
},
{
    "pk": 108, 
    "model": "budget_app.expensebudgetline", 
    "fields": {
        "budget_line": 15, 
        "amount": "20.69", 
        "expense": 100, 
        "debit_or_credit": -1, 
        "subaccount": null
    }
},
{
    "pk": 109, 
    "model": "budget_app.expensebudgetline", 
    "fields": {
        "budget_line": 15, 
        "amount": "47.59", 
        "expense": 101, 
        "debit_or_credit": -1, 
        "subaccount": null
    }
},
{
    "pk": 110, 
    "model": "budget_app.expensebudgetline", 
    "fields": {
        "budget_line": 15, 
        "amount": "71.12", 
        "expense": 102, 
        "debit_or_credit": -1, 
        "subaccount": null
    }
},
{
    "pk": 111, 
    "model": "budget_app.expensebudgetline", 
    "fields": {
        "budget_line": 15, 
        "amount": "203.09", 
        "expense": 103, 
        "debit_or_credit": -1, 
        "subaccount": null
    }
},
{
    "pk": 112, 
    "model": "budget_app.expensebudgetline", 
    "fields": {
        "budget_line": 15, 
        "amount": "34.51", 
        "expense": 104, 
        "debit_or_credit": -1, 
        "subaccount": null
    }
},
{
    "pk": 113, 
    "model": "budget_app.expensebudgetline", 
    "fields": {
        "budget_line": 15, 
        "amount": "8.71", 
        "expense": 105, 
        "debit_or_credit": -1, 
        "subaccount": null
    }
},
{
    "pk": 115, 
    "model": "budget_app.expensebudgetline", 
    "fields": {
        "budget_line": 15, 
        "amount": "41.33", 
        "expense": 107, 
        "debit_or_credit": -1, 
        "subaccount": null
    }
},
{
    "pk": 116, 
    "model": "budget_app.expensebudgetline", 
    "fields": {
        "budget_line": 15, 
        "amount": "11.4", 
        "expense": 108, 
        "debit_or_credit": -1, 
        "subaccount": null
    }
},
{
    "pk": 117, 
    "model": "budget_app.expensebudgetline", 
    "fields": {
        "budget_line": 15, 
        "amount": "18", 
        "expense": 109, 
        "debit_or_credit": -1, 
        "subaccount": null
    }
},
{
    "pk": 118, 
    "model": "budget_app.expensebudgetline", 
    "fields": {
        "budget_line": 16, 
        "amount": "1270", 
        "expense": 110, 
        "debit_or_credit": -1, 
        "subaccount": null
    }
},
{
    "pk": 119, 
    "model": "budget_app.expensebudgetline", 
    "fields": {
        "budget_line": 16, 
        "amount": "290.6", 
        "expense": 111, 
        "debit_or_credit": -1, 
        "subaccount": null
    }
},
{
    "pk": 120, 
    "model": "budget_app.expensebudgetline", 
    "fields": {
        "budget_line": 15, 
        "amount": "31.29", 
        "expense": 112, 
        "debit_or_credit": -1, 
        "subaccount": null
    }
},
{
    "pk": 121, 
    "model": "budget_app.expensebudgetline", 
    "fields": {
        "budget_line": 16, 
        "amount": "150", 
        "expense": 113, 
        "debit_or_credit": -1, 
        "subaccount": null
    }
},
{
    "pk": 122, 
    "model": "budget_app.expensebudgetline", 
    "fields": {
        "budget_line": 16, 
        "amount": "150", 
        "expense": 114, 
        "debit_or_credit": -1, 
        "subaccount": null
    }
},
{
    "pk": 123, 
    "model": "budget_app.expensebudgetline", 
    "fields": {
        "budget_line": 16, 
        "amount": "150", 
        "expense": 115, 
        "debit_or_credit": -1, 
        "subaccount": null
    }
},
{
    "pk": 124, 
    "model": "budget_app.expensebudgetline", 
    "fields": {
        "budget_line": 15, 
        "amount": "37.79", 
        "expense": 116, 
        "debit_or_credit": -1, 
        "subaccount": null
    }
},
{
    "pk": 125, 
    "model": "budget_app.expensebudgetline", 
    "fields": {
        "budget_line": 15, 
        "amount": "12.76", 
        "expense": 117, 
        "debit_or_credit": -1, 
        "subaccount": null
    }
},
{
    "pk": 126, 
    "model": "budget_app.expensebudgetline", 
    "fields": {
        "budget_line": 15, 
        "amount": "223.31", 
        "expense": 118, 
        "debit_or_credit": -1, 
        "subaccount": null
    }
},
{
    "pk": 127, 
    "model": "budget_app.expensebudgetline", 
    "fields": {
        "budget_line": 15, 
        "amount": "67.76", 
        "expense": 119, 
        "debit_or_credit": -1, 
        "subaccount": null
    }
},
{
    "pk": 128, 
    "model": "budget_app.expensebudgetline", 
    "fields": {
        "budget_line": 15, 
        "amount": "119.94", 
        "expense": 120, 
        "debit_or_credit": -1, 
        "subaccount": null
    }
},
{
    "pk": 129, 
    "model": "budget_app.expensebudgetline", 
    "fields": {
        "budget_line": 15, 
        "amount": "165.48", 
        "expense": 121, 
        "debit_or_credit": -1, 
        "subaccount": null
    }
},
{
    "pk": 130, 
    "model": "budget_app.expensebudgetline", 
    "fields": {
        "budget_line": 15, 
        "amount": "28.83", 
        "expense": 122, 
        "debit_or_credit": -1, 
        "subaccount": null
    }
},
{
    "pk": 131, 
    "model": "budget_app.expensebudgetline", 
    "fields": {
        "budget_line": 15, 
        "amount": "114.09", 
        "expense": 123, 
        "debit_or_credit": -1, 
        "subaccount": null
    }
},
{
    "pk": 132, 
    "model": "budget_app.expensebudgetline", 
    "fields": {
        "budget_line": 15, 
        "amount": "94.41", 
        "expense": 124, 
        "debit_or_credit": -1, 
        "subaccount": null
    }
},
{
    "pk": 133, 
    "model": "budget_app.expensebudgetline", 
    "fields": {
        "budget_line": 15, 
        "amount": "54.93", 
        "expense": 125, 
        "debit_or_credit": -1, 
        "subaccount": null
    }
},
{
    "pk": 134, 
    "model": "budget_app.expensebudgetline", 
    "fields": {
        "budget_line": 15, 
        "amount": "10.26", 
        "expense": 126, 
        "debit_or_credit": -1, 
        "subaccount": null
    }
},
{
    "pk": 135, 
    "model": "budget_app.expensebudgetline", 
    "fields": {
        "budget_line": 15, 
        "amount": "23.08", 
        "expense": 127, 
        "debit_or_credit": -1, 
        "subaccount": null
    }
},
{
    "pk": 136, 
    "model": "budget_app.expensebudgetline", 
    "fields": {
        "budget_line": 15, 
        "amount": "326.08", 
        "expense": 128, 
        "debit_or_credit": -1, 
        "subaccount": null
    }
},
{
    "pk": 137, 
    "model": "budget_app.expensebudgetline", 
    "fields": {
        "budget_line": 15, 
        "amount": "127.28", 
        "expense": 129, 
        "debit_or_credit": -1, 
        "subaccount": null
    }
},
{
    "pk": 138, 
    "model": "budget_app.expensebudgetline", 
    "fields": {
        "budget_line": 2, 
        "amount": "297.48", 
        "expense": 130, 
        "debit_or_credit": -1, 
        "subaccount": 14
    }
},
{
    "pk": 139, 
    "model": "budget_app.expensebudgetline", 
    "fields": {
        "budget_line": 15, 
        "amount": "113.06", 
        "expense": 131, 
        "debit_or_credit": -1, 
        "subaccount": null
    }
},
{
    "pk": 140, 
    "model": "budget_app.expensebudgetline", 
    "fields": {
        "budget_line": 15, 
        "amount": "116.78", 
        "expense": 132, 
        "debit_or_credit": -1, 
        "subaccount": null
    }
},
{
    "pk": 141, 
    "model": "budget_app.expensebudgetline", 
    "fields": {
        "budget_line": 2, 
        "amount": "51.9", 
        "expense": 133, 
        "debit_or_credit": -1, 
        "subaccount": 16
    }
},
{
    "pk": 142, 
    "model": "budget_app.expensebudgetline", 
    "fields": {
        "budget_line": 2, 
        "amount": "5.1", 
        "expense": 134, 
        "debit_or_credit": -1, 
        "subaccount": 16
    }
},
{
    "pk": 143, 
    "model": "budget_app.expensebudgetline", 
    "fields": {
        "budget_line": 15, 
        "amount": "208.63", 
        "expense": 135, 
        "debit_or_credit": -1, 
        "subaccount": null
    }
},
{
    "pk": 144, 
    "model": "budget_app.expensebudgetline", 
    "fields": {
        "budget_line": 2, 
        "amount": "14.95", 
        "expense": 136, 
        "debit_or_credit": -1, 
        "subaccount": 6
    }
},
{
    "pk": 145, 
    "model": "budget_app.expensebudgetline", 
    "fields": {
        "budget_line": 4, 
        "amount": "57.21", 
        "expense": 137, 
        "debit_or_credit": -1, 
        "subaccount": 11
    }
},
{
    "pk": 146, 
    "model": "budget_app.expensebudgetline", 
    "fields": {
        "budget_line": 14, 
        "amount": "1000", 
        "expense": 138, 
        "debit_or_credit": -1, 
        "subaccount": null
    }
},
{
    "pk": 147, 
    "model": "budget_app.expensebudgetline", 
    "fields": {
        "budget_line": 4, 
        "amount": "34.29", 
        "expense": 32, 
        "debit_or_credit": -1, 
        "subaccount": 11
    }
},
{
    "pk": 148, 
    "model": "budget_app.expensebudgetline", 
    "fields": {
        "budget_line": 4, 
        "amount": "43.45", 
        "expense": 32, 
        "debit_or_credit": -1, 
        "subaccount": 11
    }
},
{
    "pk": 149, 
    "model": "budget_app.expensebudgetline", 
    "fields": {
        "budget_line": 15, 
        "amount": "113.89", 
        "expense": 139, 
        "debit_or_credit": -1, 
        "subaccount": null
    }
},
{
    "pk": 150, 
    "model": "budget_app.expensebudgetline", 
    "fields": {
        "budget_line": 19, 
        "amount": "240", 
        "expense": 140, 
        "debit_or_credit": 1, 
        "subaccount": null
    }
},
{
    "pk": 151, 
    "model": "budget_app.expensebudgetline", 
    "fields": {
        "budget_line": 19, 
        "amount": "200", 
        "expense": 140, 
        "debit_or_credit": 1, 
        "subaccount": null
    }
},
{
    "pk": 152, 
    "model": "budget_app.expensebudgetline", 
    "fields": {
        "budget_line": 19, 
        "amount": "120", 
        "expense": 140, 
        "debit_or_credit": 1, 
        "subaccount": null
    }
},
{
    "pk": 153, 
    "model": "budget_app.expensebudgetline", 
    "fields": {
        "budget_line": 11, 
        "amount": "1979.4", 
        "expense": 141, 
        "debit_or_credit": 1, 
        "subaccount": null
    }
},
{
    "pk": 154, 
    "model": "budget_app.expensebudgetline", 
    "fields": {
        "budget_line": 11, 
        "amount": "500", 
        "expense": 142, 
        "debit_or_credit": 1, 
        "subaccount": null
    }
},
{
    "pk": 155, 
    "model": "budget_app.expensebudgetline", 
    "fields": {
        "budget_line": 2, 
        "amount": "11.37", 
        "expense": 143, 
        "debit_or_credit": 1, 
        "subaccount": 13
    }
},
{
    "pk": 156, 
    "model": "budget_app.expensebudgetline", 
    "fields": {
        "budget_line": 2, 
        "amount": "640", 
        "expense": 144, 
        "debit_or_credit": -1, 
        "subaccount": 14
    }
},
{
    "pk": 157, 
    "model": "budget_app.expensebudgetline", 
    "fields": {
        "budget_line": 2, 
        "amount": "11.37", 
        "expense": 145, 
        "debit_or_credit": -1, 
        "subaccount": 13
    }
},
{
    "pk": 158, 
    "model": "budget_app.expensebudgetline", 
    "fields": {
        "budget_line": 2, 
        "amount": "11.1", 
        "expense": 146, 
        "debit_or_credit": -1, 
        "subaccount": null
    }
},
{
    "pk": 159, 
    "model": "budget_app.expensebudgetline", 
    "fields": {
        "budget_line": 2, 
        "amount": "71.09", 
        "expense": 147, 
        "debit_or_credit": -1, 
        "subaccount": null
    }
},
{
    "pk": 160, 
    "model": "budget_app.expensebudgetline", 
    "fields": {
        "budget_line": 2, 
        "amount": "44.78", 
        "expense": 148, 
        "debit_or_credit": -1, 
        "subaccount": null
    }
},
{
    "pk": 161, 
    "model": "budget_app.expensebudgetline", 
    "fields": {
        "budget_line": 2, 
        "amount": "7.99", 
        "expense": 149, 
        "debit_or_credit": -1, 
        "subaccount": null
    }
},
{
    "pk": 162, 
    "model": "budget_app.expensebudgetline", 
    "fields": {
        "budget_line": 2, 
        "amount": "22.78", 
        "expense": 150, 
        "debit_or_credit": -1, 
        "subaccount": null
    }
},
{
    "pk": 163, 
    "model": "budget_app.expensebudgetline", 
    "fields": {
        "budget_line": 2, 
        "amount": "4.87", 
        "expense": 34, 
        "debit_or_credit": -1, 
        "subaccount": 19
    }
},
{
    "pk": 164, 
    "model": "budget_app.expensebudgetline", 
    "fields": {
        "budget_line": 2, 
        "amount": "20.27", 
        "expense": 151, 
        "debit_or_credit": -1, 
        "subaccount": 10
    }
},
{
    "pk": 165, 
    "model": "budget_app.expensebudgetline", 
    "fields": {
        "budget_line": 2, 
        "amount": "37.37", 
        "expense": 152, 
        "debit_or_credit": -1, 
        "subaccount": 10
    }
},
{
    "pk": 167, 
    "model": "budget_app.expensebudgetline", 
    "fields": {
        "budget_line": 1, 
        "amount": "579.96", 
        "expense": 154, 
        "debit_or_credit": -1, 
        "subaccount": null
    }
},
{
    "pk": 168, 
    "model": "budget_app.expensebudgetline", 
    "fields": {
        "budget_line": 1, 
        "amount": "445.33", 
        "expense": 155, 
        "debit_or_credit": -1, 
        "subaccount": null
    }
},
{
    "pk": 170, 
    "model": "budget_app.expensebudgetline", 
    "fields": {
        "budget_line": 1, 
        "amount": "648.96", 
        "expense": 157, 
        "debit_or_credit": -1, 
        "subaccount": null
    }
},
{
    "pk": 171, 
    "model": "budget_app.expensebudgetline", 
    "fields": {
        "budget_line": 1, 
        "amount": "525.3", 
        "expense": 158, 
        "debit_or_credit": -1, 
        "subaccount": null
    }
},
{
    "pk": 172, 
    "model": "budget_app.expensebudgetline", 
    "fields": {
        "budget_line": 6, 
        "amount": "447.98", 
        "expense": 159, 
        "debit_or_credit": -1, 
        "subaccount": null
    }
},
{
    "pk": 173, 
    "model": "budget_app.expensebudgetline", 
    "fields": {
        "budget_line": 6, 
        "amount": "303.16", 
        "expense": 160, 
        "debit_or_credit": -1, 
        "subaccount": null
    }
},
{
    "pk": 174, 
    "model": "budget_app.expensebudgetline", 
    "fields": {
        "budget_line": 7, 
        "amount": "8.35", 
        "expense": 161, 
        "debit_or_credit": -1, 
        "subaccount": null
    }
},
{
    "pk": 175, 
    "model": "budget_app.expensebudgetline", 
    "fields": {
        "budget_line": 7, 
        "amount": "0.38", 
        "expense": 162, 
        "debit_or_credit": -1, 
        "subaccount": null
    }
},
{
    "pk": 176, 
    "model": "budget_app.expensebudgetline", 
    "fields": {
        "budget_line": 7, 
        "amount": "4.16", 
        "expense": 163, 
        "debit_or_credit": -1, 
        "subaccount": null
    }
},
{
    "pk": 177, 
    "model": "budget_app.expensebudgetline", 
    "fields": {
        "budget_line": 7, 
        "amount": "0.4", 
        "expense": 164, 
        "debit_or_credit": -1, 
        "subaccount": null
    }
},
{
    "pk": 178, 
    "model": "budget_app.expensebudgetline", 
    "fields": {
        "budget_line": 7, 
        "amount": "0.66", 
        "expense": 165, 
        "debit_or_credit": -1, 
        "subaccount": null
    }
},
{
    "pk": 179, 
    "model": "budget_app.expensebudgetline", 
    "fields": {
        "budget_line": 7, 
        "amount": "0.02", 
        "expense": 166, 
        "debit_or_credit": -1, 
        "subaccount": null
    }
},
{
    "pk": 180, 
    "model": "budget_app.expensebudgetline", 
    "fields": {
        "budget_line": 8, 
        "amount": "85.31", 
        "expense": 167, 
        "debit_or_credit": -1, 
        "subaccount": null
    }
},
{
    "pk": 181, 
    "model": "budget_app.expensebudgetline", 
    "fields": {
        "budget_line": 8, 
        "amount": "95.87", 
        "expense": 168, 
        "debit_or_credit": -1, 
        "subaccount": null
    }
},
{
    "pk": 182, 
    "model": "budget_app.expensebudgetline", 
    "fields": {
        "budget_line": 8, 
        "amount": "1.9", 
        "expense": 169, 
        "debit_or_credit": -1, 
        "subaccount": null
    }
},
{
    "pk": 183, 
    "model": "budget_app.expensebudgetline", 
    "fields": {
        "budget_line": 8, 
        "amount": "107.77", 
        "expense": 170, 
        "debit_or_credit": -1, 
        "subaccount": null
    }
},
{
    "pk": 184, 
    "model": "budget_app.expensebudgetline", 
    "fields": {
        "budget_line": 9, 
        "amount": "105.4", 
        "expense": 171, 
        "debit_or_credit": -1, 
        "subaccount": null
    }
},
{
    "pk": 185, 
    "model": "budget_app.expensebudgetline", 
    "fields": {
        "budget_line": 9, 
        "amount": "29.05", 
        "expense": 172, 
        "debit_or_credit": -1, 
        "subaccount": null
    }
},
{
    "pk": 186, 
    "model": "budget_app.expensebudgetline", 
    "fields": {
        "budget_line": 9, 
        "amount": "26.24", 
        "expense": 173, 
        "debit_or_credit": -1, 
        "subaccount": null
    }
},
{
    "pk": 187, 
    "model": "budget_app.expensebudgetline", 
    "fields": {
        "budget_line": 9, 
        "amount": "49.98", 
        "expense": 174, 
        "debit_or_credit": -1, 
        "subaccount": null
    }
},
{
    "pk": 188, 
    "model": "budget_app.expensebudgetline", 
    "fields": {
        "budget_line": 9, 
        "amount": "47.5", 
        "expense": 175, 
        "debit_or_credit": -1, 
        "subaccount": null
    }
},
{
    "pk": 189, 
    "model": "budget_app.expensebudgetline", 
    "fields": {
        "budget_line": 13, 
        "amount": "83.31", 
        "expense": 176, 
        "debit_or_credit": -1, 
        "subaccount": null
    }
},
{
    "pk": 190, 
    "model": "budget_app.expensebudgetline", 
    "fields": {
        "budget_line": 11, 
        "amount": "110", 
        "expense": 177, 
        "debit_or_credit": -1, 
        "subaccount": null
    }
},
{
    "pk": 191, 
    "model": "budget_app.expensebudgetline", 
    "fields": {
        "budget_line": 11, 
        "amount": "614.3", 
        "expense": 178, 
        "debit_or_credit": -1, 
        "subaccount": null
    }
},
{
    "pk": 192, 
    "model": "budget_app.expensebudgetline", 
    "fields": {
        "budget_line": 2, 
        "amount": "32", 
        "expense": 179, 
        "debit_or_credit": -1, 
        "subaccount": 10
    }
},
{
    "pk": 193, 
    "model": "budget_app.expensebudgetline", 
    "fields": {
        "budget_line": 4, 
        "amount": "719.1", 
        "expense": 180, 
        "debit_or_credit": 1, 
        "subaccount": 11
    }
},
{
    "pk": 194, 
    "model": "budget_app.expensebudgetline", 
    "fields": {
        "budget_line": 4, 
        "amount": "719", 
        "expense": 181, 
        "debit_or_credit": -1, 
        "subaccount": 11
    }
},
{
    "pk": 195, 
    "model": "budget_app.expensebudgetline", 
    "fields": {
        "budget_line": 4, 
        "amount": "705.3", 
        "expense": 182, 
        "debit_or_credit": -1, 
        "subaccount": 38
    }
},
{
    "pk": 196, 
    "model": "budget_app.expensebudgetline", 
    "fields": {
        "budget_line": 4, 
        "amount": "103.18", 
        "expense": 183, 
        "debit_or_credit": -1, 
        "subaccount": 10
    }
},
{
    "pk": 197, 
    "model": "budget_app.expensebudgetline", 
    "fields": {
        "budget_line": 4, 
        "amount": "169.9", 
        "expense": 184, 
        "debit_or_credit": -1, 
        "subaccount": 11
    }
},
{
    "pk": 198, 
    "model": "budget_app.expensebudgetline", 
    "fields": {
        "budget_line": 2, 
        "amount": "650", 
        "expense": 185, 
        "debit_or_credit": 1, 
        "subaccount": 16
    }
},
{
    "pk": 199, 
    "model": "budget_app.expensebudgetline", 
    "fields": {
        "budget_line": 15, 
        "amount": "114.52", 
        "expense": 186, 
        "debit_or_credit": -1, 
        "subaccount": null
    }
},
{
    "pk": 200, 
    "model": "budget_app.expensebudgetline", 
    "fields": {
        "budget_line": 12, 
        "amount": "12", 
        "expense": 187, 
        "debit_or_credit": -1, 
        "subaccount": null
    }
},
{
    "pk": 201, 
    "model": "budget_app.expensebudgetline", 
    "fields": {
        "budget_line": 12, 
        "amount": "9", 
        "expense": 188, 
        "debit_or_credit": -1, 
        "subaccount": null
    }
},
{
    "pk": 202, 
    "model": "budget_app.expensebudgetline", 
    "fields": {
        "budget_line": 12, 
        "amount": "33", 
        "expense": 189, 
        "debit_or_credit": -1, 
        "subaccount": null
    }
},
{
    "pk": 203, 
    "model": "budget_app.expensebudgetline", 
    "fields": {
        "budget_line": 15, 
        "amount": "57.9", 
        "expense": 190, 
        "debit_or_credit": -1, 
        "subaccount": null
    }
},
{
    "pk": 204, 
    "model": "budget_app.expensebudgetline", 
    "fields": {
        "budget_line": 2, 
        "amount": "37.74", 
        "expense": 190, 
        "debit_or_credit": -1, 
        "subaccount": 2
    }
},
{
    "pk": 205, 
    "model": "budget_app.expensebudgetline", 
    "fields": {
        "budget_line": 15, 
        "amount": "15.19", 
        "expense": 191, 
        "debit_or_credit": -1, 
        "subaccount": null
    }
},
{
    "pk": 206, 
    "model": "budget_app.expensebudgetline", 
    "fields": {
        "budget_line": 15, 
        "amount": "15.91", 
        "expense": 192, 
        "debit_or_credit": -1, 
        "subaccount": null
    }
},
{
    "pk": 207, 
    "model": "budget_app.expensebudgetline", 
    "fields": {
        "budget_line": 15, 
        "amount": "297.48", 
        "expense": 193, 
        "debit_or_credit": 1, 
        "subaccount": null
    }
},
{
    "pk": 208, 
    "model": "budget_app.expensebudgetline", 
    "fields": {
        "budget_line": 15, 
        "amount": "73.9", 
        "expense": 194, 
        "debit_or_credit": -1, 
        "subaccount": null
    }
},
{
    "pk": 209, 
    "model": "budget_app.expensebudgetline", 
    "fields": {
        "budget_line": 12, 
        "amount": "341.13", 
        "expense": 195, 
        "debit_or_credit": 1, 
        "subaccount": null
    }
},
{
    "pk": 210, 
    "model": "budget_app.expensebudgetline", 
    "fields": {
        "budget_line": 2, 
        "amount": "341.13", 
        "expense": 195, 
        "debit_or_credit": -1, 
        "subaccount": 12
    }
},
{
    "pk": 211, 
    "model": "budget_app.expensebudgetline", 
    "fields": {
        "budget_line": 15, 
        "amount": "222.52", 
        "expense": 196, 
        "debit_or_credit": -1, 
        "subaccount": null
    }
},
{
    "pk": 212, 
    "model": "budget_app.expensebudgetline", 
    "fields": {
        "budget_line": 15, 
        "amount": "109.17", 
        "expense": 197, 
        "debit_or_credit": -1, 
        "subaccount": null
    }
},
{
    "pk": 213, 
    "model": "budget_app.expensebudgetline", 
    "fields": {
        "budget_line": 2, 
        "amount": "291.63", 
        "expense": 198, 
        "debit_or_credit": -1, 
        "subaccount": 2
    }
},
{
    "pk": 214, 
    "model": "budget_app.expensebudgetline", 
    "fields": {
        "budget_line": 15, 
        "amount": "139.65", 
        "expense": 199, 
        "debit_or_credit": -1, 
        "subaccount": null
    }
},
{
    "pk": 215, 
    "model": "budget_app.expensebudgetline", 
    "fields": {
        "budget_line": 20, 
        "amount": "44454.52", 
        "expense": 200, 
        "debit_or_credit": 1, 
        "subaccount": null
    }
},
{
    "pk": 216, 
    "model": "budget_app.expensebudgetline", 
    "fields": {
        "budget_line": 2, 
        "amount": "32", 
        "expense": 201, 
        "debit_or_credit": 1, 
        "subaccount": 10
    }
},
{
    "pk": 217, 
    "model": "budget_app.expensebudgetline", 
    "fields": {
        "budget_line": 2, 
        "amount": "54", 
        "expense": 202, 
        "debit_or_credit": -1, 
        "subaccount": 17
    }
},
{
    "pk": 218, 
    "model": "budget_app.expensebudgetline", 
    "fields": {
        "budget_line": 2, 
        "amount": "37.65", 
        "expense": 203, 
        "debit_or_credit": -1, 
        "subaccount": 2
    }
},
{
    "pk": 219, 
    "model": "budget_app.expensebudgetline", 
    "fields": {
        "budget_line": 2, 
        "amount": "175.54", 
        "expense": 204, 
        "debit_or_credit": -1, 
        "subaccount": 2
    }
},
{
    "pk": 220, 
    "model": "budget_app.expensebudgetline", 
    "fields": {
        "budget_line": 15, 
        "amount": "727.05", 
        "expense": 205, 
        "debit_or_credit": -1, 
        "subaccount": null
    }
},
{
    "pk": 221, 
    "model": "budget_app.expensebudgetline", 
    "fields": {
        "budget_line": 15, 
        "amount": "282.85", 
        "expense": 206, 
        "debit_or_credit": -1, 
        "subaccount": null
    }
},
{
    "pk": 222, 
    "model": "budget_app.expensebudgetline", 
    "fields": {
        "budget_line": 20, 
        "amount": "1100", 
        "expense": 207, 
        "debit_or_credit": -1, 
        "subaccount": null
    }
},
{
    "pk": 223, 
    "model": "budget_app.expensebudgetline", 
    "fields": {
        "budget_line": 20, 
        "amount": "8495", 
        "expense": 208, 
        "debit_or_credit": -1, 
        "subaccount": null
    }
},
{
    "pk": 224, 
    "model": "budget_app.expensebudgetline", 
    "fields": {
        "budget_line": 15, 
        "amount": "80.73", 
        "expense": 209, 
        "debit_or_credit": -1, 
        "subaccount": null
    }
},
{
    "pk": 225, 
    "model": "budget_app.expensebudgetline", 
    "fields": {
        "budget_line": 20, 
        "amount": "727.21", 
        "expense": 210, 
        "debit_or_credit": -1, 
        "subaccount": null
    }
},
{
    "pk": 226, 
    "model": "budget_app.expensebudgetline", 
    "fields": {
        "budget_line": 20, 
        "amount": "484.7", 
        "expense": 211, 
        "debit_or_credit": -1, 
        "subaccount": null
    }
},
{
    "pk": 227, 
    "model": "budget_app.expensebudgetline", 
    "fields": {
        "budget_line": 20, 
        "amount": "485.53", 
        "expense": 212, 
        "debit_or_credit": -1, 
        "subaccount": null
    }
},
{
    "pk": 229, 
    "model": "budget_app.expensebudgetline", 
    "fields": {
        "budget_line": 2, 
        "amount": "2000", 
        "expense": 214, 
        "debit_or_credit": -1, 
        "subaccount": 38
    }
},
{
    "pk": 230, 
    "model": "budget_app.expensebudgetline", 
    "fields": {
        "budget_line": 2, 
        "amount": "45", 
        "expense": 215, 
        "debit_or_credit": -1, 
        "subaccount": 2
    }
},
{
    "pk": 231, 
    "model": "budget_app.expensebudgetline", 
    "fields": {
        "budget_line": 2, 
        "amount": "65.74", 
        "expense": 216, 
        "debit_or_credit": -1, 
        "subaccount": 2
    }
},
{
    "pk": 232, 
    "model": "budget_app.expensebudgetline", 
    "fields": {
        "budget_line": 2, 
        "amount": "72.96", 
        "expense": 217, 
        "debit_or_credit": -1, 
        "subaccount": 1
    }
},
{
    "pk": 233, 
    "model": "budget_app.expensebudgetline", 
    "fields": {
        "budget_line": 2, 
        "amount": "41.47", 
        "expense": 218, 
        "debit_or_credit": -1, 
        "subaccount": 2
    }
},
{
    "pk": 234, 
    "model": "budget_app.expensebudgetline", 
    "fields": {
        "budget_line": 2, 
        "amount": "151.64", 
        "expense": 219, 
        "debit_or_credit": -1, 
        "subaccount": 2
    }
},
{
    "pk": 235, 
    "model": "budget_app.expensebudgetline", 
    "fields": {
        "budget_line": 2, 
        "amount": "38.53", 
        "expense": 220, 
        "debit_or_credit": -1, 
        "subaccount": 2
    }
},
{
    "pk": 236, 
    "model": "budget_app.expensebudgetline", 
    "fields": {
        "budget_line": 2, 
        "amount": "52.14", 
        "expense": 221, 
        "debit_or_credit": -1, 
        "subaccount": 2
    }
},
{
    "pk": 237, 
    "model": "budget_app.expensebudgetline", 
    "fields": {
        "budget_line": 2, 
        "amount": "538.08", 
        "expense": 222, 
        "debit_or_credit": -1, 
        "subaccount": 2
    }
},
{
    "pk": 238, 
    "model": "budget_app.expensebudgetline", 
    "fields": {
        "budget_line": 2, 
        "amount": "56.99", 
        "expense": 223, 
        "debit_or_credit": -1, 
        "subaccount": 2
    }
},
{
    "pk": 239, 
    "model": "budget_app.expensebudgetline", 
    "fields": {
        "budget_line": 2, 
        "amount": "20.79", 
        "expense": 224, 
        "debit_or_credit": -1, 
        "subaccount": 2
    }
},
{
    "pk": 240, 
    "model": "budget_app.expensebudgetline", 
    "fields": {
        "budget_line": 2, 
        "amount": "65.74", 
        "expense": 225, 
        "debit_or_credit": -1, 
        "subaccount": 2
    }
},
{
    "pk": 241, 
    "model": "budget_app.expensebudgetline", 
    "fields": {
        "budget_line": 11, 
        "amount": "1444.8", 
        "expense": 226, 
        "debit_or_credit": -1, 
        "subaccount": null
    }
},
{
    "pk": 242, 
    "model": "budget_app.expensebudgetline", 
    "fields": {
        "budget_line": 2, 
        "amount": "39.38", 
        "expense": 227, 
        "debit_or_credit": -1, 
        "subaccount": 2
    }
},
{
    "pk": 243, 
    "model": "budget_app.expensebudgetline", 
    "fields": {
        "budget_line": 15, 
        "amount": "101.33", 
        "expense": 228, 
        "debit_or_credit": -1, 
        "subaccount": null
    }
},
{
    "pk": 244, 
    "model": "budget_app.expensebudgetline", 
    "fields": {
        "budget_line": 2, 
        "amount": "15.54", 
        "expense": 229, 
        "debit_or_credit": -1, 
        "subaccount": 10
    }
},
{
    "pk": 245, 
    "model": "budget_app.expensebudgetline", 
    "fields": {
        "budget_line": 4, 
        "amount": "44.29", 
        "expense": 229, 
        "debit_or_credit": -1, 
        "subaccount": 11
    }
},
{
    "pk": 246, 
    "model": "budget_app.expensebudgetline", 
    "fields": {
        "budget_line": 2, 
        "amount": "82.14", 
        "expense": 230, 
        "debit_or_credit": -1, 
        "subaccount": 10
    }
},
{
    "pk": 247, 
    "model": "budget_app.expensebudgetline", 
    "fields": {
        "budget_line": 15, 
        "amount": "155.34", 
        "expense": 231, 
        "debit_or_credit": -1, 
        "subaccount": null
    }
},
{
    "pk": 248, 
    "model": "budget_app.expensebudgetline", 
    "fields": {
        "budget_line": 2, 
        "amount": "9.81", 
        "expense": 232, 
        "debit_or_credit": -1, 
        "subaccount": 10
    }
},
{
    "pk": 249, 
    "model": "budget_app.expensebudgetline", 
    "fields": {
        "budget_line": 2, 
        "amount": "93.81", 
        "expense": 233, 
        "debit_or_credit": -1, 
        "subaccount": 10
    }
},
{
    "pk": 250, 
    "model": "budget_app.expensebudgetline", 
    "fields": {
        "budget_line": 15, 
        "amount": "27.42", 
        "expense": 233, 
        "debit_or_credit": -1, 
        "subaccount": null
    }
},
{
    "pk": 251, 
    "model": "budget_app.expensebudgetline", 
    "fields": {
        "budget_line": 15, 
        "amount": "56.32", 
        "expense": 234, 
        "debit_or_credit": -1, 
        "subaccount": null
    }
},
{
    "pk": 252, 
    "model": "budget_app.expensebudgetline", 
    "fields": {
        "budget_line": 15, 
        "amount": "9.93", 
        "expense": 235, 
        "debit_or_credit": -1, 
        "subaccount": null
    }
},
{
    "pk": 253, 
    "model": "budget_app.expensebudgetline", 
    "fields": {
        "budget_line": 15, 
        "amount": "129", 
        "expense": 236, 
        "debit_or_credit": -1, 
        "subaccount": null
    }
},
{
    "pk": 254, 
    "model": "budget_app.expensebudgetline", 
    "fields": {
        "budget_line": 16, 
        "amount": "356.2", 
        "expense": 237, 
        "debit_or_credit": -1, 
        "subaccount": null
    }
},
{
    "pk": 255, 
    "model": "budget_app.expensebudgetline", 
    "fields": {
        "budget_line": 15, 
        "amount": "30.8", 
        "expense": 238, 
        "debit_or_credit": -1, 
        "subaccount": null
    }
},
{
    "pk": 256, 
    "model": "budget_app.expensebudgetline", 
    "fields": {
        "budget_line": 12, 
        "amount": "24", 
        "expense": 239, 
        "debit_or_credit": -1, 
        "subaccount": null
    }
},
{
    "pk": 257, 
    "model": "budget_app.expensebudgetline", 
    "fields": {
        "budget_line": 20, 
        "amount": "157.22", 
        "expense": 240, 
        "debit_or_credit": -1, 
        "subaccount": null
    }
},
{
    "pk": 258, 
    "model": "budget_app.expensebudgetline", 
    "fields": {
        "budget_line": 15, 
        "amount": "336", 
        "expense": 241, 
        "debit_or_credit": -1, 
        "subaccount": null
    }
},
{
    "pk": 259, 
    "model": "budget_app.expensebudgetline", 
    "fields": {
        "budget_line": 15, 
        "amount": "119.2", 
        "expense": 242, 
        "debit_or_credit": -1, 
        "subaccount": null
    }
},
{
    "pk": 260, 
    "model": "budget_app.expensebudgetline", 
    "fields": {
        "budget_line": 15, 
        "amount": "98.95", 
        "expense": 243, 
        "debit_or_credit": -1, 
        "subaccount": null
    }
},
{
    "pk": 261, 
    "model": "budget_app.expensebudgetline", 
    "fields": {
        "budget_line": 2, 
        "amount": "56.18", 
        "expense": 244, 
        "debit_or_credit": -1, 
        "subaccount": 20
    }
},
{
    "pk": 262, 
    "model": "budget_app.expensebudgetline", 
    "fields": {
        "budget_line": 2, 
        "amount": "50.04", 
        "expense": 245, 
        "debit_or_credit": -1, 
        "subaccount": 10
    }
},
{
    "pk": 263, 
    "model": "budget_app.expensebudgetline", 
    "fields": {
        "budget_line": 15, 
        "amount": "92.01", 
        "expense": 245, 
        "debit_or_credit": -1, 
        "subaccount": null
    }
},
{
    "pk": 264, 
    "model": "budget_app.expensebudgetline", 
    "fields": {
        "budget_line": 2, 
        "amount": "500", 
        "expense": 246, 
        "debit_or_credit": -1, 
        "subaccount": 14
    }
},
{
    "pk": 265, 
    "model": "budget_app.expensebudgetline", 
    "fields": {
        "budget_line": 2, 
        "amount": "500", 
        "expense": 246, 
        "debit_or_credit": -1, 
        "subaccount": 15
    }
},
{
    "pk": 266, 
    "model": "budget_app.expensebudgetline", 
    "fields": {
        "budget_line": 2, 
        "amount": "51.06", 
        "expense": 247, 
        "debit_or_credit": -1, 
        "subaccount": 18
    }
},
{
    "pk": 267, 
    "model": "budget_app.expensebudgetline", 
    "fields": {
        "budget_line": 15, 
        "amount": "47.08", 
        "expense": 248, 
        "debit_or_credit": -1, 
        "subaccount": null
    }
},
{
    "pk": 268, 
    "model": "budget_app.expensebudgetline", 
    "fields": {
        "budget_line": 2, 
        "amount": "14.34", 
        "expense": 248, 
        "debit_or_credit": -1, 
        "subaccount": 10
    }
},
{
    "pk": 269, 
    "model": "budget_app.expensebudgetline", 
    "fields": {
        "budget_line": 15, 
        "amount": "28.63", 
        "expense": 249, 
        "debit_or_credit": -1, 
        "subaccount": null
    }
},
{
    "pk": 270, 
    "model": "budget_app.expensebudgetline", 
    "fields": {
        "budget_line": 4, 
        "amount": "56.16", 
        "expense": 250, 
        "debit_or_credit": -1, 
        "subaccount": 11
    }
},
{
    "pk": 271, 
    "model": "budget_app.expensebudgetline", 
    "fields": {
        "budget_line": 4, 
        "amount": "56.16", 
        "expense": 250, 
        "debit_or_credit": -1, 
        "subaccount": 11
    }
},
{
    "pk": 272, 
    "model": "budget_app.expensebudgetline", 
    "fields": {
        "budget_line": 9, 
        "amount": "18.73", 
        "expense": 251, 
        "debit_or_credit": -1, 
        "subaccount": null
    }
},
{
    "pk": 273, 
    "model": "budget_app.expensebudgetline", 
    "fields": {
        "budget_line": 15, 
        "amount": "51", 
        "expense": 252, 
        "debit_or_credit": -1, 
        "subaccount": null
    }
},
{
    "pk": 274, 
    "model": "budget_app.expensebudgetline", 
    "fields": {
        "budget_line": 15, 
        "amount": "19.49", 
        "expense": 253, 
        "debit_or_credit": -1, 
        "subaccount": null
    }
},
{
    "pk": 275, 
    "model": "budget_app.expensebudgetline", 
    "fields": {
        "budget_line": 15, 
        "amount": "35.09", 
        "expense": 254, 
        "debit_or_credit": -1, 
        "subaccount": null
    }
},
{
    "pk": 276, 
    "model": "budget_app.expensebudgetline", 
    "fields": {
        "budget_line": 16, 
        "amount": "476.2", 
        "expense": 255, 
        "debit_or_credit": -1, 
        "subaccount": null
    }
},
{
    "pk": 277, 
    "model": "budget_app.expensebudgetline", 
    "fields": {
        "budget_line": 15, 
        "amount": "82.86", 
        "expense": 256, 
        "debit_or_credit": -1, 
        "subaccount": null
    }
},
{
    "pk": 278, 
    "model": "budget_app.expensebudgetline", 
    "fields": {
        "budget_line": 15, 
        "amount": "224.98", 
        "expense": 257, 
        "debit_or_credit": -1, 
        "subaccount": null
    }
},
{
    "pk": 279, 
    "model": "budget_app.expensebudgetline", 
    "fields": {
        "budget_line": 15, 
        "amount": "19.76", 
        "expense": 258, 
        "debit_or_credit": -1, 
        "subaccount": null
    }
},
{
    "pk": 280, 
    "model": "budget_app.expensebudgetline", 
    "fields": {
        "budget_line": 15, 
        "amount": "155.62", 
        "expense": 259, 
        "debit_or_credit": -1, 
        "subaccount": null
    }
},
{
    "pk": 281, 
    "model": "budget_app.expensebudgetline", 
    "fields": {
        "budget_line": 15, 
        "amount": "172.73", 
        "expense": 260, 
        "debit_or_credit": -1, 
        "subaccount": null
    }
},
{
    "pk": 282, 
    "model": "budget_app.expensebudgetline", 
    "fields": {
        "budget_line": 15, 
        "amount": "153.03", 
        "expense": 261, 
        "debit_or_credit": -1, 
        "subaccount": null
    }
},
{
    "pk": 283, 
    "model": "budget_app.expensebudgetline", 
    "fields": {
        "budget_line": 15, 
        "amount": "58.1", 
        "expense": 262, 
        "debit_or_credit": -1, 
        "subaccount": null
    }
},
{
    "pk": 284, 
    "model": "budget_app.expensebudgetline", 
    "fields": {
        "budget_line": 15, 
        "amount": "281.36", 
        "expense": 263, 
        "debit_or_credit": -1, 
        "subaccount": null
    }
},
{
    "pk": 285, 
    "model": "budget_app.expensebudgetline", 
    "fields": {
        "budget_line": 15, 
        "amount": "136.69", 
        "expense": 264, 
        "debit_or_credit": -1, 
        "subaccount": null
    }
},
{
    "pk": 286, 
    "model": "budget_app.expensebudgetline", 
    "fields": {
        "budget_line": 2, 
        "amount": "506.47", 
        "expense": 265, 
        "debit_or_credit": -1, 
        "subaccount": 15
    }
},
{
    "pk": 287, 
    "model": "budget_app.expensebudgetline", 
    "fields": {
        "budget_line": 2, 
        "amount": "82.09", 
        "expense": 266, 
        "debit_or_credit": -1, 
        "subaccount": 1
    }
},
{
    "pk": 288, 
    "model": "budget_app.expensebudgetline", 
    "fields": {
        "budget_line": 12, 
        "amount": "118.22", 
        "expense": 267, 
        "debit_or_credit": -1, 
        "subaccount": null
    }
},
{
    "pk": 289, 
    "model": "budget_app.expensebudgetline", 
    "fields": {
        "budget_line": 2, 
        "amount": "100.03", 
        "expense": 268, 
        "debit_or_credit": -1, 
        "subaccount": 10
    }
},
{
    "pk": 290, 
    "model": "budget_app.expensebudgetline", 
    "fields": {
        "budget_line": 14, 
        "amount": "2900", 
        "expense": 269, 
        "debit_or_credit": -1, 
        "subaccount": null
    }
},
{
    "pk": 291, 
    "model": "budget_app.expensebudgetline", 
    "fields": {
        "budget_line": 12, 
        "amount": "18", 
        "expense": 270, 
        "debit_or_credit": -1, 
        "subaccount": null
    }
},
{
    "pk": 292, 
    "model": "budget_app.expensebudgetline", 
    "fields": {
        "budget_line": 2, 
        "amount": "65.59", 
        "expense": 271, 
        "debit_or_credit": -1, 
        "subaccount": 21
    }
},
{
    "pk": 293, 
    "model": "budget_app.expensebudgetline", 
    "fields": {
        "budget_line": 15, 
        "amount": "21.76", 
        "expense": 272, 
        "debit_or_credit": -1, 
        "subaccount": null
    }
},
{
    "pk": 294, 
    "model": "budget_app.expensebudgetline", 
    "fields": {
        "budget_line": 11, 
        "amount": "2000", 
        "expense": 273, 
        "debit_or_credit": 1, 
        "subaccount": null
    }
},
{
    "pk": 295, 
    "model": "budget_app.expensebudgetline", 
    "fields": {
        "budget_line": 11, 
        "amount": "1000", 
        "expense": 274, 
        "debit_or_credit": 1, 
        "subaccount": null
    }
},
{
    "pk": 296, 
    "model": "budget_app.expensebudgetline", 
    "fields": {
        "budget_line": 2, 
        "amount": "76.12", 
        "expense": 275, 
        "debit_or_credit": -1, 
        "subaccount": 15
    }
},
{
    "pk": 297, 
    "model": "budget_app.expensebudgetline", 
    "fields": {
        "budget_line": 2, 
        "amount": "42.96", 
        "expense": 276, 
        "debit_or_credit": -1, 
        "subaccount": 1
    }
},
{
    "pk": 298, 
    "model": "budget_app.expensebudgetline", 
    "fields": {
        "budget_line": 2, 
        "amount": "43.5", 
        "expense": 276, 
        "debit_or_credit": -1, 
        "subaccount": 10
    }
},
{
    "pk": 1, 
    "model": "budget_app.userpreferences", 
    "fields": {
        "view_checked_only": false, 
        "view_future_only": false, 
        "user": 2, 
        "view_encumbrances_only": false, 
        "fiscal_year_to_view": 1
    }
},
{
    "pk": 2, 
    "model": "budget_app.userpreferences", 
    "fields": {
        "view_checked_only": false, 
        "view_future_only": false, 
        "user": 3, 
        "view_encumbrances_only": false, 
        "fiscal_year_to_view": 1
    }
},
{
    "pk": 1, 
    "model": "budget_app.note", 
    "fields": {
        "note": "KK: Department to continue to pay for gas for balloon launches until the current supply is exhausted (two launches).  These launches will cost $500 each.  After this, NSL will cover the gas, but the launch cost will increase to $600.", 
        "created_at": "2014-10-09T18:14:15.015Z", 
        "updated_at": "2014-10-11T20:10:58.955Z", 
        "year": 1
    }
},
{
    "pk": 2, 
    "model": "budget_app.note", 
    "fields": {
        "note": "WB: 2015 FY will have an $8,000 charge for Mathematica license renewal", 
        "created_at": "2014-10-28T18:47:07.832Z", 
        "updated_at": "2014-10-28T18:47:07.836Z", 
        "year": 1
    }
},
{
    "pk": 3, 
    "model": "budget_app.note", 
    "fields": {
        "note": "Non-Vaisala rollover money that we can spend: $6508.82", 
        "created_at": "2014-11-19T14:13:17.137Z", 
        "updated_at": "2014-11-19T14:13:17.141Z", 
        "year": 1
    }
},
{
    "pk": 4, 
    "model": "budget_app.note", 
    "fields": {
        "note": "For EULER credit card reports:\r\nDesc: WAB Physics ESC, description, (EULER); \r\nFund: P1036; Acct: 14291\r\n", 
        "created_at": "2015-01-13T18:46:04.137Z", 
        "updated_at": "2015-01-13T18:47:04.504Z", 
        "year": 1
    }
},
{
    "pk": 5, 
    "model": "budget_app.note", 
    "fields": {
        "note": "ELEOSAT accounts: Travel ELEO27; Outside services: ELEO39; Operating supplies: ELEO40", 
        "created_at": "2015-01-13T18:48:38.315Z", 
        "updated_at": "2015-01-13T18:48:38.320Z", 
        "year": 1
    }
},
{
    "pk": 6, 
    "model": "budget_app.note", 
    "fields": {
        "note": "Make sure course fees (e.g. ENP231) get transferred from 132092 to 132020 in Banner as well as in budget tracker.", 
        "created_at": "2015-01-15T17:28:07.363Z", 
        "updated_at": "2015-01-15T17:28:07.368Z", 
        "year": 1
    }
},
{
    "pk": 7, 
    "model": "budget_app.note", 
    "fields": {
        "note": "The dept has pledged $500 in matching support for David Cusick's attendance at the APS March Mtg.  Hopefully Roberto Ramos will send us $175, but if not, we have pledged to cover the full amount.", 
        "created_at": "2015-01-15T22:11:21.316Z", 
        "updated_at": "2015-01-15T22:11:21.320Z", 
        "year": 1
    }
}
]
